{
"type": "FeatureCollection",
"name": "boundary",
"crs": { "type": "name", "properties": { "name": "urn:ogc:def:crs:OGC:1.3:CRS84" } },
"features": [
{ "type": "Feature", "properties": { "id": "b9f55b05-e774-49f2-b019-9df272c7aa4d", "region_name": "Phường Cam Ly - Đà Lạt", "country": "VN", "subtype": "locality", "class": "land" }, "geometry": { "type": "Polygon", "coordinates": [ [ [ 108.3160061, 11.9258821 ], [ 108.3159523, 11.9258226 ], [ 108.3158934, 11.9257679 ], [ 108.3155635, 11.9255357 ], [ 108.3156827, 11.9255754 ], [ 108.3158042, 11.9256077 ], [ 108.3159275, 11.9256324 ], [ 108.3160522, 11.9256496 ], [ 108.3161777, 11.925659 ], [ 108.3162924, 11.9256609 ], [ 108.316407, 11.9256554 ], [ 108.3165209, 11.9256425 ], [ 108.3166337, 11.9256223 ], [ 108.3167536, 11.9255924 ], [ 108.317123, 11.9254906 ], [ 108.3171924, 11.9254198 ], [ 108.3172623, 11.9253615 ], [ 108.3173528, 11.9252957 ], [ 108.3174474, 11.9252355 ], [ 108.3175456, 11.9251813 ], [ 108.3176639, 11.9251262 ], [ 108.3177861, 11.9250796 ], [ 108.3179114, 11.9250419 ], [ 108.3180392, 11.9250134 ], [ 108.3184147, 11.9249557 ], [ 108.3184752, 11.9249338 ], [ 108.3185331, 11.9249059 ], [ 108.3185877, 11.9248722 ], [ 108.3186383, 11.9248331 ], [ 108.3186846, 11.924789 ], [ 108.3187258, 11.9247405 ], [ 108.3187627, 11.9246862 ], [ 108.3187934, 11.9246283 ], [ 108.3188175, 11.9245676 ], [ 108.3188347, 11.9245046 ], [ 108.3188449, 11.9244402 ], [ 108.318848, 11.9243751 ], [ 108.3188438, 11.9242576 ], [ 108.3187285, 11.9238272 ], [ 108.3187129, 11.9237784 ], [ 108.3186932, 11.923731 ], [ 108.3186695, 11.9236855 ], [ 108.3186277, 11.9236224 ], [ 108.3184415, 11.9233444 ], [ 108.3184278, 11.9233034 ], [ 108.3184188, 11.9232613 ], [ 108.3184147, 11.9232184 ], [ 108.3184158, 11.9231704 ], [ 108.318423, 11.9231229 ], [ 108.3184361, 11.9230767 ], [ 108.318447, 11.9230037 ], [ 108.3184515, 11.92293 ], [ 108.3184496, 11.9228562 ], [ 108.3184391, 11.9227699 ], [ 108.3184198, 11.922685 ], [ 108.3183919, 11.9226024 ], [ 108.3183557, 11.9225229 ], [ 108.3183322, 11.9224182 ], [ 108.3183161, 11.9223122 ], [ 108.3183074, 11.9222054 ], [ 108.3183059, 11.9221064 ], [ 108.3183108, 11.9220076 ], [ 108.3183221, 11.9219092 ], [ 108.3183396, 11.9218117 ], [ 108.3184415, 11.9214548 ], [ 108.3184613, 11.9213967 ], [ 108.3184864, 11.9213405 ], [ 108.3185166, 11.9212869 ], [ 108.3185637, 11.9212209 ], [ 108.3186185, 11.9211609 ], [ 108.3186647, 11.9211193 ], [ 108.3187055, 11.9210726 ], [ 108.3187403, 11.9210215 ], [ 108.3187687, 11.9209667 ], [ 108.31879, 11.9209099 ], [ 108.3188044, 11.9208511 ], [ 108.3188116, 11.920791 ], [ 108.3188116, 11.9207305 ], [ 108.3188385, 11.9205048 ], [ 108.3188397, 11.9204608 ], [ 108.3188361, 11.9204169 ], [ 108.3188277, 11.9203736 ], [ 108.31881, 11.9203196 ], [ 108.3187848, 11.9202686 ], [ 108.3186232, 11.9200062 ], [ 108.3187506, 11.9200167 ], [ 108.3192884, 11.9194413 ], [ 108.3190703, 11.9188455 ], [ 108.3192257, 11.9185911 ], [ 108.319263, 11.9185279 ], [ 108.3192983, 11.9184564 ], [ 108.3193238, 11.9183849 ], [ 108.319344, 11.9183117 ], [ 108.3193588, 11.9182373 ], [ 108.3193694, 11.918147 ], [ 108.319372, 11.918056 ], [ 108.3193667, 11.9179652 ], [ 108.3193535, 11.9178752 ], [ 108.3192623, 11.9172611 ], [ 108.3187795, 11.9167729 ], [ 108.3189136, 11.9166732 ], [ 108.3189028, 11.9163215 ], [ 108.3191228, 11.9160328 ], [ 108.3191589, 11.9159768 ], [ 108.319189, 11.9159175 ], [ 108.3192128, 11.9158555 ], [ 108.3192301, 11.9157914 ], [ 108.3192407, 11.9157248 ], [ 108.3192443, 11.9156576 ], [ 108.3192407, 11.9155903 ], [ 108.3192301, 11.9155237 ], [ 108.3192026, 11.9154436 ], [ 108.3191835, 11.9153613 ], [ 108.319173, 11.9152775 ], [ 108.3191711, 11.915193 ], [ 108.3191764, 11.9151206 ], [ 108.319188, 11.9150488 ], [ 108.319206, 11.9149783 ], [ 108.3192301, 11.9149096 ], [ 108.3192755, 11.9147939 ], [ 108.3193255, 11.9146801 ], [ 108.3193803, 11.9145684 ], [ 108.3194586, 11.9144258 ], [ 108.3195445, 11.9142875 ], [ 108.3196378, 11.9141538 ], [ 108.3199865, 11.9137339 ], [ 108.3200801, 11.9136128 ], [ 108.3201661, 11.9134864 ], [ 108.320244, 11.9133551 ], [ 108.3203137, 11.9132195 ], [ 108.3203759, 11.9130772 ], [ 108.3204289, 11.9129314 ], [ 108.3204726, 11.9127827 ], [ 108.3205068, 11.9126316 ], [ 108.320515, 11.9125703 ], [ 108.3205295, 11.9125101 ], [ 108.3205501, 11.9124516 ], [ 108.3205765, 11.9123954 ], [ 108.3206093, 11.9123411 ], [ 108.3206476, 11.9122903 ], [ 108.3206909, 11.9122436 ], [ 108.320739, 11.9122015 ], [ 108.3207911, 11.9121644 ], [ 108.3213383, 11.9118495 ], [ 108.3218694, 11.9116395 ], [ 108.3219112, 11.9116218 ], [ 108.3219492, 11.9115971 ], [ 108.321982, 11.9115661 ], [ 108.3220097, 11.911528 ], [ 108.3220296, 11.9114855 ], [ 108.322041, 11.9114401 ], [ 108.3220613, 11.9113872 ], [ 108.3220864, 11.9113363 ], [ 108.3221161, 11.9112879 ], [ 108.3221629, 11.9112273 ], [ 108.3222168, 11.9111728 ], [ 108.3222771, 11.9111252 ], [ 108.3223476, 11.9110786 ], [ 108.322421, 11.9110366 ], [ 108.322497, 11.9109992 ], [ 108.3225974, 11.9109584 ], [ 108.3227009, 11.9109257 ], [ 108.3228725, 11.910847 ], [ 108.3229219, 11.9107949 ], [ 108.3229637, 11.9107367 ], [ 108.3229958, 11.9106766 ], [ 108.3230196, 11.9106129 ], [ 108.3230349, 11.9105467 ], [ 108.3230413, 11.9104791 ], [ 108.3230388, 11.9104113 ], [ 108.3230549, 11.9102066 ], [ 108.3230688, 11.9101368 ], [ 108.3230885, 11.9100685 ], [ 108.3231139, 11.9100019 ], [ 108.32315, 11.909928 ], [ 108.323193, 11.9098578 ], [ 108.3232427, 11.9097919 ], [ 108.3240044, 11.9088629 ], [ 108.3246428, 11.9084797 ], [ 108.3248493, 11.9083065 ], [ 108.324899, 11.9082758 ], [ 108.3249517, 11.9082506 ], [ 108.3250069, 11.908231 ], [ 108.3250639, 11.9082172 ], [ 108.3251312, 11.9082089 ], [ 108.325199, 11.9082088 ], [ 108.3252663, 11.9082168 ], [ 108.3253321, 11.908233 ], [ 108.3255011, 11.908065 ], [ 108.3256566, 11.9079285 ], [ 108.3257416, 11.9078593 ], [ 108.3258283, 11.9077921 ], [ 108.325864, 11.9077509 ], [ 108.3258949, 11.9077062 ], [ 108.3259206, 11.9076585 ], [ 108.325941, 11.9076084 ], [ 108.3259563, 11.9075532 ], [ 108.325965, 11.9074967 ], [ 108.3259671, 11.9074396 ], [ 108.3259624, 11.9073826 ], [ 108.325941, 11.906905 ], [ 108.3259911, 11.906861 ], [ 108.3260359, 11.9068118 ], [ 108.3260748, 11.906758 ], [ 108.3261073, 11.9067003 ], [ 108.326135, 11.9066335 ], [ 108.3261542, 11.9065639 ], [ 108.3261646, 11.9064925 ], [ 108.326166, 11.9064204 ], [ 108.3261583, 11.9063487 ], [ 108.3261418, 11.9062785 ], [ 108.3261166, 11.9062107 ], [ 108.3260831, 11.9061465 ], [ 108.3260694, 11.9061113 ], [ 108.3260621, 11.9060744 ], [ 108.3260613, 11.9060368 ], [ 108.326067, 11.9059995 ], [ 108.3260796, 11.905963 ], [ 108.3260985, 11.9059291 ], [ 108.3261232, 11.905899 ], [ 108.3261529, 11.9058736 ], [ 108.3263406, 11.9057922 ], [ 108.3264323, 11.9057713 ], [ 108.3265255, 11.9057591 ], [ 108.3266196, 11.9057555 ], [ 108.3266931, 11.9057587 ], [ 108.3267661, 11.9057673 ], [ 108.3268383, 11.9057811 ], [ 108.3269092, 11.9058001 ], [ 108.327392, 11.9059995 ], [ 108.327465, 11.9060297 ], [ 108.3275348, 11.9060664 ], [ 108.3276009, 11.9061093 ], [ 108.3276625, 11.906158 ], [ 108.3277193, 11.9062121 ], [ 108.3277674, 11.9062671 ], [ 108.3278105, 11.906326 ], [ 108.3278482, 11.9063883 ], [ 108.3278802, 11.9064536 ], [ 108.3278896, 11.9064997 ], [ 108.3278908, 11.9065468 ], [ 108.3278838, 11.9065933 ], [ 108.3278688, 11.906638 ], [ 108.3278462, 11.9066796 ], [ 108.3278168, 11.9067168 ], [ 108.3277813, 11.9067485 ], [ 108.3277407, 11.9067738 ], [ 108.3276964, 11.9067921 ], [ 108.3276495, 11.9068026 ], [ 108.3276004, 11.9068052 ], [ 108.3275516, 11.9067994 ], [ 108.3275046, 11.9067853 ], [ 108.3274608, 11.9067634 ], [ 108.3274215, 11.9067344 ], [ 108.3273966, 11.9067068 ], [ 108.3273659, 11.9066854 ], [ 108.3273311, 11.9066715 ], [ 108.3272939, 11.9066657 ], [ 108.3272563, 11.9066683 ], [ 108.3272204, 11.9066793 ], [ 108.3271903, 11.9066962 ], [ 108.3271646, 11.9067189 ], [ 108.3271443, 11.9067464 ], [ 108.3271304, 11.9067775 ], [ 108.3271235, 11.9068107 ], [ 108.3271238, 11.9068446 ], [ 108.3271372, 11.90701 ], [ 108.3271529, 11.9070406 ], [ 108.3271744, 11.9070676 ], [ 108.3272008, 11.9070901 ], [ 108.3272311, 11.9071071 ], [ 108.3272651, 11.9071182 ], [ 108.3273007, 11.9071225 ], [ 108.3273365, 11.9071197 ], [ 108.3273709, 11.9071101 ], [ 108.3274028, 11.907094 ], [ 108.3274262, 11.9070812 ], [ 108.3274515, 11.9070724 ], [ 108.3274779, 11.9070677 ], [ 108.3275085, 11.9070675 ], [ 108.3275386, 11.9070729 ], [ 108.3275671, 11.9070835 ], [ 108.3275932, 11.9070992 ], [ 108.3276566, 11.9071235 ], [ 108.3277229, 11.9071388 ], [ 108.3277907, 11.9071447 ], [ 108.3278587, 11.9071412 ], [ 108.3279221, 11.9071292 ], [ 108.3279833, 11.9071089 ], [ 108.3280411, 11.9070808 ], [ 108.3280933, 11.9070594 ], [ 108.3281478, 11.9070449 ], [ 108.3282039, 11.9070376 ], [ 108.3282605, 11.9070377 ], [ 108.3283165, 11.9070452 ], [ 108.328371, 11.9070598 ], [ 108.3284237, 11.9070818 ], [ 108.3284728, 11.9071104 ], [ 108.3285175, 11.9071453 ], [ 108.3285571, 11.9071857 ], [ 108.3285907, 11.907231 ], [ 108.3286178, 11.9072803 ], [ 108.32865, 11.9073457 ], [ 108.3286895, 11.9074072 ], [ 108.3287358, 11.907464 ], [ 108.3287853, 11.9075127 ], [ 108.3288398, 11.907556 ], [ 108.3288987, 11.9075935 ], [ 108.3289612, 11.9076246 ], [ 108.3290268, 11.907649 ], [ 108.3291239, 11.9076678 ], [ 108.3292219, 11.9076813 ], [ 108.3293205, 11.9076897 ], [ 108.3294343, 11.9076929 ], [ 108.3295481, 11.9076891 ], [ 108.3296614, 11.9076784 ], [ 108.3297738, 11.9076608 ], [ 108.3298541, 11.9076432 ], [ 108.3299357, 11.9076326 ], [ 108.3300179, 11.9076293 ], [ 108.3300973, 11.9076331 ], [ 108.330176, 11.9076436 ], [ 108.3302534, 11.9076608 ], [ 108.3303291, 11.9076845 ], [ 108.3305047, 11.9077586 ], [ 108.3305388, 11.9077725 ], [ 108.330575, 11.9077798 ], [ 108.3306119, 11.9077802 ], [ 108.3306482, 11.9077737 ], [ 108.3306864, 11.9077586 ], [ 108.3307205, 11.907736 ], [ 108.3307488, 11.9077068 ], [ 108.3308575, 11.907569 ], [ 108.3308822, 11.9075471 ], [ 108.3309113, 11.9075311 ], [ 108.3309433, 11.9075217 ], [ 108.3309793, 11.9075196 ], [ 108.3310149, 11.9075258 ], [ 108.3310479, 11.9075401 ], [ 108.331638, 11.9077475 ], [ 108.3317667, 11.9074404 ], [ 108.3318001, 11.9074156 ], [ 108.3318368, 11.9073956 ], [ 108.331876, 11.9073811 ], [ 108.3319169, 11.9073722 ], [ 108.3319654, 11.9073691 ], [ 108.3320138, 11.907374 ], [ 108.3320607, 11.9073866 ], [ 108.3321047, 11.9074066 ], [ 108.3321448, 11.9074336 ], [ 108.3321798, 11.9074666 ], [ 108.3322168, 11.9074949 ], [ 108.3322583, 11.9075161 ], [ 108.3323032, 11.9075296 ], [ 108.3323388, 11.9075345 ], [ 108.3323748, 11.9075345 ], [ 108.3324104, 11.9075296 ], [ 108.3324489, 11.9075404 ], [ 108.3324856, 11.9075559 ], [ 108.3325187, 11.9075749 ], [ 108.3325493, 11.9075978 ], [ 108.3325767, 11.9076241 ], [ 108.3326211, 11.907648 ], [ 108.3326678, 11.9076673 ], [ 108.3327162, 11.9076818 ], [ 108.3327693, 11.9076918 ], [ 108.3328232, 11.9076961 ], [ 108.3328773, 11.9076945 ], [ 108.3329308, 11.9076871 ], [ 108.3330261, 11.9076922 ], [ 108.333121, 11.9077027 ], [ 108.3332151, 11.9077186 ], [ 108.3333171, 11.9077421 ], [ 108.3334174, 11.9077719 ], [ 108.3335155, 11.9078078 ], [ 108.3337408, 11.9079023 ], [ 108.3337704, 11.9079367 ], [ 108.3337934, 11.9079756 ], [ 108.3338092, 11.9080178 ], [ 108.3338166, 11.9080557 ], [ 108.3338181, 11.9080943 ], [ 108.3338138, 11.9081327 ], [ 108.3338036, 11.90817 ], [ 108.3337878, 11.9082054 ], [ 108.333777, 11.9082489 ], [ 108.333773, 11.9082934 ], [ 108.3337757, 11.908338 ], [ 108.3337851, 11.9083816 ], [ 108.333801, 11.9084235 ], [ 108.3338231, 11.9084626 ], [ 108.3338508, 11.9084981 ], [ 108.3338999, 11.9085219 ], [ 108.3339522, 11.9085378 ], [ 108.3340064, 11.9085453 ], [ 108.3340594, 11.9085445 ], [ 108.3341117, 11.9085356 ], [ 108.3341619, 11.9085191 ], [ 108.334296, 11.9084587 ], [ 108.3343689, 11.90844 ], [ 108.3344434, 11.9084286 ], [ 108.3345187, 11.9084246 ], [ 108.3345829, 11.908427 ], [ 108.3346466, 11.9084349 ], [ 108.3347094, 11.9084481 ], [ 108.3347708, 11.9084666 ], [ 108.3348149, 11.9084934 ], [ 108.3348539, 11.9085269 ], [ 108.3348838, 11.9085618 ], [ 108.3349081, 11.9086006 ], [ 108.3349264, 11.9086424 ], [ 108.3350363, 11.9087369 ], [ 108.335089, 11.9087668 ], [ 108.3351445, 11.9087913 ], [ 108.3352023, 11.9088103 ], [ 108.3352616, 11.9088235 ], [ 108.3353288, 11.9088313 ], [ 108.3353965, 11.9088316 ], [ 108.3354638, 11.9088247 ], [ 108.3355299, 11.9088104 ], [ 108.3357257, 11.9084744 ], [ 108.3357868, 11.9083935 ], [ 108.3358539, 11.9083172 ], [ 108.3359266, 11.9082461 ], [ 108.3360046, 11.9081805 ], [ 108.3360815, 11.9081247 ], [ 108.3361622, 11.9080742 ], [ 108.3362463, 11.9080294 ], [ 108.3363334, 11.9079904 ], [ 108.336423, 11.9079574 ], [ 108.3367395, 11.9078288 ], [ 108.3367922, 11.9077999 ], [ 108.3368415, 11.9077658 ], [ 108.3368827, 11.9077309 ], [ 108.3369203, 11.9076922 ], [ 108.3369541, 11.9076503 ], [ 108.3371606, 11.9073984 ], [ 108.3372288, 11.9073362 ], [ 108.3373014, 11.9072789 ], [ 108.3373781, 11.907227 ], [ 108.3374584, 11.9071806 ], [ 108.3375348, 11.9071431 ], [ 108.3376136, 11.9071107 ], [ 108.3376944, 11.9070835 ], [ 108.3377323, 11.9070664 ], [ 108.337767, 11.9070437 ], [ 108.3377975, 11.9070159 ], [ 108.3378231, 11.9069837 ], [ 108.3378423, 11.9069498 ], [ 108.3378561, 11.9069134 ], [ 108.3378641, 11.9068755 ], [ 108.3378661, 11.9068368 ], [ 108.3378634, 11.906346 ], [ 108.3378613, 11.906265 ], [ 108.3378676, 11.9061842 ], [ 108.3378822, 11.9061045 ], [ 108.3379038, 11.9060298 ], [ 108.3379326, 11.9059575 ], [ 108.3379685, 11.9058883 ], [ 108.3380216, 11.9058263 ], [ 108.3380857, 11.9057648 ], [ 108.3381557, 11.9057099 ], [ 108.338231, 11.9056622 ], [ 108.3383109, 11.9056221 ], [ 108.3383945, 11.9055901 ], [ 108.3384521, 11.9055696 ], [ 108.3385071, 11.9055429 ], [ 108.3385588, 11.9055102 ], [ 108.3386064, 11.905472 ], [ 108.3403578, 11.9038002 ], [ 108.3404227, 11.9037314 ], [ 108.3404825, 11.9036583 ], [ 108.3405369, 11.9035814 ], [ 108.3405858, 11.903501 ], [ 108.3406271, 11.9034211 ], [ 108.340663, 11.9033388 ], [ 108.3406931, 11.9032543 ], [ 108.3407113, 11.9032 ], [ 108.3407201, 11.9031434 ], [ 108.3407193, 11.9030863 ], [ 108.3407089, 11.90303 ], [ 108.3406893, 11.9029762 ], [ 108.3406609, 11.9029262 ], [ 108.340625, 11.9028819 ], [ 108.3405822, 11.9028439 ], [ 108.3405336, 11.9028132 ], [ 108.3404806, 11.9027906 ], [ 108.3404246, 11.9027767 ], [ 108.340367, 11.9027719 ], [ 108.3403094, 11.9027763 ], [ 108.3402532, 11.9027897 ], [ 108.3401681, 11.9028035 ], [ 108.3400819, 11.9028079 ], [ 108.3399957, 11.9028029 ], [ 108.3399269, 11.902792 ], [ 108.3398593, 11.9027752 ], [ 108.3397936, 11.9027525 ], [ 108.3397302, 11.9027241 ], [ 108.3396578, 11.9026971 ], [ 108.3395826, 11.9026783 ], [ 108.3395058, 11.9026681 ], [ 108.3394283, 11.9026666 ], [ 108.3393511, 11.9026737 ], [ 108.3392753, 11.9026895 ], [ 108.3392018, 11.9027136 ], [ 108.3391366, 11.9027433 ], [ 108.3390749, 11.9027795 ], [ 108.3390175, 11.9028219 ], [ 108.3389651, 11.9028701 ], [ 108.3389181, 11.9029234 ], [ 108.3388773, 11.9029813 ], [ 108.3384776, 11.90348 ], [ 108.3384392, 11.9035193 ], [ 108.3383955, 11.9035527 ], [ 108.3383472, 11.9035796 ], [ 108.3382955, 11.9035993 ], [ 108.3382414, 11.9036115 ], [ 108.3381861, 11.9036159 ], [ 108.3381307, 11.9036125 ], [ 108.3380764, 11.9036012 ], [ 108.3380243, 11.9035824 ], [ 108.3379729, 11.9035546 ], [ 108.3379264, 11.9035195 ], [ 108.337886, 11.9034778 ], [ 108.3378525, 11.9034306 ], [ 108.3378269, 11.9033789 ], [ 108.3378096, 11.903324 ], [ 108.3378012, 11.9032671 ], [ 108.3378017, 11.9032097 ], [ 108.3378053, 11.9029811 ], [ 108.337802, 11.9027526 ], [ 108.3377919, 11.9025243 ], [ 108.3377749, 11.9022963 ], [ 108.337751, 11.9020686 ], [ 108.3377202, 11.9018418 ], [ 108.3376826, 11.9016158 ], [ 108.3376382, 11.9013911 ], [ 108.3375871, 11.9011678 ], [ 108.3375477, 11.9010204 ], [ 108.3375012, 11.9008751 ], [ 108.3374476, 11.9007321 ], [ 108.3374016, 11.9006236 ], [ 108.3373515, 11.9005168 ], [ 108.3372974, 11.9004119 ], [ 108.3372813, 11.9003808 ], [ 108.3372709, 11.9003474 ], [ 108.3372665, 11.9003128 ], [ 108.3372682, 11.900278 ], [ 108.337276, 11.9002439 ], [ 108.3372898, 11.9002114 ], [ 108.3373092, 11.9001817 ], [ 108.3373335, 11.9001557 ], [ 108.3373621, 11.9001342 ], [ 108.337394, 11.900118 ], [ 108.3374432, 11.900074 ], [ 108.3374852, 11.9000235 ], [ 108.3375119, 11.899981 ], [ 108.3375335, 11.8999358 ], [ 108.3375497, 11.8998885 ], [ 108.3375603, 11.8998397 ], [ 108.3375721, 11.8997654 ], [ 108.3375924, 11.8996927 ], [ 108.3376207, 11.8996228 ], [ 108.3376569, 11.8995563 ], [ 108.337702, 11.899492 ], [ 108.3377544, 11.8994332 ], [ 108.3378134, 11.8993807 ], [ 108.3378782, 11.8993352 ], [ 108.3379479, 11.8992974 ], [ 108.3380216, 11.8992676 ], [ 108.3384642, 11.8991836 ], [ 108.3388612, 11.8991049 ], [ 108.338933, 11.8990847 ], [ 108.3390025, 11.8990581 ], [ 108.3390693, 11.8990254 ], [ 108.3391327, 11.8989868 ], [ 108.3391999, 11.8989363 ], [ 108.3392612, 11.8988792 ], [ 108.3393162, 11.8988162 ], [ 108.3393641, 11.8987479 ], [ 108.3395237, 11.8985065 ], [ 108.3395725, 11.8984486 ], [ 108.3396277, 11.8983964 ], [ 108.3396886, 11.8983507 ], [ 108.3397543, 11.898312 ], [ 108.3398241, 11.8982808 ], [ 108.3398817, 11.8982616 ], [ 108.3399409, 11.8982476 ], [ 108.3400011, 11.8982388 ], [ 108.3400441, 11.8982361 ], [ 108.340087, 11.8982405 ], [ 108.3401285, 11.898252 ], [ 108.3401674, 11.8982703 ], [ 108.340199, 11.8982918 ], [ 108.340227, 11.8983177 ], [ 108.3402506, 11.8983475 ], [ 108.3402693, 11.8983805 ], [ 108.3403184, 11.8984694 ], [ 108.3403753, 11.8985537 ], [ 108.3404396, 11.8986327 ], [ 108.3405107, 11.8987059 ], [ 108.3405868, 11.8987716 ], [ 108.3406683, 11.8988306 ], [ 108.3407548, 11.8988824 ], [ 108.3408456, 11.8989267 ], [ 108.3409399, 11.8989631 ], [ 108.341119, 11.898991 ], [ 108.3412993, 11.8990104 ], [ 108.3414813, 11.8990213 ], [ 108.3416637, 11.8990235 ], [ 108.3418459, 11.8990171 ], [ 108.3420276, 11.899002 ], [ 108.3422084, 11.8989783 ], [ 108.3423877, 11.8989461 ], [ 108.3425653, 11.8989054 ], [ 108.3433056, 11.8986429 ], [ 108.3433925, 11.8985922 ], [ 108.343475, 11.898535 ], [ 108.3435528, 11.8984716 ], [ 108.3436252, 11.8984025 ], [ 108.3436918, 11.898328 ], [ 108.3437554, 11.8982441 ], [ 108.3438118, 11.8981553 ], [ 108.3438604, 11.8980623 ], [ 108.343901, 11.8979657 ], [ 108.3439332, 11.8978661 ], [ 108.3439804, 11.8976878 ], [ 108.3440341, 11.8975113 ], [ 108.3440942, 11.8973368 ], [ 108.3441608, 11.8971645 ], [ 108.3442336, 11.8969947 ], [ 108.3443282, 11.8967965 ], [ 108.3444314, 11.8966025 ], [ 108.344543, 11.896413 ], [ 108.3446628, 11.8962283 ], [ 108.3449954, 11.8958294 ], [ 108.3454111, 11.8954409 ], [ 108.3459556, 11.8938478 ], [ 108.3462077, 11.8933019 ], [ 108.3467549, 11.8933097 ], [ 108.3468291, 11.8933013 ], [ 108.3469019, 11.8932846 ], [ 108.3469722, 11.8932599 ], [ 108.3470411, 11.8932263 ], [ 108.3471056, 11.893185 ], [ 108.3471646, 11.8931365 ], [ 108.3472292, 11.8930941 ], [ 108.3472986, 11.8930598 ], [ 108.3473718, 11.8930342 ], [ 108.3474422, 11.8930184 ], [ 108.347514, 11.8930105 ], [ 108.3475669, 11.8930142 ], [ 108.3476186, 11.8930263 ], [ 108.3476544, 11.89304 ], [ 108.3476883, 11.8930578 ], [ 108.3478922, 11.8931549 ], [ 108.3479377, 11.8931744 ], [ 108.3479853, 11.8931885 ], [ 108.3480343, 11.8931969 ], [ 108.3480963, 11.8931993 ], [ 108.348158, 11.8931927 ], [ 108.3482181, 11.8931772 ], [ 108.3482782, 11.8931685 ], [ 108.3483388, 11.8931628 ], [ 108.3484125, 11.8931597 ], [ 108.3484864, 11.893161 ], [ 108.34856, 11.8931667 ], [ 108.3489195, 11.8931811 ], [ 108.3489978, 11.8931769 ], [ 108.3490753, 11.8931644 ], [ 108.3491509, 11.8931439 ], [ 108.3492239, 11.8931155 ], [ 108.3492971, 11.8930775 ], [ 108.3493654, 11.8930316 ], [ 108.349428, 11.8929784 ], [ 108.3494841, 11.8929187 ], [ 108.3495203, 11.8920998 ], [ 108.3495198, 11.8920396 ], [ 108.3495127, 11.8919799 ], [ 108.3494988, 11.8919213 ], [ 108.3494803, 11.8918691 ], [ 108.3494566, 11.891819 ], [ 108.3494278, 11.8917715 ], [ 108.3493942, 11.8917271 ], [ 108.3492279, 11.8915434 ], [ 108.3492083, 11.8915078 ], [ 108.3491939, 11.8914699 ], [ 108.349185, 11.8914305 ], [ 108.3491816, 11.8913859 ], [ 108.3491852, 11.8913414 ], [ 108.3491956, 11.8912978 ], [ 108.3492127, 11.8912564 ], [ 108.3492359, 11.8912179 ], [ 108.3492882, 11.8911463 ], [ 108.3493459, 11.8910788 ], [ 108.349418, 11.8910074 ], [ 108.3494963, 11.8909425 ], [ 108.3495801, 11.8908846 ], [ 108.3496688, 11.8908341 ], [ 108.3497617, 11.8907914 ], [ 108.3502847, 11.8905959 ], [ 108.3503881, 11.8905486 ], [ 108.3504875, 11.8904938 ], [ 108.3505824, 11.8904318 ], [ 108.3506711, 11.890364 ], [ 108.3507544, 11.89029 ], [ 108.3508319, 11.89021 ], [ 108.3508646, 11.8902529 ], [ 108.3508895, 11.8903006 ], [ 108.3509035, 11.8903418 ], [ 108.3509116, 11.8903845 ], [ 108.3509137, 11.8904279 ], [ 108.3509267, 11.890481 ], [ 108.3509445, 11.8905329 ], [ 108.3509666, 11.8905823 ], [ 108.3509931, 11.8906297 ], [ 108.3510236, 11.8906746 ], [ 108.3514796, 11.8912271 ], [ 108.3519986, 11.8915276 ], [ 108.3522695, 11.8916247 ], [ 108.3525807, 11.8916772 ], [ 108.3526719, 11.8917557 ], [ 108.3527577, 11.8918399 ], [ 108.3528369, 11.8919288 ], [ 108.35291, 11.8920226 ], [ 108.3529767, 11.8921208 ], [ 108.3530366, 11.8922231 ], [ 108.3531238, 11.8922858 ], [ 108.3532079, 11.8923524 ], [ 108.3532888, 11.8924226 ], [ 108.3533812, 11.8925114 ], [ 108.3534685, 11.8926051 ], [ 108.3535504, 11.8927033 ], [ 108.3536267, 11.8928058 ], [ 108.3538628, 11.8929266 ], [ 108.354025, 11.893145 ], [ 108.35408, 11.8932588 ], [ 108.3541431, 11.8933685 ], [ 108.3542138, 11.8934736 ], [ 108.3542919, 11.8935735 ], [ 108.3543647, 11.893655 ], [ 108.3544424, 11.8937321 ], [ 108.3545247, 11.8938044 ], [ 108.3546113, 11.8938717 ], [ 108.3548632, 11.8940893 ], [ 108.3549491, 11.8941391 ], [ 108.3550261, 11.8941751 ], [ 108.355106, 11.8942047 ], [ 108.3551626, 11.8942138 ], [ 108.35522, 11.8942166 ], [ 108.3552816, 11.8942124 ], [ 108.3553422, 11.894201 ], [ 108.355401, 11.8941824 ], [ 108.3556223, 11.8940551 ], [ 108.3558851, 11.894147 ], [ 108.3559374, 11.89416 ], [ 108.3559909, 11.8941652 ], [ 108.3560447, 11.8941627 ], [ 108.3560985, 11.8941523 ], [ 108.35615, 11.8941341 ], [ 108.3561982, 11.8941085 ], [ 108.3562419, 11.8940761 ], [ 108.35638, 11.8939764 ], [ 108.3564203, 11.8939645 ], [ 108.3564618, 11.893958 ], [ 108.3565149, 11.8939577 ], [ 108.3565672, 11.8939661 ], [ 108.3566174, 11.893983 ], [ 108.3567756, 11.8941129 ], [ 108.3570975, 11.8942966 ], [ 108.3571292, 11.8943133 ], [ 108.3571581, 11.8943345 ], [ 108.3571833, 11.8943596 ], [ 108.357208, 11.8943939 ], [ 108.3572261, 11.8944319 ], [ 108.357237, 11.8944725 ], [ 108.3572567, 11.8945243 ], [ 108.3572799, 11.8945748 ], [ 108.3573091, 11.8946279 ], [ 108.3573423, 11.8946787 ], [ 108.3573791, 11.894727 ], [ 108.3574919, 11.8948229 ], [ 108.3576076, 11.8949155 ], [ 108.357726, 11.8950048 ], [ 108.3578979, 11.895125 ], [ 108.3580747, 11.8952381 ], [ 108.3582562, 11.8953438 ], [ 108.3582891, 11.8953583 ], [ 108.3583239, 11.8953672 ], [ 108.3583598, 11.8953703 ], [ 108.3583957, 11.8953674 ], [ 108.3584353, 11.8953572 ], [ 108.3584721, 11.8953397 ], [ 108.3585049, 11.8953157 ], [ 108.3585325, 11.8952861 ], [ 108.358552, 11.8952726 ], [ 108.3585741, 11.8952638 ], [ 108.3585995, 11.89526 ], [ 108.358625, 11.8952624 ], [ 108.3586492, 11.8952708 ], [ 108.3586706, 11.8952848 ], [ 108.3586978, 11.8953047 ], [ 108.3587286, 11.8953185 ], [ 108.3587618, 11.8953255 ], [ 108.3587923, 11.8953257 ], [ 108.3588222, 11.8953202 ], [ 108.3588362, 11.8953117 ], [ 108.3588517, 11.8953058 ], [ 108.3588748, 11.8953024 ], [ 108.3588981, 11.8953049 ], [ 108.3589199, 11.8953132 ], [ 108.3589388, 11.8953268 ], [ 108.359144, 11.8954856 ], [ 108.3591988, 11.8955255 ], [ 108.3592553, 11.895563 ], [ 108.3593252, 11.8956047 ], [ 108.3593973, 11.8956428 ], [ 108.3594713, 11.8956771 ], [ 108.3597261, 11.8958976 ], [ 108.3599031, 11.8962414 ], [ 108.3600265, 11.8963543 ], [ 108.3600338, 11.8964458 ], [ 108.3600499, 11.8965362 ], [ 108.3600748, 11.8966246 ], [ 108.3601032, 11.8966992 ], [ 108.3601377, 11.8967712 ], [ 108.3601782, 11.8968401 ], [ 108.3602244, 11.8969056 ], [ 108.3602759, 11.8969671 ], [ 108.3604471, 11.8970351 ], [ 108.3606145, 11.8971117 ], [ 108.3607775, 11.8971968 ], [ 108.3609274, 11.8972848 ], [ 108.3610728, 11.89738 ], [ 108.3612131, 11.8974821 ], [ 108.3613482, 11.8975908 ], [ 108.3614776, 11.897706 ], [ 108.3615795, 11.8976771 ], [ 108.361735, 11.8977033 ], [ 108.3617912, 11.8977042 ], [ 108.3618468, 11.8977113 ], [ 108.3619013, 11.8977243 ], [ 108.3619645, 11.8977479 ], [ 108.3620239, 11.8977796 ], [ 108.3620784, 11.8978188 ], [ 108.3622822, 11.8980078 ], [ 108.3622473, 11.8983595 ], [ 108.3623439, 11.8986324 ], [ 108.3625638, 11.8987742 ], [ 108.362765, 11.898971 ], [ 108.3630842, 11.8989973 ], [ 108.3631353, 11.8989978 ], [ 108.3631861, 11.898992 ], [ 108.363234, 11.8989804 ], [ 108.36328, 11.8989631 ], [ 108.3633302, 11.8989489 ], [ 108.3633819, 11.8989421 ], [ 108.3634301, 11.8989427 ], [ 108.3634778, 11.8989497 ], [ 108.3635241, 11.8989631 ], [ 108.3636743, 11.8990156 ], [ 108.3641893, 11.8990576 ], [ 108.3645648, 11.8991574 ], [ 108.3651307, 11.898992 ], [ 108.3654553, 11.8991232 ], [ 108.3655431, 11.8991717 ], [ 108.3656273, 11.899226 ], [ 108.3657074, 11.899286 ], [ 108.365782, 11.8993503 ], [ 108.3658518, 11.8994195 ], [ 108.3659166, 11.8994933 ], [ 108.3659622, 11.8990996 ], [ 108.3662546, 11.8985905 ], [ 108.3663887, 11.8981863 ], [ 108.3665818, 11.8979606 ], [ 108.3669814, 11.8978739 ], [ 108.3671746, 11.8980419 ], [ 108.3672859, 11.8977899 ], [ 108.3674186, 11.8977388 ], [ 108.3675662, 11.8975196 ], [ 108.3676079, 11.8974623 ], [ 108.367652, 11.8974068 ], [ 108.3677119, 11.8973382 ], [ 108.3677754, 11.8972729 ], [ 108.3690655, 11.8960603 ], [ 108.3691201, 11.8960093 ], [ 108.3691703, 11.895954 ], [ 108.3692157, 11.895895 ], [ 108.3692538, 11.8958363 ], [ 108.3692872, 11.895775 ], [ 108.3693157, 11.8957113 ], [ 108.3693391, 11.8956457 ], [ 108.3692962, 11.895084 ], [ 108.369293, 11.895031 ], [ 108.3692956, 11.8949779 ], [ 108.3693038, 11.8949254 ], [ 108.3693176, 11.894874 ], [ 108.3693409, 11.8948158 ], [ 108.3693713, 11.8947609 ], [ 108.3694085, 11.89471 ], [ 108.3694518, 11.894664 ], [ 108.3696905, 11.894378 ], [ 108.3706427, 11.8934672 ], [ 108.3707149, 11.8933861 ], [ 108.3707812, 11.8933002 ], [ 108.3708411, 11.89321 ], [ 108.3708922, 11.8931203 ], [ 108.3709369, 11.8930274 ], [ 108.3709753, 11.8929318 ], [ 108.3711094, 11.8925539 ], [ 108.371332, 11.8917691 ], [ 108.3713855, 11.8916033 ], [ 108.3714477, 11.8914404 ], [ 108.3715184, 11.8912809 ], [ 108.3715989, 11.8911224 ], [ 108.3716879, 11.8909682 ], [ 108.3717849, 11.8908188 ], [ 108.3718899, 11.8906746 ], [ 108.3724102, 11.8901142 ], [ 108.3726503, 11.8899253 ], [ 108.3729681, 11.8899266 ], [ 108.3730632, 11.8899409 ], [ 108.373157, 11.8899615 ], [ 108.3732492, 11.8899884 ], [ 108.3733393, 11.8900215 ], [ 108.3734268, 11.8900604 ], [ 108.3735266, 11.890114 ], [ 108.3736216, 11.8901754 ], [ 108.3737113, 11.8902441 ], [ 108.3737949, 11.8903197 ], [ 108.373872, 11.8904016 ], [ 108.374151, 11.8907953 ], [ 108.3744407, 11.8912205 ], [ 108.3744761, 11.8913278 ], [ 108.3745192, 11.8914324 ], [ 108.3745696, 11.8915337 ], [ 108.3746272, 11.8916314 ], [ 108.3746916, 11.8917249 ], [ 108.3747625, 11.8918137 ], [ 108.3748394, 11.8918972 ], [ 108.374922, 11.8919752 ], [ 108.37501, 11.8920475 ], [ 108.3751029, 11.8921135 ], [ 108.3752003, 11.892173 ], [ 108.3753017, 11.8922258 ], [ 108.3759963, 11.8925906 ], [ 108.3761492, 11.8924987 ], [ 108.3764228, 11.892168 ], [ 108.3769029, 11.8918688 ], [ 108.3769558, 11.8918445 ], [ 108.3770104, 11.8918243 ], [ 108.3770665, 11.8918085 ], [ 108.3771284, 11.8917962 ], [ 108.3771912, 11.8917892 ], [ 108.3772543, 11.8917875 ], [ 108.3774903, 11.8917717 ], [ 108.3775595, 11.8917589 ], [ 108.3776276, 11.8917414 ], [ 108.3776942, 11.8917192 ], [ 108.3777694, 11.8916878 ], [ 108.3778417, 11.8916504 ], [ 108.3779107, 11.8916075 ], [ 108.3779758, 11.8915591 ], [ 108.3785444, 11.8911208 ], [ 108.3788073, 11.8910053 ], [ 108.3793276, 11.89142 ], [ 108.3794169, 11.8914834 ], [ 108.37951, 11.8915412 ], [ 108.3796066, 11.8915932 ], [ 108.3797264, 11.8916477 ], [ 108.37985, 11.8916933 ], [ 108.3799767, 11.8917297 ], [ 108.3800894, 11.8917594 ], [ 108.3802041, 11.8917804 ], [ 108.3803201, 11.8917927 ], [ 108.3804095, 11.8917962 ], [ 108.380499, 11.8917944 ], [ 108.3805883, 11.8917875 ], [ 108.3806667, 11.8917766 ], [ 108.3807438, 11.8917591 ], [ 108.380819, 11.891735 ], [ 108.3809, 11.8917005 ], [ 108.3809771, 11.8916583 ], [ 108.3814278, 11.891399 ], [ 108.3814891, 11.8913671 ], [ 108.3815538, 11.8913425 ], [ 108.3816209, 11.8913255 ], [ 108.3816913, 11.8913163 ], [ 108.3817623, 11.8913154 ], [ 108.3818328, 11.8913229 ], [ 108.3830076, 11.8914725 ], [ 108.3832169, 11.8906379 ], [ 108.3832973, 11.8903859 ], [ 108.3833256, 11.8903335 ], [ 108.3833616, 11.8902859 ], [ 108.3834046, 11.8902442 ], [ 108.3834507, 11.890211 ], [ 108.3835011, 11.8901846 ], [ 108.3835548, 11.8901654 ], [ 108.3839464, 11.8900762 ], [ 108.3840664, 11.8900438 ], [ 108.3841846, 11.8900053 ], [ 108.3843005, 11.8899607 ], [ 108.3844011, 11.8899162 ], [ 108.3844995, 11.8898672 ], [ 108.3845955, 11.8898137 ], [ 108.3846598, 11.889762 ], [ 108.3847182, 11.8897041 ], [ 108.3847703, 11.8896406 ], [ 108.3848154, 11.8895722 ], [ 108.3848522, 11.8895017 ], [ 108.3848816, 11.8894278 ], [ 108.3849033, 11.8893514 ], [ 108.3849171, 11.8892733 ], [ 108.3850515, 11.8884646 ], [ 108.3851051, 11.8879135 ], [ 108.3851057, 11.8878612 ], [ 108.3851117, 11.8878093 ], [ 108.3851232, 11.8877583 ], [ 108.38514, 11.8877087 ], [ 108.3851627, 11.8876596 ], [ 108.3851906, 11.8876132 ], [ 108.3852234, 11.8875699 ], [ 108.3852607, 11.8875302 ], [ 108.3853021, 11.8875017 ], [ 108.3853465, 11.8874778 ], [ 108.3853889, 11.8874603 ], [ 108.3854329, 11.8874472 ], [ 108.385478, 11.8874384 ], [ 108.3855234, 11.8874275 ], [ 108.3855668, 11.8874105 ], [ 108.3856073, 11.8873877 ], [ 108.3856443, 11.8873596 ], [ 108.3856793, 11.8873239 ], [ 108.3857084, 11.8872833 ], [ 108.3857308, 11.8872389 ], [ 108.3857462, 11.8871917 ], [ 108.3858132, 11.8869476 ], [ 108.3858333, 11.8868878 ], [ 108.3858584, 11.88683 ], [ 108.3858883, 11.8867743 ], [ 108.3859234, 11.8867208 ], [ 108.385963, 11.8866703 ], [ 108.3860069, 11.8866233 ], [ 108.3860546, 11.8865801 ], [ 108.386237, 11.8863859 ], [ 108.386292, 11.8863011 ], [ 108.3863387, 11.8862116 ], [ 108.3863765, 11.8861182 ], [ 108.3864007, 11.8860391 ], [ 108.3864186, 11.8859585 ], [ 108.3864301, 11.8858767 ], [ 108.3864294, 11.8857846 ], [ 108.3864194, 11.885693 ], [ 108.3864043, 11.8856182 ], [ 108.3863831, 11.8855448 ], [ 108.3863559, 11.8854733 ], [ 108.3863229, 11.8854042 ], [ 108.3860546, 11.884916 ], [ 108.3856308, 11.8842021 ], [ 108.3855898, 11.8841386 ], [ 108.3855559, 11.8840712 ], [ 108.3855293, 11.8840007 ], [ 108.3855105, 11.8839279 ], [ 108.3854996, 11.8838535 ], [ 108.3854968, 11.8837784 ], [ 108.3855021, 11.8837034 ], [ 108.3855164, 11.8836254 ], [ 108.3855394, 11.8835493 ], [ 108.3855709, 11.8834763 ], [ 108.3856106, 11.8834071 ], [ 108.3856578, 11.8833426 ], [ 108.385712, 11.8832837 ], [ 108.3857726, 11.883231 ], [ 108.3858388, 11.8831853 ], [ 108.3859098, 11.883147 ], [ 108.386237, 11.882979 ], [ 108.3863422, 11.8829179 ], [ 108.3864437, 11.8828511 ], [ 108.386541, 11.8827786 ], [ 108.386634, 11.8827008 ], [ 108.3867315, 11.8826086 ], [ 108.3868228, 11.8825104 ], [ 108.3869076, 11.8824068 ], [ 108.3869679, 11.8823026 ], [ 108.3870256, 11.8821968 ], [ 108.3870778, 11.8820951 ], [ 108.3871275, 11.8819921 ], [ 108.3871593, 11.8819198 ], [ 108.3871973, 11.8818504 ], [ 108.3872447, 11.8817792 ], [ 108.3872985, 11.8817125 ], [ 108.3873582, 11.8816509 ], [ 108.3876854, 11.8812992 ], [ 108.3877759, 11.8812088 ], [ 108.3878618, 11.8811142 ], [ 108.3879429, 11.8810157 ], [ 108.3880115, 11.880924 ], [ 108.3880759, 11.8808294 ], [ 108.388136, 11.8807322 ], [ 108.388183, 11.8806262 ], [ 108.3882219, 11.880517 ], [ 108.3882493, 11.880418 ], [ 108.3882701, 11.8803175 ], [ 108.388297, 11.880118 ], [ 108.3885115, 11.8797086 ], [ 108.388533, 11.8793411 ], [ 108.3885598, 11.8790104 ], [ 108.3885813, 11.878706 ], [ 108.3886973, 11.8787322 ], [ 108.3888119, 11.8787637 ], [ 108.3889255, 11.8788005 ], [ 108.3890372, 11.8788424 ], [ 108.3891241, 11.8788737 ], [ 108.3892134, 11.8788974 ], [ 108.3893045, 11.8789133 ], [ 108.3893967, 11.8789211 ], [ 108.3894864, 11.8789211 ], [ 108.3895758, 11.8789135 ], [ 108.3896641, 11.8788985 ], [ 108.3897509, 11.878876 ], [ 108.3898353, 11.8788463 ], [ 108.3899168, 11.8788097 ], [ 108.3899948, 11.8787663 ], [ 108.3918699, 11.8787857 ], [ 108.3916497, 11.8790889 ], [ 108.3916037, 11.8791785 ], [ 108.3915653, 11.8792715 ], [ 108.391535, 11.8793673 ], [ 108.3915116, 11.8794723 ], [ 108.3914978, 11.8795788 ], [ 108.3914937, 11.8796862 ], [ 108.391512, 11.8811233 ], [ 108.3915265, 11.8811975 ], [ 108.3915467, 11.8812705 ], [ 108.3915725, 11.8813417 ], [ 108.3916038, 11.8814107 ], [ 108.3916463, 11.8814867 ], [ 108.3916953, 11.8815588 ], [ 108.3917507, 11.8816263 ], [ 108.3920215, 11.8819901 ], [ 108.3920467, 11.8823281 ], [ 108.392213, 11.8826378 ], [ 108.3923095, 11.8829738 ], [ 108.3926153, 11.883441 ], [ 108.3934897, 11.8841129 ], [ 108.3935304, 11.8841502 ], [ 108.3935681, 11.8841906 ], [ 108.3936024, 11.8842336 ], [ 108.3936468, 11.8843022 ], [ 108.3936828, 11.8843754 ], [ 108.3937052, 11.8844286 ], [ 108.3937335, 11.8844792 ], [ 108.3937673, 11.8845264 ], [ 108.3938062, 11.8845696 ], [ 108.3938548, 11.8846123 ], [ 108.3939084, 11.8846488 ], [ 108.3939661, 11.8846787 ], [ 108.3940271, 11.8847014 ], [ 108.3940905, 11.8847166 ], [ 108.3942944, 11.8847497 ], [ 108.3944966, 11.8847917 ], [ 108.3946967, 11.8848426 ], [ 108.3948413, 11.8848852 ], [ 108.3949844, 11.8849325 ], [ 108.3951259, 11.8849843 ], [ 108.3959788, 11.8854462 ], [ 108.3964831, 11.8859344 ], [ 108.396467, 11.8865801 ], [ 108.3958232, 11.8874226 ], [ 108.3957937, 11.8880919 ], [ 108.3958608, 11.8887901 ], [ 108.3960271, 11.8891995 ], [ 108.396247, 11.8898557 ], [ 108.3965313, 11.8901654 ], [ 108.3966708, 11.8903859 ], [ 108.3970302, 11.8907953 ], [ 108.3973092, 11.8913413 ], [ 108.3977169, 11.8925958 ], [ 108.3977222, 11.8929817 ], [ 108.3977191, 11.8930142 ], [ 108.397711, 11.893046 ], [ 108.3976981, 11.8930762 ], [ 108.3976755, 11.8931111 ], [ 108.3976465, 11.8931412 ], [ 108.3976123, 11.8931654 ], [ 108.3972126, 11.8934357 ], [ 108.3970678, 11.8941759 ], [ 108.3970455, 11.8942538 ], [ 108.3970174, 11.8943299 ], [ 108.3969836, 11.8944038 ], [ 108.3969444, 11.8944751 ], [ 108.3968947, 11.8945506 ], [ 108.3968389, 11.8946219 ], [ 108.3967774, 11.8946885 ], [ 108.3967105, 11.8947499 ], [ 108.3966386, 11.8948058 ], [ 108.3963275, 11.8950315 ], [ 108.3958232, 11.8955039 ], [ 108.3958286, 11.8958976 ], [ 108.3958308, 11.8959849 ], [ 108.3958423, 11.8960714 ], [ 108.3958629, 11.8961563 ], [ 108.3958924, 11.8962387 ], [ 108.3959305, 11.8963176 ], [ 108.395978, 11.8963939 ], [ 108.3960336, 11.8964649 ], [ 108.3960965, 11.8965296 ], [ 108.3961661, 11.8965875 ], [ 108.3962417, 11.8966378 ], [ 108.3975989, 11.8975511 ], [ 108.3980173, 11.8979448 ], [ 108.3983499, 11.8983752 ], [ 108.3988595, 11.8992938 ], [ 108.3988693, 11.8993682 ], [ 108.3988879, 11.8994408 ], [ 108.3989152, 11.8995109 ], [ 108.3989507, 11.8995773 ], [ 108.3989903, 11.8996346 ], [ 108.3990361, 11.8996873 ], [ 108.3990875, 11.8997349 ], [ 108.3993316, 11.89995 ], [ 108.3994764, 11.9001389 ], [ 108.399533, 11.9001729 ], [ 108.3995924, 11.9002018 ], [ 108.3996541, 11.9002256 ], [ 108.3997178, 11.9002439 ], [ 108.3997885, 11.9002576 ], [ 108.3998603, 11.9002646 ], [ 108.3999324, 11.9002649 ], [ 108.4004044, 11.9002859 ], [ 108.4005654, 11.9012938 ], [ 108.4006727, 11.9016244 ], [ 108.4014291, 11.9026323 ], [ 108.40159, 11.9029945 ], [ 108.4016389, 11.9030353 ], [ 108.4016912, 11.9030718 ], [ 108.4017466, 11.9031038 ], [ 108.4018046, 11.9031309 ], [ 108.4018667, 11.9031538 ], [ 108.4019307, 11.9031711 ], [ 108.401996, 11.9031827 ], [ 108.4020621, 11.9031887 ], [ 108.402679, 11.9032254 ], [ 108.4027615, 11.9032353 ], [ 108.4028425, 11.903254 ], [ 108.4029208, 11.9032815 ], [ 108.4029955, 11.9033173 ], [ 108.403061, 11.9033578 ], [ 108.403122, 11.9034047 ], [ 108.4031776, 11.9034576 ], [ 108.4032273, 11.9035159 ], [ 108.4032706, 11.9035788 ], [ 108.403307, 11.9036459 ], [ 108.4033361, 11.9037162 ], [ 108.4036231, 11.9046322 ], [ 108.403666, 11.9052306 ], [ 108.4036921, 11.9053482 ], [ 108.4037262, 11.9054638 ], [ 108.4037679, 11.905577 ], [ 108.403822, 11.9056968 ], [ 108.4038847, 11.9058125 ], [ 108.4039557, 11.9059234 ], [ 108.4053183, 11.9069391 ], [ 108.404417, 11.9069864 ], [ 108.4036875, 11.9076031 ], [ 108.4032959, 11.9077973 ], [ 108.4032219, 11.9078156 ], [ 108.4031466, 11.9078279 ], [ 108.4030706, 11.9078341 ], [ 108.4029896, 11.9078339 ], [ 108.4029089, 11.9078269 ], [ 108.4028292, 11.9078131 ], [ 108.4023625, 11.9077238 ], [ 108.4015632, 11.9077868 ], [ 108.4014233, 11.907967 ], [ 108.4012909, 11.9081526 ], [ 108.4011662, 11.9083432 ], [ 108.4010781, 11.9084889 ], [ 108.4009945, 11.9086372 ], [ 108.4008749, 11.9087369 ], [ 108.4007611, 11.9088431 ], [ 108.4006534, 11.9089552 ], [ 108.4005523, 11.909073 ], [ 108.4004581, 11.9091962 ], [ 108.4003786, 11.9093123 ], [ 108.4003052, 11.9094323 ], [ 108.4002382, 11.9095557 ], [ 108.4001738, 11.9097499 ], [ 108.3999699, 11.9099231 ], [ 108.3997366, 11.910183 ], [ 108.3997573, 11.9102866 ], [ 108.399771, 11.9103914 ], [ 108.3997767, 11.9104715 ], [ 108.3997782, 11.9105517 ], [ 108.3999156, 11.9106092 ], [ 108.4000494, 11.9106745 ], [ 108.4001791, 11.9107472 ], [ 108.4002731, 11.9108063 ], [ 108.4003644, 11.9108693 ], [ 108.4004527, 11.9109362 ], [ 108.4004935, 11.9109866 ], [ 108.4005263, 11.9110422 ], [ 108.4005504, 11.911102 ], [ 108.4005654, 11.9111645 ], [ 108.4005708, 11.9112266 ], [ 108.4005672, 11.9112888 ], [ 108.4005545, 11.9113499 ], [ 108.4005332, 11.9114086 ], [ 108.4004326, 11.9116067 ], [ 108.4004149, 11.9116522 ], [ 108.4004049, 11.9116998 ], [ 108.4004031, 11.9117485 ], [ 108.40041, 11.9117994 ], [ 108.4004258, 11.9118485 ], [ 108.40045, 11.9118941 ], [ 108.4006573, 11.9121585 ], [ 108.4006962, 11.912194 ], [ 108.4007386, 11.9122257 ], [ 108.4007838, 11.9122532 ], [ 108.4008418, 11.9122805 ], [ 108.4009027, 11.9123009 ], [ 108.400937, 11.9123078 ], [ 108.4009695, 11.9123205 ], [ 108.4009993, 11.9123385 ], [ 108.4010254, 11.9123613 ], [ 108.4010506, 11.9123937 ], [ 108.4010684, 11.9124305 ], [ 108.401078, 11.9124701 ], [ 108.401079, 11.9125109 ], [ 108.4010924, 11.9128967 ], [ 108.4010983, 11.9129501 ], [ 108.4011105, 11.9130025 ], [ 108.4011292, 11.9130531 ], [ 108.4011538, 11.9131011 ], [ 108.4011841, 11.913146 ], [ 108.401226, 11.9131932 ], [ 108.4012741, 11.9132342 ], [ 108.4013275, 11.9132684 ], [ 108.4013853, 11.9132949 ], [ 108.4014374, 11.9133166 ], [ 108.4014865, 11.9133444 ], [ 108.4015318, 11.9133778 ], [ 108.4015726, 11.9134163 ], [ 108.4016066, 11.9134571 ], [ 108.4016357, 11.9135015 ], [ 108.4016593, 11.9135489 ], [ 108.4016772, 11.9135987 ], [ 108.4017103, 11.9137509 ], [ 108.4017203, 11.9137831 ], [ 108.4017375, 11.9138122 ], [ 108.401761, 11.9138369 ], [ 108.4017844, 11.913853 ], [ 108.4018105, 11.9138645 ], [ 108.4018383, 11.913871 ], [ 108.4023537, 11.9139943 ], [ 108.4023989, 11.9140057 ], [ 108.4024418, 11.9140237 ], [ 108.4024815, 11.9140477 ], [ 108.402517, 11.9140773 ], [ 108.4025475, 11.9141118 ], [ 108.402571, 11.9141478 ], [ 108.4025891, 11.9141866 ], [ 108.4026014, 11.9142276 ], [ 108.4026077, 11.9142698 ], [ 108.4026079, 11.9143125 ], [ 108.4025979, 11.914392 ], [ 108.4025797, 11.91447 ], [ 108.4025605, 11.9145282 ], [ 108.4025368, 11.9145847 ], [ 108.4025086, 11.9146393 ], [ 108.402478, 11.9146939 ], [ 108.402455, 11.9147521 ], [ 108.4024435, 11.9147956 ], [ 108.4024363, 11.9148399 ], [ 108.4024335, 11.9148847 ], [ 108.4024249, 11.9149362 ], [ 108.4024081, 11.9149857 ], [ 108.402388, 11.9150247 ], [ 108.4023628, 11.9150608 ], [ 108.402333, 11.9150933 ], [ 108.402163, 11.9152816 ], [ 108.4021437, 11.9153153 ], [ 108.4021291, 11.9153511 ], [ 108.4021195, 11.9153883 ], [ 108.402115, 11.9154264 ], [ 108.4021061, 11.9154721 ], [ 108.4020902, 11.9155158 ], [ 108.4020664, 11.915559 ], [ 108.4020359, 11.9155978 ], [ 108.4020204, 11.9156244 ], [ 108.4020122, 11.9156539 ], [ 108.4020118, 11.9156844 ], [ 108.4020193, 11.9157144 ], [ 108.4020342, 11.9157415 ], [ 108.4020557, 11.9157641 ], [ 108.4020823, 11.9157806 ], [ 108.4021536, 11.9158032 ], [ 108.4022215, 11.9158345 ], [ 108.4022847, 11.9158741 ], [ 108.4023292, 11.9159095 ], [ 108.4023701, 11.915949 ], [ 108.4024067, 11.9159922 ], [ 108.4024321, 11.9160237 ], [ 108.4024623, 11.9160509 ], [ 108.4024966, 11.9160729 ], [ 108.4025341, 11.9160893 ], [ 108.4025769, 11.9161 ], [ 108.402621, 11.9161033 ], [ 108.4026649, 11.9160991 ], [ 108.4027075, 11.9160876 ], [ 108.4028153, 11.9160592 ], [ 108.4029247, 11.9160377 ], [ 108.4030353, 11.9160231 ], [ 108.4031467, 11.9160156 ], [ 108.4032583, 11.9160151 ], [ 108.4033827, 11.9160229 ], [ 108.4035062, 11.9160395 ], [ 108.4036281, 11.9160647 ], [ 108.4037478, 11.9160985 ], [ 108.4037893, 11.9161071 ], [ 108.4038315, 11.9161111 ], [ 108.4038739, 11.9161103 ], [ 108.403932, 11.9161012 ], [ 108.4039879, 11.9160833 ], [ 108.4040402, 11.9160568 ], [ 108.404172, 11.9159886 ], [ 108.404218, 11.9159706 ], [ 108.404266, 11.9159581 ], [ 108.4043151, 11.9159512 ], [ 108.4043647, 11.9159502 ], [ 108.4044085, 11.915954 ], [ 108.4044515, 11.9159624 ], [ 108.4044935, 11.9159751 ], [ 108.4045221, 11.9159962 ], [ 108.4045452, 11.9160228 ], [ 108.4045619, 11.9160538 ], [ 108.4045707, 11.916085 ], [ 108.404573, 11.9161172 ], [ 108.4045685, 11.9161492 ], [ 108.4045575, 11.9161797 ], [ 108.4045404, 11.9162074 ], [ 108.4045062, 11.9162626 ], [ 108.4044779, 11.916321 ], [ 108.4044559, 11.9163819 ], [ 108.404439, 11.9164525 ], [ 108.4044304, 11.9165246 ], [ 108.4044304, 11.9165971 ], [ 108.4044404, 11.9166686 ], [ 108.4044573, 11.9167388 ], [ 108.4044805, 11.9168062 ], [ 108.4045101, 11.9168711 ], [ 108.4045458, 11.916933 ], [ 108.4045926, 11.9170011 ], [ 108.4046321, 11.9170735 ], [ 108.4046638, 11.9171495 ], [ 108.4046833, 11.9172125 ], [ 108.4046975, 11.9172769 ], [ 108.4047062, 11.9173422 ], [ 108.4047094, 11.917408 ], [ 108.4047096, 11.9174836 ], [ 108.404704, 11.9175589 ], [ 108.4046918, 11.9176389 ], [ 108.4046732, 11.9177177 ], [ 108.4046323, 11.9178128 ], [ 108.4045895, 11.917893 ], [ 108.4045404, 11.9179697 ], [ 108.4043419, 11.9182505 ], [ 108.4043218, 11.9182872 ], [ 108.4043092, 11.918327 ], [ 108.4043048, 11.9183684 ], [ 108.4043086, 11.9184099 ], [ 108.4043205, 11.9184499 ], [ 108.4043404, 11.9184875 ], [ 108.4043675, 11.9185205 ], [ 108.4044007, 11.9185477 ], [ 108.4044387, 11.918568 ], [ 108.40448, 11.9185806 ], [ 108.404523, 11.9185851 ], [ 108.404611, 11.9185875 ], [ 108.4046985, 11.918598 ], [ 108.4047845, 11.9186166 ], [ 108.4048594, 11.9186398 ], [ 108.404932, 11.918669 ], [ 108.404998, 11.9186912 ], [ 108.4050663, 11.9187049 ], [ 108.4051359, 11.9187097 ], [ 108.4052009, 11.9187063 ], [ 108.4052649, 11.9186951 ], [ 108.4053272, 11.9186765 ], [ 108.4053867, 11.9186507 ], [ 108.405456, 11.9186377 ], [ 108.4055261, 11.9186297 ], [ 108.4056229, 11.918627 ], [ 108.4057195, 11.9186339 ], [ 108.4058148, 11.9186503 ], [ 108.406021, 11.9186756 ], [ 108.4060911, 11.9186895 ], [ 108.4061591, 11.918711 ], [ 108.4062291, 11.9187424 ], [ 108.4062946, 11.9187819 ], [ 108.4063919, 11.9187811 ], [ 108.4064889, 11.9187895 ], [ 108.4065846, 11.9188068 ], [ 108.4066781, 11.9188331 ], [ 108.4067566, 11.9188627 ], [ 108.4068322, 11.9188985 ], [ 108.4069046, 11.9189404 ], [ 108.4069732, 11.9189879 ], [ 108.4071583, 11.9191611 ], [ 108.4071919, 11.9191843 ], [ 108.4072284, 11.9192032 ], [ 108.4072669, 11.9192175 ], [ 108.4073122, 11.9192279 ], [ 108.4073586, 11.9192318 ], [ 108.407405, 11.9192294 ], [ 108.4076598, 11.9192189 ], [ 108.4077114, 11.9192266 ], [ 108.4077611, 11.9192424 ], [ 108.4078073, 11.9192661 ], [ 108.4078426, 11.9192914 ], [ 108.407874, 11.9193212 ], [ 108.4079008, 11.919355 ], [ 108.4079227, 11.9193921 ], [ 108.4081024, 11.9196886 ], [ 108.4081323, 11.9197536 ], [ 108.4081545, 11.9198215 ], [ 108.4081687, 11.9198915 ], [ 108.4081746, 11.9199625 ], [ 108.4081724, 11.9200329 ], [ 108.4081697, 11.9200681 ], [ 108.4081621, 11.9201026 ], [ 108.4081503, 11.9201345 ], [ 108.4081343, 11.9201647 ], [ 108.4081145, 11.9201925 ], [ 108.4079213, 11.9203775 ], [ 108.4078923, 11.9204181 ], [ 108.4078711, 11.9204631 ], [ 108.4078591, 11.9205079 ], [ 108.407855, 11.920554 ], [ 108.4078507, 11.9206083 ], [ 108.4078436, 11.9206623 ], [ 108.4078251, 11.9207532 ], [ 108.4077986, 11.9208422 ], [ 108.4077644, 11.9209286 ], [ 108.4077419, 11.9209955 ], [ 108.4077276, 11.9210644 ], [ 108.4077223, 11.9211184 ], [ 108.407722, 11.9211727 ], [ 108.4077403, 11.9214811 ], [ 108.4077068, 11.9218629 ], [ 108.4077126, 11.9219025 ], [ 108.4077247, 11.9219408 ], [ 108.4077426, 11.9219767 ], [ 108.4077647, 11.9220079 ], [ 108.4077911, 11.9220356 ], [ 108.4078214, 11.9220591 ], [ 108.407855, 11.9220781 ], [ 108.4079358, 11.9221161 ], [ 108.4080139, 11.9221595 ], [ 108.4080936, 11.9222113 ], [ 108.4081693, 11.9222687 ], [ 108.4082405, 11.9223314 ], [ 108.4083505, 11.9224403 ], [ 108.4083798, 11.9224633 ], [ 108.4084135, 11.9224796 ], [ 108.4084406, 11.922487 ], [ 108.4084685, 11.9224901 ], [ 108.4084921, 11.922492 ], [ 108.4085148, 11.9224987 ], [ 108.4085356, 11.9225098 ], [ 108.4085572, 11.9225291 ], [ 108.4085731, 11.9225531 ], [ 108.4085959, 11.9226292 ], [ 108.4086107, 11.9226597 ], [ 108.4086322, 11.9226862 ], [ 108.4086593, 11.9227072 ], [ 108.4086905, 11.9227217 ], [ 108.408726, 11.9227291 ], [ 108.4087622, 11.922728 ], [ 108.4087972, 11.9227186 ], [ 108.4088289, 11.9227013 ], [ 108.4088554, 11.9226771 ], [ 108.408888, 11.9226536 ], [ 108.4089234, 11.9226342 ], [ 108.408961, 11.9226194 ], [ 108.4090151, 11.9226068 ], [ 108.4090705, 11.9226035 ], [ 108.4091257, 11.9226095 ], [ 108.4091634, 11.922618 ], [ 108.4091994, 11.9226318 ], [ 108.4092322, 11.9226503 ], [ 108.4092619, 11.9226732 ], [ 108.4092879, 11.9227001 ], [ 108.4093413, 11.9227616 ], [ 108.4093872, 11.9228287 ], [ 108.4094092, 11.922868 ], [ 108.4094287, 11.9229087 ], [ 108.4094526, 11.9229428 ], [ 108.4094824, 11.9229721 ], [ 108.409517, 11.9229957 ], [ 108.4095554, 11.9230128 ], [ 108.4095964, 11.9230229 ], [ 108.4096364, 11.9230256 ], [ 108.4096763, 11.9230216 ], [ 108.4097149, 11.923011 ], [ 108.4097511, 11.9229941 ], [ 108.4097839, 11.9229714 ], [ 108.4098121, 11.9229435 ], [ 108.4098351, 11.9229113 ], [ 108.4100215, 11.9226975 ], [ 108.4100771, 11.922645 ], [ 108.4101373, 11.9225978 ], [ 108.4102016, 11.9225561 ], [ 108.4102696, 11.9225203 ], [ 108.410338, 11.9224917 ], [ 108.4104086, 11.9224691 ], [ 108.410481, 11.9224527 ], [ 108.410518, 11.9224475 ], [ 108.4105553, 11.9224458 ], [ 108.4105923, 11.9224478 ], [ 108.410629, 11.9224533 ], [ 108.4107015, 11.9224727 ], [ 108.4107711, 11.9225004 ], [ 108.4108369, 11.9225361 ], [ 108.4108918, 11.9225743 ], [ 108.4109422, 11.9226182 ], [ 108.4109875, 11.922667 ], [ 108.4110272, 11.9227203 ], [ 108.4110609, 11.9227775 ], [ 108.4112325, 11.9230635 ], [ 108.4112531, 11.9231083 ], [ 108.4112682, 11.9231552 ], [ 108.4112774, 11.9232035 ], [ 108.4112808, 11.9232525 ], [ 108.4112775, 11.9233073 ], [ 108.4112669, 11.9233611 ], [ 108.4112491, 11.9234132 ], [ 108.4112245, 11.9234624 ], [ 108.4112009, 11.923522 ], [ 108.411183, 11.9235834 ], [ 108.4111708, 11.9236462 ], [ 108.4111649, 11.9237046 ], [ 108.411164, 11.9237634 ], [ 108.4111682, 11.923822 ], [ 108.4111896, 11.9240372 ], [ 108.4111948, 11.9240893 ], [ 108.4111926, 11.9241417 ], [ 108.4111832, 11.9241933 ], [ 108.4111668, 11.9242432 ], [ 108.4111459, 11.9242865 ], [ 108.4111196, 11.924327 ], [ 108.4110884, 11.9243639 ], [ 108.4108999, 11.9245443 ], [ 108.4108874, 11.9245685 ], [ 108.4108803, 11.9245948 ], [ 108.4108791, 11.9246219 ], [ 108.4108838, 11.9246486 ], [ 108.4108972, 11.9246788 ], [ 108.4109179, 11.9247046 ], [ 108.4109448, 11.9247244 ], [ 108.4109759, 11.9247367 ], [ 108.4112184, 11.9248209 ], [ 108.4112802, 11.924848 ], [ 108.4113396, 11.9248799 ], [ 108.4113961, 11.9249163 ], [ 108.4114574, 11.9249636 ], [ 108.4115138, 11.9250163 ], [ 108.4115651, 11.9250738 ], [ 108.4117368, 11.9253047 ], [ 108.4117769, 11.9253468 ], [ 108.4118199, 11.9253861 ], [ 108.4118669, 11.9254232 ], [ 108.4119165, 11.9254569 ], [ 108.4120613, 11.9255724 ], [ 108.4120904, 11.9256011 ], [ 108.4121143, 11.925634 ], [ 108.4121325, 11.9256702 ], [ 108.4121445, 11.9257089 ], [ 108.4121502, 11.9257554 ], [ 108.4121469, 11.9258022 ], [ 108.4121347, 11.9258475 ], [ 108.4121141, 11.9258898 ], [ 108.4120857, 11.9259276 ], [ 108.4120506, 11.9259595 ], [ 108.4119583, 11.9260315 ], [ 108.4118706, 11.9261088 ], [ 108.4117877, 11.9261911 ], [ 108.4117139, 11.9262734 ], [ 108.4115323, 11.9264978 ], [ 108.4114091, 11.9265562 ], [ 108.4112833, 11.926609 ], [ 108.4111551, 11.9266559 ], [ 108.4110454, 11.9266909 ], [ 108.4109343, 11.9267217 ], [ 108.4108222, 11.9267481 ], [ 108.4102602, 11.9267625 ], [ 108.4102031, 11.9267628 ], [ 108.4101462, 11.9267569 ], [ 108.4100904, 11.926745 ], [ 108.4100363, 11.9267271 ], [ 108.409978, 11.9267001 ], [ 108.4099237, 11.9266662 ], [ 108.409874, 11.9266261 ], [ 108.4098348, 11.9266019 ], [ 108.4097916, 11.9265856 ], [ 108.409746, 11.9265778 ], [ 108.4096996, 11.9265788 ], [ 108.4096587, 11.9265874 ], [ 108.4096198, 11.9266028 ], [ 108.4095844, 11.9266247 ], [ 108.4095535, 11.9266523 ], [ 108.4094582, 11.9267468 ], [ 108.4094199, 11.9267829 ], [ 108.4093787, 11.9268157 ], [ 108.4093349, 11.9268452 ], [ 108.4092674, 11.9268814 ], [ 108.4091961, 11.9269095 ], [ 108.4088484, 11.9270046 ], [ 108.4088213, 11.9270113 ], [ 108.4087954, 11.9270217 ], [ 108.4087595, 11.9270443 ], [ 108.4087448, 11.9270613 ], [ 108.4087347, 11.9270813 ], [ 108.4087297, 11.927103 ], [ 108.4087308, 11.9271293 ], [ 108.4087394, 11.9271543 ], [ 108.4087548, 11.9271759 ], [ 108.408797, 11.9272338 ], [ 108.408833, 11.9272955 ], [ 108.4088627, 11.9273603 ], [ 108.4088856, 11.9274278 ], [ 108.4089014, 11.9274962 ], [ 108.4089103, 11.9275659 ], [ 108.4089122, 11.927636 ], [ 108.4089071, 11.927706 ], [ 108.4088648, 11.9279796 ], [ 108.4088552, 11.9280404 ], [ 108.4088537, 11.9281019 ], [ 108.4088603, 11.9281631 ], [ 108.4088749, 11.928223 ], [ 108.408893, 11.9282712 ], [ 108.4089163, 11.9283174 ], [ 108.4089446, 11.9283607 ], [ 108.4089779, 11.9284261 ], [ 108.4090036, 11.9284946 ], [ 108.4090181, 11.9285492 ], [ 108.4090358, 11.9286599 ], [ 108.4090448, 11.9286983 ], [ 108.4090615, 11.9287341 ], [ 108.4090852, 11.9287659 ], [ 108.4091149, 11.9287924 ], [ 108.4091483, 11.9288121 ], [ 108.409185, 11.9288251 ], [ 108.4092235, 11.9288308 ], [ 108.409292, 11.9288357 ], [ 108.4093605, 11.9288321 ], [ 108.4094281, 11.92882 ], [ 108.4094946, 11.9287992 ], [ 108.4095579, 11.9287702 ], [ 108.4096168, 11.9287335 ], [ 108.4096704, 11.9286897 ], [ 108.4097178, 11.9286396 ], [ 108.4101436, 11.928177 ], [ 108.4101937, 11.9281419 ], [ 108.4102475, 11.9281124 ], [ 108.4103043, 11.9280888 ], [ 108.4103634, 11.9280715 ], [ 108.410424, 11.9280606 ], [ 108.4104855, 11.9280563 ], [ 108.410558, 11.9280597 ], [ 108.4106294, 11.9280723 ], [ 108.4106985, 11.9280937 ], [ 108.4107642, 11.9281237 ], [ 108.4108255, 11.9281618 ], [ 108.4108812, 11.9282072 ], [ 108.4110689, 11.9283962 ], [ 108.4110976, 11.928426 ], [ 108.411131, 11.9284507 ], [ 108.4111682, 11.9284696 ], [ 108.4112063, 11.9284819 ], [ 108.4112459, 11.928488 ], [ 108.4112635, 11.9284816 ], [ 108.4112789, 11.9284713 ], [ 108.4112915, 11.9284578 ], [ 108.4113026, 11.9284362 ], [ 108.4113063, 11.9284122 ], [ 108.4113023, 11.9283883 ], [ 108.4112948, 11.9283209 ], [ 108.4112929, 11.9282531 ], [ 108.4112974, 11.9281757 ], [ 108.411309, 11.9280989 ], [ 108.4113277, 11.9280235 ], [ 108.4113346, 11.9279973 ], [ 108.4113459, 11.9279726 ], [ 108.4113613, 11.92795 ], [ 108.4113885, 11.9279235 ], [ 108.4114213, 11.9279039 ], [ 108.4114578, 11.9278923 ], [ 108.4115346, 11.9278646 ], [ 108.411608, 11.9278293 ], [ 108.4116691, 11.9277924 ], [ 108.4117264, 11.9277503 ], [ 108.4117797, 11.9277033 ], [ 108.4118589, 11.9276457 ], [ 108.4119433, 11.9275958 ], [ 108.4120151, 11.9275612 ], [ 108.4120895, 11.9275323 ], [ 108.4121659, 11.9275091 ], [ 108.4122427, 11.927495 ], [ 108.4123205, 11.9274875 ], [ 108.4123986, 11.9274868 ], [ 108.4124765, 11.9274927 ], [ 108.4125535, 11.9275052 ], [ 108.4126267, 11.9275236 ], [ 108.412698, 11.927548 ], [ 108.412767, 11.9275782 ], [ 108.4128331, 11.927614 ], [ 108.4128958, 11.9276551 ], [ 108.4130189, 11.9277742 ], [ 108.4130671, 11.9278029 ], [ 108.4131183, 11.9278262 ], [ 108.4131718, 11.9278437 ], [ 108.413234, 11.9278563 ], [ 108.4132974, 11.9278612 ], [ 108.4136049, 11.9278765 ], [ 108.4136749, 11.9278806 ], [ 108.4137439, 11.9278926 ], [ 108.413811, 11.9279126 ], [ 108.4138752, 11.9279402 ], [ 108.4139301, 11.9279715 ], [ 108.4139814, 11.9280083 ], [ 108.4140283, 11.9280503 ], [ 108.4140506, 11.9280725 ], [ 108.4140703, 11.928097 ], [ 108.4140962, 11.9281403 ], [ 108.414114, 11.9281874 ], [ 108.4141233, 11.9282367 ], [ 108.4141223, 11.9283123 ], [ 108.4141155, 11.9283876 ], [ 108.4141028, 11.9284621 ], [ 108.4140851, 11.9285331 ], [ 108.4140622, 11.9286027 ], [ 108.4140341, 11.9286704 ], [ 108.4139151, 11.9289012 ], [ 108.4138938, 11.9289797 ], [ 108.4138799, 11.9290599 ], [ 108.4138737, 11.9291409 ], [ 108.4138752, 11.9292222 ], [ 108.4138835, 11.9292982 ], [ 108.4138986, 11.9293733 ], [ 108.4139203, 11.9294469 ], [ 108.4139468, 11.9295026 ], [ 108.4139761, 11.9295571 ], [ 108.4140217, 11.929631 ], [ 108.4140723, 11.9297017 ], [ 108.4142581, 11.9300101 ], [ 108.4142851, 11.9300722 ], [ 108.4143059, 11.9301367 ], [ 108.4143202, 11.9302028 ], [ 108.4143278, 11.9302699 ], [ 108.4143288, 11.9303348 ], [ 108.4143237, 11.9303995 ], [ 108.4143124, 11.9304634 ], [ 108.4142976, 11.9304994 ], [ 108.4142774, 11.9305327 ], [ 108.414252, 11.9305625 ], [ 108.4142229, 11.9305876 ], [ 108.4141902, 11.9306081 ], [ 108.4141547, 11.9306235 ], [ 108.4141172, 11.9306334 ], [ 108.4140285, 11.9306499 ], [ 108.413939, 11.9306621 ], [ 108.413849, 11.9306701 ], [ 108.4137198, 11.930674 ], [ 108.4136755, 11.9306772 ], [ 108.4136329, 11.9306893 ], [ 108.4135937, 11.9307097 ], [ 108.4135596, 11.9307375 ], [ 108.4135321, 11.9307716 ], [ 108.4135124, 11.9308105 ], [ 108.4135021, 11.9308476 ], [ 108.4134989, 11.930886 ], [ 108.4135029, 11.9309243 ], [ 108.413514, 11.9309612 ], [ 108.4135317, 11.9309956 ], [ 108.4135556, 11.9310261 ], [ 108.4135848, 11.9310519 ], [ 108.4136531, 11.9311189 ], [ 108.4137165, 11.9311903 ], [ 108.4137746, 11.9312658 ], [ 108.4138208, 11.9313348 ], [ 108.4138627, 11.9314064 ], [ 108.4139, 11.9314803 ], [ 108.4140341, 11.9317264 ], [ 108.4140449, 11.9317718 ], [ 108.4140487, 11.9318183 ], [ 108.4140455, 11.9318648 ], [ 108.4140348, 11.9319121 ], [ 108.4140167, 11.9319573 ], [ 108.4139919, 11.9319993 ], [ 108.4137887, 11.9322742 ], [ 108.4137549, 11.9323289 ], [ 108.4137288, 11.9323875 ], [ 108.4137109, 11.932449 ], [ 108.4137015, 11.9325123 ], [ 108.413701, 11.9325805 ], [ 108.4137104, 11.9326481 ], [ 108.4137295, 11.9327137 ], [ 108.4137578, 11.9327761 ], [ 108.4138388, 11.9328727 ], [ 108.4139241, 11.9329657 ], [ 108.414004, 11.9330458 ], [ 108.4140871, 11.9331228 ], [ 108.4141338, 11.9331606 ], [ 108.4141856, 11.9331914 ], [ 108.4143715, 11.9332404 ], [ 108.4147189, 11.9333446 ], [ 108.4150656, 11.9334172 ], [ 108.415162, 11.9334265 ], [ 108.415259, 11.933428 ], [ 108.4153558, 11.9334216 ], [ 108.415446, 11.9334084 ], [ 108.4155349, 11.9333884 ], [ 108.4156219, 11.9333616 ], [ 108.4157066, 11.9333282 ], [ 108.4157883, 11.9332884 ], [ 108.4164018, 11.9329028 ], [ 108.4166446, 11.9327623 ], [ 108.4167244, 11.9327259 ], [ 108.4168072, 11.9326964 ], [ 108.4168923, 11.932674 ], [ 108.416979, 11.932659 ], [ 108.4170633, 11.9326515 ], [ 108.4171479, 11.9326508 ], [ 108.4172322, 11.9326571 ], [ 108.4173158, 11.9326702 ], [ 108.4173979, 11.9326901 ], [ 108.4179588, 11.9328076 ], [ 108.4180474, 11.932817 ], [ 108.4181365, 11.9328174 ], [ 108.4181982, 11.9328123 ], [ 108.4182593, 11.9328029 ], [ 108.4183196, 11.9327892 ], [ 108.4184037, 11.9327775 ], [ 108.4184886, 11.9327748 ], [ 108.4185713, 11.9327808 ], [ 108.4186529, 11.9327954 ], [ 108.4188665, 11.9328469 ], [ 108.4191246, 11.9329001 ], [ 108.4191765, 11.9329184 ], [ 108.4192248, 11.9329447 ], [ 108.4192606, 11.9329714 ], [ 108.4192925, 11.9330024 ], [ 108.4193201, 11.9330372 ], [ 108.4194173, 11.9331854 ], [ 108.41943, 11.9332202 ], [ 108.4194466, 11.9332533 ], [ 108.4194669, 11.9332843 ], [ 108.4194945, 11.9333172 ], [ 108.4195262, 11.9333463 ], [ 108.4195615, 11.9333711 ], [ 108.4198372, 11.9335292 ], [ 108.4201681, 11.9336809 ], [ 108.4204937, 11.9337903 ], [ 108.4205721, 11.9338183 ], [ 108.4206478, 11.9338525 ], [ 108.4207204, 11.9338928 ], [ 108.4207892, 11.9339389 ], [ 108.4208573, 11.9339934 ], [ 108.4209202, 11.9340535 ], [ 108.420963, 11.9340966 ], [ 108.4210005, 11.9341443 ], [ 108.421032, 11.934196 ], [ 108.4210571, 11.9342509 ], [ 108.421078, 11.9343181 ], [ 108.4210893, 11.9343874 ], [ 108.421091, 11.9344575 ], [ 108.4211078, 11.9348814 ], [ 108.4211143, 11.9349383 ], [ 108.421127, 11.9349943 ], [ 108.4211456, 11.9350487 ], [ 108.4211721, 11.9351046 ], [ 108.4212049, 11.9351573 ], [ 108.4212436, 11.935206 ], [ 108.4214692, 11.9354502 ], [ 108.4215196, 11.9355225 ], [ 108.4215641, 11.9355984 ], [ 108.4216035, 11.9356805 ], [ 108.4218398, 11.9362456 ], [ 108.4221253, 11.9368394 ], [ 108.42215, 11.9368839 ], [ 108.4221806, 11.9369247 ], [ 108.4222166, 11.936961 ], [ 108.4222573, 11.9369923 ], [ 108.422302, 11.9370178 ], [ 108.422355, 11.9370388 ], [ 108.4224106, 11.9370519 ], [ 108.4224676, 11.9370566 ], [ 108.4225759, 11.9370522 ], [ 108.4226842, 11.9370555 ], [ 108.4227692, 11.9370636 ], [ 108.4228536, 11.9370764 ], [ 108.4230589, 11.9371153 ], [ 108.4231788, 11.9371454 ], [ 108.4232962, 11.937184 ], [ 108.4234103, 11.9372309 ], [ 108.4235073, 11.9372786 ], [ 108.4236009, 11.9373323 ], [ 108.4236908, 11.9373918 ], [ 108.4237766, 11.9374568 ], [ 108.423858, 11.9375271 ], [ 108.4239199, 11.9375863 ], [ 108.4239791, 11.9376483 ], [ 108.4248836, 11.9387462 ], [ 108.4249282, 11.9388002 ], [ 108.4249687, 11.9388572 ], [ 108.4250048, 11.9389169 ], [ 108.4250421, 11.9389916 ], [ 108.4250727, 11.9390691 ], [ 108.4252384, 11.939561 ], [ 108.4252967, 11.9395595 ], [ 108.425355, 11.939561 ], [ 108.4254489, 11.9395695 ], [ 108.4255803, 11.9395885 ], [ 108.4254979, 11.9398851 ], [ 108.4250003, 11.9409951 ], [ 108.4252484, 11.940936 ], [ 108.4253341, 11.9409232 ], [ 108.4254205, 11.9409157 ], [ 108.4255072, 11.9409137 ], [ 108.4255993, 11.9409176 ], [ 108.4256909, 11.9409277 ], [ 108.4257815, 11.9409439 ], [ 108.4267169, 11.9411447 ], [ 108.4268232, 11.9411743 ], [ 108.4269275, 11.9412103 ], [ 108.4270267, 11.9412513 ], [ 108.4271233, 11.9412982 ], [ 108.4276128, 11.9415304 ], [ 108.4276698, 11.9415551 ], [ 108.427729, 11.9415744 ], [ 108.4277898, 11.9415881 ], [ 108.4278638, 11.9415972 ], [ 108.4279383, 11.9415981 ], [ 108.4280124, 11.9415908 ], [ 108.4283464, 11.9415383 ], [ 108.4285505, 11.9414922 ], [ 108.4287527, 11.9414386 ], [ 108.4289688, 11.9413721 ], [ 108.4291819, 11.9412969 ], [ 108.4293676, 11.9412201 ], [ 108.4306329, 11.9406986 ], [ 108.4307201, 11.9406578 ], [ 108.4308043, 11.9406114 ], [ 108.4308851, 11.9405595 ], [ 108.4309692, 11.9404967 ], [ 108.4310484, 11.9404279 ], [ 108.4311221, 11.9403537 ], [ 108.4315711, 11.9408298 ], [ 108.4319841, 11.9412634 ], [ 108.4314933, 11.9420654 ], [ 108.4320471, 11.942317 ], [ 108.4324776, 11.9425607 ], [ 108.4325406, 11.9426025 ], [ 108.4325995, 11.9426495 ], [ 108.432654, 11.9427014 ], [ 108.4327104, 11.9427666 ], [ 108.4327597, 11.9428371 ], [ 108.4328015, 11.942912 ], [ 108.4329671, 11.9432328 ], [ 108.4334412, 11.9439971 ], [ 108.4334583, 11.9440329 ], [ 108.4334721, 11.9440699 ], [ 108.433484, 11.944116 ], [ 108.4334908, 11.9441631 ], [ 108.4335148, 11.9444052 ], [ 108.433523, 11.9444449 ], [ 108.4335549, 11.9444931 ], [ 108.43358, 11.9445278 ], [ 108.4336109, 11.9445577 ], [ 108.4336362, 11.9445838 ], [ 108.4336583, 11.9446127 ], [ 108.4336766, 11.944644 ], [ 108.4336917, 11.9446793 ], [ 108.4337022, 11.9447162 ], [ 108.4337078, 11.9447542 ], [ 108.4337456, 11.9452292 ], [ 108.4337893, 11.9454911 ], [ 108.4338275, 11.9457153 ], [ 108.4338563, 11.9458622 ], [ 108.4338794, 11.9459545 ], [ 108.4339062, 11.9460459 ], [ 108.4342068, 11.9471579 ], [ 108.4342129, 11.9471915 ], [ 108.4342164, 11.9472254 ], [ 108.4342164, 11.9472845 ], [ 108.4342103, 11.9473401 ], [ 108.4341956, 11.947522 ], [ 108.4341941, 11.9475604 ], [ 108.4341963, 11.9475987 ], [ 108.4342017, 11.9476343 ], [ 108.4342103, 11.9476693 ], [ 108.4342821, 11.9479555 ], [ 108.4342951, 11.9480134 ], [ 108.4342978, 11.9480683 ], [ 108.4343022, 11.9481314 ], [ 108.4342968, 11.9481871 ], [ 108.4342858, 11.9482419 ], [ 108.4342694, 11.9482954 ], [ 108.434213, 11.9484201 ], [ 108.434189, 11.9484687 ], [ 108.4341576, 11.9485132 ], [ 108.4341195, 11.9485523 ], [ 108.4340865, 11.9485779 ], [ 108.4340507, 11.9485995 ], [ 108.4340125, 11.9486169 ], [ 108.4338422, 11.9486753 ], [ 108.4337923, 11.9486898 ], [ 108.4337452, 11.9487114 ], [ 108.4337018, 11.9487396 ], [ 108.4336632, 11.9487737 ], [ 108.4336347, 11.9488067 ], [ 108.4336106, 11.948843 ], [ 108.4335807, 11.9488753 ], [ 108.4335173, 11.9490384 ], [ 108.4334854, 11.9491108 ], [ 108.433456, 11.9491843 ], [ 108.4334325, 11.9492595 ], [ 108.4333768, 11.9494317 ], [ 108.4333514, 11.949513 ], [ 108.4333219, 11.949593 ], [ 108.4332907, 11.949666 ], [ 108.4332561, 11.9497374 ], [ 108.4331301, 11.9499375 ], [ 108.4330954, 11.9499921 ], [ 108.4330712, 11.9500342 ], [ 108.4329772, 11.9502241 ], [ 108.4329252, 11.9503309 ], [ 108.432868, 11.9504351 ], [ 108.4328055, 11.9505364 ], [ 108.4327307, 11.9506447 ], [ 108.43265, 11.9507489 ], [ 108.4324448, 11.9509546 ], [ 108.43242, 11.9509818 ], [ 108.4323992, 11.9510087 ], [ 108.4323308, 11.9511039 ], [ 108.4323133, 11.9511305 ], [ 108.4322993, 11.951159 ], [ 108.4322855, 11.9512037 ], [ 108.4322503, 11.9513394 ], [ 108.43224, 11.9513808 ], [ 108.4322269, 11.9514214 ], [ 108.4322105, 11.9514618 ], [ 108.4321914, 11.951501 ], [ 108.432137, 11.9515959 ], [ 108.4321176, 11.9516346 ], [ 108.4321028, 11.9516752 ], [ 108.432093, 11.9517168 ], [ 108.432088, 11.9517592 ], [ 108.4320792, 11.9519882 ], [ 108.4320708, 11.9520658 ], [ 108.4320535, 11.952142 ], [ 108.4320333, 11.9522018 ], [ 108.4320076, 11.9522596 ], [ 108.4319767, 11.9523149 ], [ 108.4318366, 11.9525563 ], [ 108.4318173, 11.9525887 ], [ 108.431795, 11.9526193 ], [ 108.4317568, 11.9526606 ], [ 108.4316777, 11.9527157 ], [ 108.4316288, 11.9527603 ], [ 108.4315865, 11.9528108 ], [ 108.4315557, 11.9528584 ], [ 108.4315307, 11.9529092 ], [ 108.4313028, 11.9534006 ], [ 108.4310742, 11.953966 ], [ 108.4310459, 11.9540621 ], [ 108.4310205, 11.9541589 ], [ 108.4309883, 11.9543032 ], [ 108.430926, 11.9546922 ], [ 108.4316039, 11.9549907 ], [ 108.4318179, 11.9551098 ], [ 108.4314001, 11.9561361 ], [ 108.4304841, 11.9557163 ], [ 108.4293049, 11.9580526 ], [ 108.4290357, 11.9585312 ], [ 108.4288386, 11.958848 ], [ 108.4287927, 11.9589156 ], [ 108.4287412, 11.9589792 ], [ 108.4286843, 11.9590383 ], [ 108.4286361, 11.9590814 ], [ 108.4285851, 11.9591212 ], [ 108.4285314, 11.9591577 ], [ 108.4279323, 11.9594739 ], [ 108.427484, 11.9600538 ], [ 108.427012, 11.9598701 ], [ 108.4269241, 11.9598091 ], [ 108.4268846, 11.9598504 ], [ 108.4265573, 11.9596274 ], [ 108.4264058, 11.9597743 ], [ 108.4253114, 11.9589924 ], [ 108.4252545, 11.9590361 ], [ 108.4252032, 11.9590862 ], [ 108.4251631, 11.9591349 ], [ 108.4251285, 11.9591874 ], [ 108.4250057, 11.9593932 ], [ 108.4247572, 11.9592616 ], [ 108.4247352, 11.9592509 ], [ 108.424712, 11.9592429 ], [ 108.4246724, 11.9592364 ], [ 108.4246704, 11.9591065 ], [ 108.4244585, 11.9588953 ], [ 108.4244706, 11.9588795 ], [ 108.4241997, 11.9586263 ], [ 108.4240562, 11.9585765 ], [ 108.4239288, 11.9588284 ], [ 108.4237732, 11.9587706 ], [ 108.4236994, 11.9587103 ], [ 108.4236552, 11.9587391 ], [ 108.4235439, 11.9586552 ], [ 108.4234956, 11.958587 ], [ 108.4230611, 11.9581986 ], [ 108.4230182, 11.9580858 ], [ 108.4229729, 11.9580615 ], [ 108.422932, 11.9580309 ], [ 108.4228963, 11.9579945 ], [ 108.4228666, 11.9579533 ], [ 108.422843, 11.9579065 ], [ 108.4228273, 11.9578566 ], [ 108.4228197, 11.957805 ], [ 108.4227553, 11.9576476 ], [ 108.4228465, 11.957519 ], [ 108.4227164, 11.9571083 ], [ 108.4227025, 11.957075 ], [ 108.4226829, 11.9570447 ], [ 108.4226606, 11.9570205 ], [ 108.4226346, 11.9570001 ], [ 108.4224686, 11.9572553 ], [ 108.4224656, 11.9569961 ], [ 108.4223117, 11.9560148 ], [ 108.4220029, 11.9559951 ], [ 108.4219067, 11.9559833 ], [ 108.4218098, 11.95598 ], [ 108.4217294, 11.9559836 ], [ 108.4216496, 11.9559931 ], [ 108.4214652, 11.9560338 ], [ 108.4213739, 11.9560508 ], [ 108.4212814, 11.95606 ], [ 108.4211955, 11.9560615 ], [ 108.4211098, 11.9560561 ], [ 108.4209082, 11.9560351 ], [ 108.4207061, 11.9560207 ], [ 108.420568, 11.9560146 ], [ 108.4204298, 11.9560115 ], [ 108.4203739, 11.9560122 ], [ 108.4203185, 11.9560049 ], [ 108.4202712, 11.9559921 ], [ 108.420226, 11.9559734 ], [ 108.4200865, 11.9558921 ], [ 108.4197754, 11.9557386 ], [ 108.4198692, 11.9555221 ], [ 108.4199014, 11.9554303 ], [ 108.4199202, 11.9553647 ], [ 108.4199283, 11.955323 ], [ 108.4199288, 11.9552805 ], [ 108.4199215, 11.9552387 ], [ 108.4199112, 11.9552085 ], [ 108.4198968, 11.9551799 ], [ 108.4198786, 11.9551534 ], [ 108.4197807, 11.9550537 ], [ 108.4197547, 11.9550358 ], [ 108.4197254, 11.9550233 ], [ 108.4196942, 11.955017 ], [ 108.419662, 11.955017 ], [ 108.4196305, 11.9550234 ], [ 108.419601, 11.955036 ], [ 108.419481, 11.9551068 ], [ 108.4194449, 11.9551259 ], [ 108.4194061, 11.955139 ], [ 108.4193657, 11.9551456 ], [ 108.419321, 11.9551452 ], [ 108.4192771, 11.955137 ], [ 108.4191974, 11.9551016 ], [ 108.4191505, 11.9550862 ], [ 108.4191015, 11.9550799 ], [ 108.4190535, 11.9550828 ], [ 108.4190069, 11.9550944 ], [ 108.4189063, 11.9551364 ], [ 108.4188669, 11.9551506 ], [ 108.418826, 11.9551603 ], [ 108.4187843, 11.9551652 ], [ 108.4187303, 11.9551646 ], [ 108.418677, 11.955156 ], [ 108.4184597, 11.9550937 ], [ 108.4184131, 11.9550745 ], [ 108.4183699, 11.9550487 ], [ 108.418331, 11.955017 ], [ 108.4182996, 11.9549828 ], [ 108.4182733, 11.9549447 ], [ 108.4182525, 11.9549035 ], [ 108.418052, 11.954462 ], [ 108.4177838, 11.95413 ], [ 108.4176658, 11.9541904 ], [ 108.4174472, 11.954218 ], [ 108.417356, 11.9541196 ], [ 108.4173547, 11.9540251 ], [ 108.4172487, 11.9536958 ], [ 108.4171844, 11.9536394 ], [ 108.4171048, 11.9537032 ], [ 108.4170194, 11.9537594 ], [ 108.4169575, 11.9537934 ], [ 108.4168935, 11.9538234 ], [ 108.4168276, 11.9538493 ], [ 108.4167219, 11.9538899 ], [ 108.416619, 11.9539367 ], [ 108.4165192, 11.9539897 ], [ 108.41641, 11.9540569 ], [ 108.4163059, 11.9541314 ], [ 108.4162925, 11.9541466 ], [ 108.416283, 11.9541644 ], [ 108.4162778, 11.9541838 ], [ 108.4162771, 11.9542033 ], [ 108.4162807, 11.9542224 ], [ 108.4162885, 11.9542403 ], [ 108.4163868, 11.9543849 ], [ 108.41648, 11.9545326 ], [ 108.4165681, 11.9546834 ], [ 108.4166619, 11.9548583 ], [ 108.4167488, 11.9550367 ], [ 108.4167643, 11.9550707 ], [ 108.4167733, 11.955107 ], [ 108.4167753, 11.9551442 ], [ 108.4167709, 11.955179 ], [ 108.4167605, 11.9552126 ], [ 108.4167445, 11.955244 ], [ 108.4166988, 11.9553033 ], [ 108.416656, 11.9553647 ], [ 108.4165939, 11.9554656 ], [ 108.4165393, 11.9555706 ], [ 108.4165133, 11.9556154 ], [ 108.4164809, 11.9556559 ], [ 108.4164427, 11.9556913 ], [ 108.4164076, 11.9557161 ], [ 108.4163696, 11.9557366 ], [ 108.4163294, 11.9557524 ], [ 108.415972, 11.9558186 ], [ 108.4157702, 11.9558553 ], [ 108.4156589, 11.9558691 ], [ 108.415547, 11.9558753 ], [ 108.4154349, 11.9558737 ], [ 108.4153204, 11.9558642 ], [ 108.4152069, 11.9558467 ], [ 108.4150949, 11.9558212 ], [ 108.4149216, 11.9557384 ], [ 108.4147516, 11.9556494 ], [ 108.4146094, 11.9555686 ], [ 108.41447, 11.9554834 ], [ 108.4144409, 11.9554631 ], [ 108.4144087, 11.9554481 ], [ 108.4143743, 11.9554389 ], [ 108.4143388, 11.9554356 ], [ 108.4143033, 11.9554384 ], [ 108.4142688, 11.9554473 ], [ 108.4142306, 11.9554653 ], [ 108.4141971, 11.9554906 ], [ 108.4141696, 11.9555221 ], [ 108.4141494, 11.9555585 ], [ 108.4141374, 11.9555982 ], [ 108.4140113, 11.9560626 ], [ 108.4139924, 11.956128 ], [ 108.4139691, 11.9561919 ], [ 108.4139416, 11.9562542 ], [ 108.4139041, 11.9563246 ], [ 108.4138611, 11.956392 ], [ 108.4138174, 11.956439 ], [ 108.4137802, 11.956491 ], [ 108.4137499, 11.9565472 ], [ 108.4137272, 11.9566067 ], [ 108.4137123, 11.9566686 ], [ 108.4137055, 11.9567318 ], [ 108.413707, 11.9567962 ], [ 108.413717, 11.9568599 ], [ 108.4137352, 11.9569218 ], [ 108.4137613, 11.9569809 ], [ 108.413795, 11.9570363 ], [ 108.4138356, 11.957087 ], [ 108.4139744, 11.9572185 ], [ 108.4140088, 11.9572768 ], [ 108.4140378, 11.9573379 ], [ 108.414061, 11.9574013 ], [ 108.4140784, 11.9574665 ], [ 108.4140913, 11.9575475 ], [ 108.4140952, 11.9576293 ], [ 108.41409, 11.9577111 ], [ 108.4140757, 11.9577919 ], [ 108.4140531, 11.957914 ], [ 108.4140384, 11.9580372 ], [ 108.4140316, 11.9581611 ], [ 108.4140328, 11.9582852 ], [ 108.4140426, 11.9584166 ], [ 108.4140615, 11.9585472 ], [ 108.4140891, 11.9586762 ], [ 108.4141253, 11.9588291 ], [ 108.414169, 11.9589802 ], [ 108.41422, 11.9591291 ], [ 108.4142784, 11.9592754 ], [ 108.4143439, 11.9594188 ], [ 108.4144044, 11.9595368 ], [ 108.4144697, 11.9596523 ], [ 108.4145397, 11.9597651 ], [ 108.4145843, 11.9598526 ], [ 108.4146212, 11.9599434 ], [ 108.4146502, 11.9600369 ], [ 108.4146711, 11.9601325 ], [ 108.4146763, 11.9602205 ], [ 108.4146718, 11.9603085 ], [ 108.4146579, 11.9603956 ], [ 108.4146346, 11.9604808 ], [ 108.4146022, 11.9605631 ], [ 108.4145611, 11.9606415 ], [ 108.4145173, 11.9607078 ], [ 108.4144672, 11.9607698 ], [ 108.4144114, 11.9608268 ], [ 108.4143502, 11.9608784 ], [ 108.4143232, 11.9608961 ], [ 108.4142936, 11.9609093 ], [ 108.4142622, 11.9609176 ], [ 108.4142299, 11.960921 ], [ 108.4141942, 11.9609187 ], [ 108.4141594, 11.9609103 ], [ 108.4141267, 11.9608961 ], [ 108.4140971, 11.9608764 ], [ 108.4136702, 11.9605867 ], [ 108.4135886, 11.9605324 ], [ 108.4135124, 11.960471 ], [ 108.4134538, 11.9604152 ], [ 108.4133997, 11.9603553 ], [ 108.4133502, 11.9602915 ], [ 108.4133059, 11.9602243 ], [ 108.4131329, 11.9599094 ], [ 108.4131038, 11.9598569 ], [ 108.4130668, 11.9598094 ], [ 108.4130227, 11.959768 ], [ 108.4129726, 11.9597337 ], [ 108.4129177, 11.9597075 ], [ 108.4128594, 11.9596898 ], [ 108.4127989, 11.9596812 ], [ 108.4127429, 11.9596813 ], [ 108.4126875, 11.9596893 ], [ 108.4126337, 11.9597048 ], [ 108.4125828, 11.9597276 ], [ 108.4125356, 11.9597573 ], [ 108.4124933, 11.9597931 ], [ 108.4124565, 11.9598345 ], [ 108.4124261, 11.9598806 ], [ 108.4123874, 11.959952 ], [ 108.4123403, 11.9600184 ], [ 108.4122853, 11.9600787 ], [ 108.4122345, 11.9601234 ], [ 108.4121794, 11.9601629 ], [ 108.4121206, 11.9601969 ], [ 108.4120587, 11.960225 ], [ 108.4118463, 11.9603326 ], [ 108.4116377, 11.9604469 ], [ 108.4114331, 11.9605679 ], [ 108.4112325, 11.9606953 ], [ 108.4110468, 11.9608218 ], [ 108.4108651, 11.9609538 ], [ 108.4108282, 11.9609919 ], [ 108.4107959, 11.9610338 ], [ 108.4107688, 11.961079 ], [ 108.410747, 11.961127 ], [ 108.4107325, 11.9611714 ], [ 108.4107226, 11.961217 ], [ 108.4107175, 11.9612634 ], [ 108.4107059, 11.9613411 ], [ 108.4106907, 11.9614182 ], [ 108.4106633, 11.9615255 ], [ 108.410629, 11.9616308 ], [ 108.4105177, 11.9618945 ], [ 108.4104995, 11.9619437 ], [ 108.4104767, 11.9619911 ], [ 108.4104493, 11.9620362 ], [ 108.4104116, 11.9620858 ], [ 108.4103686, 11.962131 ], [ 108.4103206, 11.9621713 ], [ 108.4101436, 11.9622736 ], [ 108.40994, 11.9623884 ], [ 108.409872, 11.9624193 ], [ 108.4098008, 11.9624425 ], [ 108.4097274, 11.9624579 ], [ 108.4096527, 11.9624652 ], [ 108.409563, 11.9624675 ], [ 108.4094735, 11.9624631 ], [ 108.4093845, 11.9624521 ], [ 108.4092817, 11.9624307 ], [ 108.4091813, 11.9624005 ], [ 108.4090841, 11.9623615 ], [ 108.4089971, 11.9624818 ], [ 108.4089178, 11.9626069 ], [ 108.4088452, 11.9627387 ], [ 108.408781, 11.9628745 ], [ 108.4087372, 11.9630008 ], [ 108.4086844, 11.9631238 ], [ 108.4086374, 11.963217 ], [ 108.4085852, 11.9633075 ], [ 108.4082848, 11.9637116 ], [ 108.4082657, 11.963747 ], [ 108.4082544, 11.9637856 ], [ 108.4082513, 11.9638255 ], [ 108.4082566, 11.9638653 ], [ 108.40827, 11.9639031 ], [ 108.408291, 11.9639375 ], [ 108.4083187, 11.963967 ], [ 108.408352, 11.9639904 ], [ 108.4083894, 11.9640068 ], [ 108.4086201, 11.9640264 ], [ 108.4086608, 11.9640401 ], [ 108.4086979, 11.9640614 ], [ 108.40873, 11.9640894 ], [ 108.4087545, 11.9641209 ], [ 108.4087726, 11.9641563 ], [ 108.4087837, 11.9641944 ], [ 108.4087971, 11.9643361 ], [ 108.4088159, 11.9645722 ], [ 108.4088226, 11.9646201 ], [ 108.4088212, 11.9646684 ], [ 108.4088117, 11.9647159 ], [ 108.4087944, 11.9647611 ], [ 108.4087747, 11.9647957 ], [ 108.4087504, 11.9648274 ], [ 108.408722, 11.9648556 ], [ 108.4086553, 11.9648923 ], [ 108.4085919, 11.9649343 ], [ 108.4085322, 11.9649812 ], [ 108.4084766, 11.9650327 ], [ 108.4084256, 11.9650885 ], [ 108.4083799, 11.9651475 ], [ 108.4083392, 11.96521 ], [ 108.4083039, 11.9652756 ], [ 108.4082741, 11.9653437 ], [ 108.4082572, 11.9654329 ], [ 108.4082491, 11.9655232 ], [ 108.4082499, 11.9656139 ], [ 108.4082602, 11.9657075 ], [ 108.4082799, 11.9657997 ], [ 108.4083089, 11.9658894 ], [ 108.408502, 11.9662332 ], [ 108.4085206, 11.9662669 ], [ 108.4085326, 11.9663034 ], [ 108.4085376, 11.9663414 ], [ 108.4085354, 11.9663796 ], [ 108.4085262, 11.9664168 ], [ 108.4085119, 11.9664486 ], [ 108.4084925, 11.9664777 ], [ 108.4084684, 11.9665032 ], [ 108.4084403, 11.9665244 ], [ 108.4083143, 11.9665375 ], [ 108.4082803, 11.9665368 ], [ 108.4082469, 11.9665306 ], [ 108.408215, 11.9665192 ], [ 108.408187, 11.9665038 ], [ 108.4081618, 11.9664844 ], [ 108.4081399, 11.9664615 ], [ 108.4080528, 11.9663066 ], [ 108.40803, 11.9662712 ], [ 108.4080021, 11.9662395 ], [ 108.4079696, 11.9662122 ], [ 108.4079286, 11.9661875 ], [ 108.4078839, 11.9661698 ], [ 108.4078369, 11.9661597 ], [ 108.4077027, 11.9661433 ], [ 108.4076379, 11.9661449 ], [ 108.407574, 11.9661557 ], [ 108.4075123, 11.9661754 ], [ 108.4074566, 11.9662024 ], [ 108.4074053, 11.9662368 ], [ 108.4073594, 11.9662778 ], [ 108.4072937, 11.9663423 ], [ 108.4072226, 11.9664011 ], [ 108.4071432, 11.9664559 ], [ 108.407059, 11.9665034 ], [ 108.406662, 11.9666412 ], [ 108.4065756, 11.9666586 ], [ 108.4064882, 11.9666705 ], [ 108.4064002, 11.966677 ], [ 108.406312, 11.9666779 ], [ 108.4062077, 11.9666719 ], [ 108.4061041, 11.9666582 ], [ 108.4060296, 11.9666385 ], [ 108.4059539, 11.9666228 ], [ 108.4058791, 11.9666116 ], [ 108.4058037, 11.9666045 ], [ 108.4057151, 11.9666048 ], [ 108.4056269, 11.9666123 ], [ 108.4055395, 11.9666268 ], [ 108.4054645, 11.9666451 ], [ 108.4053909, 11.9666686 ], [ 108.4053193, 11.9666973 ], [ 108.4052697, 11.966716 ], [ 108.4052178, 11.9667273 ], [ 108.4051647, 11.9667308 ], [ 108.4051117, 11.9667265 ], [ 108.4050618, 11.9667149 ], [ 108.405014, 11.9666964 ], [ 108.4049696, 11.9666714 ], [ 108.404936, 11.9666502 ], [ 108.4048989, 11.9666361 ], [ 108.4048596, 11.9666294 ], [ 108.4048188, 11.9666306 ], [ 108.4047791, 11.9666399 ], [ 108.4047395, 11.9666659 ], [ 108.4047035, 11.9666967 ], [ 108.4046718, 11.9667317 ], [ 108.4046441, 11.9667718 ], [ 108.404622, 11.966815 ], [ 108.4046059, 11.9668608 ], [ 108.4045961, 11.9669082 ], [ 108.4045136, 11.9672316 ], [ 108.4045003, 11.9672569 ], [ 108.4044808, 11.9672781 ], [ 108.4044564, 11.9672935 ], [ 108.4044287, 11.9673023 ], [ 108.4043996, 11.9673037 ], [ 108.4043732, 11.9672985 ], [ 108.4043488, 11.9672871 ], [ 108.4043279, 11.9672704 ], [ 108.4043118, 11.9672493 ], [ 108.4042927, 11.9672115 ], [ 108.4042672, 11.9671774 ], [ 108.4042362, 11.9671482 ], [ 108.4042004, 11.9671246 ], [ 108.4041665, 11.9671094 ], [ 108.4041306, 11.9670992 ], [ 108.4040936, 11.9670944 ], [ 108.4040563, 11.9670951 ], [ 108.4040095, 11.9671004 ], [ 108.4039639, 11.9671118 ], [ 108.4039202, 11.9671289 ], [ 108.4038793, 11.9671515 ], [ 108.4038423, 11.9671788 ], [ 108.4038092, 11.9672106 ], [ 108.4037807, 11.9672463 ], [ 108.4037572, 11.9672854 ], [ 108.4037336, 11.9673181 ], [ 108.4037034, 11.9673452 ], [ 108.403668, 11.9673654 ], [ 108.403629, 11.9673778 ], [ 108.4035882, 11.9673818 ], [ 108.4035496, 11.9673777 ], [ 108.4035126, 11.967366 ], [ 108.4034787, 11.9673472 ], [ 108.4034495, 11.9673222 ], [ 108.403426, 11.9672919 ], [ 108.4034013, 11.9672648 ], [ 108.403373, 11.9672415 ], [ 108.4033415, 11.9672224 ], [ 108.4033022, 11.9672061 ], [ 108.4032607, 11.9671964 ], [ 108.4032181, 11.9671935 ], [ 108.4031157, 11.9671981 ], [ 108.4030142, 11.9672119 ], [ 108.4029291, 11.9672308 ], [ 108.4028458, 11.9672562 ], [ 108.4027648, 11.967288 ], [ 108.4023725, 11.96745 ], [ 108.4023253, 11.9674626 ], [ 108.4022766, 11.9674673 ], [ 108.4022277, 11.9674642 ], [ 108.4021801, 11.9674533 ], [ 108.4021394, 11.9674371 ], [ 108.4021016, 11.9674151 ], [ 108.4020675, 11.967388 ], [ 108.4020379, 11.9673562 ], [ 108.4019835, 11.9672772 ], [ 108.4019369, 11.9671935 ], [ 108.4018986, 11.9671059 ], [ 108.4018689, 11.9670151 ], [ 108.4018474, 11.9669181 ], [ 108.4018357, 11.9668196 ], [ 108.4018339, 11.9667204 ], [ 108.4018421, 11.9666215 ], [ 108.4018649, 11.9660547 ], [ 108.4018606, 11.9660164 ], [ 108.4018492, 11.9659794 ], [ 108.4018312, 11.9659451 ], [ 108.4018072, 11.9659145 ], [ 108.4017778, 11.9658886 ], [ 108.4017442, 11.9658684 ], [ 108.4017048, 11.9658538 ], [ 108.4016632, 11.9658469 ], [ 108.4016211, 11.965848 ], [ 108.40158, 11.965857 ], [ 108.4015414, 11.9658737 ], [ 108.4015068, 11.9658973 ], [ 108.4010589, 11.9662843 ], [ 108.4010231, 11.9663108 ], [ 108.4009834, 11.9663313 ], [ 108.4009409, 11.9663452 ], [ 108.4008966, 11.9663522 ], [ 108.4008517, 11.966352 ], [ 108.4008075, 11.9663447 ], [ 108.4007652, 11.9663305 ], [ 108.4007258, 11.9663099 ], [ 108.4006904, 11.9662833 ], [ 108.4006598, 11.9662514 ], [ 108.4006349, 11.9662152 ], [ 108.4004474, 11.9658921 ], [ 108.4003841, 11.9658051 ], [ 108.4003157, 11.9657218 ], [ 108.4002427, 11.9656424 ], [ 108.4001651, 11.9655673 ], [ 108.4000691, 11.9654853 ], [ 108.3999677, 11.9654098 ], [ 108.3998613, 11.965341 ], [ 108.3997657, 11.9652823 ], [ 108.3996722, 11.9652203 ], [ 108.3995839, 11.9651575 ], [ 108.3994979, 11.9650918 ], [ 108.3994195, 11.9650279 ], [ 108.3993444, 11.9649605 ], [ 108.3992726, 11.9648897 ], [ 108.3992007, 11.9648117 ], [ 108.3991329, 11.9647303 ], [ 108.3990694, 11.9646457 ], [ 108.3990257, 11.964593 ], [ 108.3989771, 11.9645447 ], [ 108.3989239, 11.9645013 ], [ 108.3988666, 11.9644631 ], [ 108.3988059, 11.9644305 ], [ 108.3987486, 11.9644063 ], [ 108.3986895, 11.964387 ], [ 108.3986288, 11.9643728 ], [ 108.3985641, 11.9643693 ], [ 108.3984993, 11.9643713 ], [ 108.3984349, 11.9643786 ], [ 108.3983544, 11.9643891 ], [ 108.3982731, 11.964391 ], [ 108.3981922, 11.9643842 ], [ 108.3981125, 11.9643689 ], [ 108.3980337, 11.9643446 ], [ 108.397958, 11.964312 ], [ 108.3978866, 11.9642714 ], [ 108.3978201, 11.9642232 ], [ 108.3975855, 11.963991 ], [ 108.3975233, 11.9639267 ], [ 108.3974566, 11.963867 ], [ 108.3973856, 11.9638123 ], [ 108.3973105, 11.9637625 ], [ 108.3972319, 11.9637183 ], [ 108.3971502, 11.9636799 ], [ 108.3970866, 11.9636473 ], [ 108.3970119, 11.9636012 ], [ 108.3969417, 11.9635489 ], [ 108.3967325, 11.9633442 ], [ 108.3966999, 11.9633116 ], [ 108.3966635, 11.963283 ], [ 108.3966239, 11.9632589 ], [ 108.3965852, 11.9632411 ], [ 108.3965448, 11.9632274 ], [ 108.3964551, 11.9632193 ], [ 108.396365, 11.9632156 ], [ 108.3962614, 11.9632168 ], [ 108.396158, 11.9632238 ], [ 108.3960553, 11.9632366 ], [ 108.3959368, 11.9632585 ], [ 108.3958173, 11.9632743 ], [ 108.3956972, 11.9632839 ], [ 108.395571, 11.9632872 ], [ 108.3954448, 11.9632837 ], [ 108.395319, 11.9632734 ], [ 108.3951991, 11.9632534 ], [ 108.3950783, 11.9632394 ], [ 108.3949569, 11.9632314 ], [ 108.3948576, 11.9632294 ], [ 108.3947584, 11.9632314 ], [ 108.3946719, 11.963236 ], [ 108.3945854, 11.9632314 ], [ 108.3945123, 11.9632202 ], [ 108.3944406, 11.9632025 ], [ 108.3944032, 11.9631855 ], [ 108.3943635, 11.9631749 ], [ 108.3943225, 11.963171 ], [ 108.3942852, 11.9631734 ], [ 108.3942487, 11.9631813 ], [ 108.3942139, 11.9631946 ], [ 108.3940583, 11.9632917 ], [ 108.3940215, 11.963317 ], [ 108.3939806, 11.9633352 ], [ 108.3939369, 11.9633457 ], [ 108.393892, 11.9633482 ], [ 108.3938472, 11.9633424 ], [ 108.3938043, 11.9633287 ], [ 108.3937646, 11.9633075 ], [ 108.3937317, 11.9632771 ], [ 108.3937055, 11.963241 ], [ 108.3936868, 11.9632007 ], [ 108.3936764, 11.9631576 ], [ 108.3936748, 11.9631133 ], [ 108.3936801, 11.963077 ], [ 108.3936912, 11.963042 ], [ 108.3937079, 11.9630092 ], [ 108.3937298, 11.9629795 ], [ 108.3937445, 11.9629597 ], [ 108.3937542, 11.9629372 ], [ 108.3937585, 11.9629132 ], [ 108.393757, 11.9628888 ], [ 108.3937499, 11.9628653 ], [ 108.3937349, 11.9628408 ], [ 108.3937137, 11.962821 ], [ 108.3936879, 11.9628074 ], [ 108.3936594, 11.9628011 ], [ 108.3932416, 11.9628013 ], [ 108.3931542, 11.9628 ], [ 108.3930673, 11.9627919 ], [ 108.3929893, 11.9627787 ], [ 108.3929126, 11.96276 ], [ 108.3928374, 11.9627359 ], [ 108.3927642, 11.9627066 ], [ 108.3926811, 11.9626608 ], [ 108.3926014, 11.9626096 ], [ 108.3925255, 11.9625531 ], [ 108.3924579, 11.9624954 ], [ 108.3923942, 11.9624336 ], [ 108.3923348, 11.9623679 ], [ 108.3923153, 11.9623445 ], [ 108.3923015, 11.9623174 ], [ 108.3922941, 11.9622881 ], [ 108.3922935, 11.9622579 ], [ 108.3923005, 11.9622259 ], [ 108.392315, 11.9621965 ], [ 108.3923364, 11.9621713 ], [ 108.3923873, 11.9621215 ], [ 108.392403, 11.9621009 ], [ 108.392413, 11.9620772 ], [ 108.3924168, 11.9620519 ], [ 108.3924153, 11.9620318 ], [ 108.3924099, 11.9620123 ], [ 108.3924007, 11.9619942 ], [ 108.3923411, 11.9619419 ], [ 108.392278, 11.9618937 ], [ 108.3922116, 11.9618499 ], [ 108.3921238, 11.961801 ], [ 108.3920319, 11.9617598 ], [ 108.3919367, 11.9617265 ], [ 108.3918666, 11.9617079 ], [ 108.3917951, 11.9616954 ], [ 108.3917228, 11.9616892 ], [ 108.3916534, 11.961689 ], [ 108.3915842, 11.9616945 ], [ 108.3915158, 11.9617058 ], [ 108.3914486, 11.9617226 ], [ 108.3913944, 11.9617399 ], [ 108.3913388, 11.9617517 ], [ 108.3912823, 11.961758 ], [ 108.3912095, 11.961758 ], [ 108.3911374, 11.9617488 ], [ 108.3909309, 11.9616911 ], [ 108.3908656, 11.9616762 ], [ 108.3907991, 11.9616682 ], [ 108.3907321, 11.961667 ], [ 108.3906653, 11.9616728 ], [ 108.39061, 11.9616829 ], [ 108.3905557, 11.9616978 ], [ 108.3905031, 11.9617174 ], [ 108.3904431, 11.961739 ], [ 108.3903806, 11.9617521 ], [ 108.3903168, 11.9617564 ], [ 108.390253, 11.9617518 ], [ 108.3901906, 11.9617384 ], [ 108.3901387, 11.9617198 ], [ 108.3900894, 11.9616952 ], [ 108.3900437, 11.9616648 ], [ 108.3900021, 11.9616292 ], [ 108.3899653, 11.9615888 ], [ 108.3899254, 11.9615337 ], [ 108.3898811, 11.961482 ], [ 108.3898329, 11.9614337 ], [ 108.3897809, 11.9613894 ], [ 108.3897206, 11.9613459 ], [ 108.3896567, 11.9613076 ], [ 108.3895897, 11.9612748 ], [ 108.38952, 11.9612477 ], [ 108.3894121, 11.9612115 ], [ 108.3893055, 11.9611716 ], [ 108.389215, 11.9611342 ], [ 108.3891258, 11.9610942 ], [ 108.3890811, 11.9610675 ], [ 108.3890421, 11.9610334 ], [ 108.3890101, 11.9609928 ], [ 108.3889863, 11.9609472 ], [ 108.3889725, 11.9609034 ], [ 108.3889662, 11.960858 ], [ 108.3889642, 11.9607997 ], [ 108.3889554, 11.9607419 ], [ 108.3889419, 11.9606912 ], [ 108.388923, 11.9606422 ], [ 108.3888991, 11.9605953 ], [ 108.3887234, 11.9602597 ], [ 108.3887006, 11.9602121 ], [ 108.388673, 11.9601671 ], [ 108.3886406, 11.9601251 ], [ 108.3886041, 11.9600866 ], [ 108.3885504, 11.9600421 ], [ 108.388491, 11.9600051 ], [ 108.388427, 11.9599764 ], [ 108.3881253, 11.9599003 ], [ 108.3878209, 11.959832 ], [ 108.3877133, 11.9597991 ], [ 108.3876088, 11.9597575 ], [ 108.3875084, 11.9597074 ], [ 108.3874175, 11.9596525 ], [ 108.3873314, 11.9595906 ], [ 108.3872885, 11.9595483 ], [ 108.3872414, 11.9595106 ], [ 108.3871905, 11.9594778 ], [ 108.3871408, 11.9594522 ], [ 108.3870888, 11.9594314 ], [ 108.387035, 11.9594155 ], [ 108.3869673, 11.9594021 ], [ 108.3869009, 11.9593833 ], [ 108.3868381, 11.9593601 ], [ 108.3867775, 11.9593322 ], [ 108.3867436, 11.9593073 ], [ 108.3867147, 11.9592769 ], [ 108.3866918, 11.9592419 ], [ 108.3866756, 11.9592036 ], [ 108.3866667, 11.9591644 ], [ 108.3866649, 11.9591243 ], [ 108.3866701, 11.9590845 ], [ 108.3866823, 11.9590461 ], [ 108.3867922, 11.9587418 ], [ 108.3869143, 11.9584295 ], [ 108.3869258, 11.9583975 ], [ 108.3869289, 11.9583637 ], [ 108.3869235, 11.9583302 ], [ 108.3869098, 11.958299 ], [ 108.3868888, 11.9582721 ], [ 108.3868625, 11.9582515 ], [ 108.386832, 11.9582376 ], [ 108.386799, 11.9582312 ], [ 108.3867654, 11.9582327 ], [ 108.3866582, 11.9582543 ], [ 108.3865522, 11.9582813 ], [ 108.3864544, 11.9583113 ], [ 108.3863582, 11.9583458 ], [ 108.3862638, 11.9583849 ], [ 108.3862107, 11.9584131 ], [ 108.3861621, 11.9584483 ], [ 108.386119, 11.9584899 ], [ 108.3860852, 11.9585325 ], [ 108.3860573, 11.9585791 ], [ 108.3860385, 11.9586473 ], [ 108.3860204, 11.958694 ], [ 108.3859983, 11.9587391 ], [ 108.3859044, 11.9588703 ], [ 108.3858677, 11.9589352 ], [ 108.3858363, 11.9590027 ], [ 108.3858106, 11.9590724 ], [ 108.3857872, 11.9591587 ], [ 108.3857723, 11.9592469 ], [ 108.3857475, 11.959315 ], [ 108.3857254, 11.959384 ], [ 108.3857047, 11.9594587 ], [ 108.3856872, 11.9595342 ], [ 108.3856456, 11.9597868 ], [ 108.3856428, 11.9598112 ], [ 108.3856354, 11.9598347 ], [ 108.3856235, 11.9598563 ], [ 108.3856035, 11.9598792 ], [ 108.3855785, 11.959897 ], [ 108.3855128, 11.9599245 ], [ 108.3854116, 11.9599685 ], [ 108.385377, 11.959979 ], [ 108.3853412, 11.9599841 ], [ 108.385305, 11.9599836 ], [ 108.3852726, 11.9599783 ], [ 108.3852413, 11.9599686 ], [ 108.3852118, 11.9599547 ], [ 108.385179, 11.9599453 ], [ 108.3851454, 11.9599396 ], [ 108.3851125, 11.9599378 ], [ 108.3850797, 11.9599396 ], [ 108.3846317, 11.9599849 ], [ 108.3845649, 11.9599835 ], [ 108.3844987, 11.9599739 ], [ 108.3844344, 11.9599561 ], [ 108.3843729, 11.9599304 ], [ 108.3843229, 11.9599024 ], [ 108.3842764, 11.9598691 ], [ 108.3842339, 11.9598311 ], [ 108.3841959, 11.9597887 ], [ 108.3840503, 11.9595499 ], [ 108.3840297, 11.9595179 ], [ 108.3840054, 11.9594883 ], [ 108.3839677, 11.9594531 ], [ 108.383925, 11.959424 ], [ 108.3837717, 11.9593435 ], [ 108.3836165, 11.9592666 ], [ 108.3834698, 11.959198 ], [ 108.3833215, 11.9591327 ], [ 108.3832705, 11.9591168 ], [ 108.3832176, 11.9591086 ], [ 108.3831641, 11.9591084 ], [ 108.3831111, 11.959116 ], [ 108.3830599, 11.9591314 ], [ 108.3830088, 11.9591559 ], [ 108.3829624, 11.9591881 ], [ 108.3829218, 11.9592272 ], [ 108.3828306, 11.9593794 ], [ 108.3827852, 11.9594511 ], [ 108.382734, 11.959519 ], [ 108.3826775, 11.9595827 ], [ 108.382616, 11.9596418 ], [ 108.3825371, 11.9597055 ], [ 108.3824523, 11.9597617 ], [ 108.3823626, 11.9598097 ], [ 108.3821117, 11.959941 ], [ 108.3818637, 11.9600774 ], [ 108.3816635, 11.9601925 ], [ 108.3814654, 11.9603109 ], [ 108.3813516, 11.9603924 ], [ 108.3812335, 11.9604677 ], [ 108.3811113, 11.9605366 ], [ 108.3809993, 11.9605924 ], [ 108.3808847, 11.9606428 ], [ 108.3808093, 11.9606673 ], [ 108.3807317, 11.9606838 ], [ 108.3806528, 11.9606923 ], [ 108.3805734, 11.9606926 ], [ 108.3804944, 11.9606848 ], [ 108.3804226, 11.9606705 ], [ 108.3803526, 11.9606494 ], [ 108.380285, 11.9606217 ], [ 108.3802204, 11.9605878 ], [ 108.3801595, 11.9605479 ], [ 108.3801028, 11.9605025 ], [ 108.3797608, 11.9601771 ], [ 108.3796973, 11.9602662 ], [ 108.3796541, 11.9603184 ], [ 108.3796039, 11.9603642 ], [ 108.3795476, 11.9604027 ], [ 108.3794924, 11.9604307 ], [ 108.379434, 11.9604516 ], [ 108.3793734, 11.9604651 ], [ 108.3793116, 11.960471 ], [ 108.3783942, 11.9604657 ], [ 108.3773857, 11.9610955 ], [ 108.3766025, 11.9614733 ], [ 108.3761358, 11.9614891 ], [ 108.3750629, 11.9616413 ], [ 108.3738425, 11.9620978 ], [ 108.373687, 11.9622999 ], [ 108.374092, 11.9627984 ], [ 108.3741054, 11.9635148 ], [ 108.3741055, 11.9635748 ], [ 108.3740992, 11.9636345 ], [ 108.3740866, 11.9636932 ], [ 108.37407, 11.963745 ], [ 108.3740484, 11.963795 ], [ 108.3740222, 11.9638428 ], [ 108.373915, 11.9639976 ], [ 108.3738821, 11.9640458 ], [ 108.3738548, 11.9640973 ], [ 108.3738335, 11.9641514 ], [ 108.3738184, 11.9642075 ], [ 108.3738095, 11.9642664 ], [ 108.3738074, 11.9643259 ], [ 108.3738122, 11.9643852 ], [ 108.3738238, 11.9644437 ], [ 108.3738559, 11.9646168 ], [ 108.3738731, 11.9646757 ], [ 108.3738816, 11.9647364 ], [ 108.3738812, 11.9647977 ], [ 108.373872, 11.9648582 ], [ 108.3738566, 11.9649106 ], [ 108.3738345, 11.9649606 ], [ 108.3738061, 11.9650076 ], [ 108.373772, 11.9650506 ], [ 108.3737326, 11.9650891 ], [ 108.3729923, 11.9655929 ], [ 108.3729288, 11.9656406 ], [ 108.3728713, 11.965695 ], [ 108.3728206, 11.9657556 ], [ 108.3727821, 11.9658135 ], [ 108.3727498, 11.965875 ], [ 108.3727241, 11.9659393 ], [ 108.372678, 11.9660553 ], [ 108.3726247, 11.9661683 ], [ 108.3725644, 11.9662779 ], [ 108.3724973, 11.9663836 ], [ 108.3724236, 11.9664851 ], [ 108.3723393, 11.966587 ], [ 108.3722483, 11.9666833 ], [ 108.3721511, 11.9667737 ], [ 108.3720481, 11.9668577 ], [ 108.3711281, 11.9673247 ], [ 108.3711174, 11.9674023 ], [ 108.371104, 11.9674795 ], [ 108.3710833, 11.9675758 ], [ 108.3710584, 11.9676711 ], [ 108.3710436, 11.967725 ], [ 108.3710346, 11.9677801 ], [ 108.3710315, 11.9678358 ], [ 108.3710343, 11.9678915 ], [ 108.3710447, 11.9679547 ], [ 108.3710626, 11.9680162 ], [ 108.3710879, 11.9680752 ], [ 108.3711576, 11.9682169 ], [ 108.3711828, 11.9682849 ], [ 108.3712008, 11.9683551 ], [ 108.3712113, 11.9684268 ], [ 108.3712143, 11.9684889 ], [ 108.3712117, 11.968551 ], [ 108.3712035, 11.9686127 ], [ 108.3711898, 11.9686734 ], [ 108.3709162, 11.9692874 ], [ 108.3703208, 11.9700903 ], [ 108.3701867, 11.9704577 ], [ 108.3699077, 11.9708093 ], [ 108.3694062, 11.9713025 ], [ 108.3688134, 11.9709614 ], [ 108.3684432, 11.9706571 ], [ 108.368368, 11.9705911 ], [ 108.3682877, 11.9705311 ], [ 108.368209, 11.970481 ], [ 108.3681267, 11.9704367 ], [ 108.3674133, 11.9702215 ], [ 108.3671611, 11.9697964 ], [ 108.3668607, 11.9694606 ], [ 108.3662599, 11.968579 ], [ 108.3655357, 11.9686052 ], [ 108.3646613, 11.9688623 ], [ 108.3642429, 11.9691615 ], [ 108.3637762, 11.9694816 ], [ 108.3635563, 11.9698857 ], [ 108.363499, 11.9699684 ], [ 108.3634349, 11.9700462 ], [ 108.3633644, 11.9701185 ], [ 108.363288, 11.9701848 ], [ 108.3632137, 11.9702397 ], [ 108.3631352, 11.9702889 ], [ 108.3630532, 11.9703322 ], [ 108.3629681, 11.9703693 ], [ 108.3628803, 11.9703999 ], [ 108.3620167, 11.9707358 ], [ 108.3611476, 11.9712343 ], [ 108.3608794, 11.9715282 ], [ 108.3608207, 11.9715955 ], [ 108.3607571, 11.9716584 ], [ 108.3606889, 11.9717166 ], [ 108.3606166, 11.9717696 ], [ 108.3605361, 11.9718197 ], [ 108.3604519, 11.9718635 ], [ 108.3603644, 11.9719008 ], [ 108.3602533, 11.9719241 ], [ 108.3601408, 11.9719398 ], [ 108.3600275, 11.9719477 ], [ 108.3599138, 11.971948 ], [ 108.3597895, 11.9719395 ], [ 108.3596663, 11.9719216 ], [ 108.3595447, 11.9718947 ], [ 108.3594257, 11.9718588 ], [ 108.3593988, 11.971821 ], [ 108.3593683, 11.9717859 ], [ 108.3593345, 11.9717539 ], [ 108.3592866, 11.9717178 ], [ 108.3592345, 11.9716879 ], [ 108.3591789, 11.9716646 ], [ 108.359084, 11.9716328 ], [ 108.3589873, 11.9716065 ], [ 108.3588892, 11.9715859 ], [ 108.3587702, 11.9715688 ], [ 108.3586501, 11.9715601 ], [ 108.3585298, 11.9715597 ], [ 108.3584691, 11.971563 ], [ 108.3584096, 11.9715753 ], [ 108.3583528, 11.9715964 ], [ 108.3583056, 11.9716221 ], [ 108.3582624, 11.9716538 ], [ 108.358224, 11.9716909 ], [ 108.3581167, 11.9719165 ], [ 108.3580371, 11.9720647 ], [ 108.3579489, 11.972208 ], [ 108.3578523, 11.9723462 ], [ 108.3577477, 11.9724786 ], [ 108.3576354, 11.9726049 ], [ 108.3575159, 11.9727247 ], [ 108.3574127, 11.9728178 ], [ 108.357305, 11.972906 ], [ 108.3571932, 11.9729891 ], [ 108.3570774, 11.9730669 ], [ 108.356958, 11.9731393 ], [ 108.3569093, 11.9731625 ], [ 108.3568643, 11.9731921 ], [ 108.3568238, 11.9732274 ], [ 108.3567887, 11.9732677 ], [ 108.3567595, 11.9733124 ], [ 108.3567383, 11.973357 ], [ 108.3567231, 11.9734039 ], [ 108.356714, 11.9734522 ], [ 108.3567113, 11.9735013 ], [ 108.3567488, 11.9739474 ], [ 108.3566576, 11.974404 ], [ 108.3566415, 11.97485 ], [ 108.3565181, 11.9751071 ], [ 108.3561695, 11.9752383 ], [ 108.3560219, 11.9752375 ], [ 108.3558744, 11.9752436 ], [ 108.3557481, 11.9752542 ], [ 108.3556223, 11.9752698 ], [ 108.3549088, 11.975485 ], [ 108.3546191, 11.9757316 ], [ 108.3546787, 11.975801 ], [ 108.3547317, 11.9758753 ], [ 108.3547778, 11.9759539 ], [ 108.3548166, 11.9760362 ], [ 108.3548479, 11.9761215 ], [ 108.3548713, 11.9762092 ], [ 108.354887, 11.9763015 ], [ 108.3548941, 11.976395 ], [ 108.3548924, 11.9764886 ], [ 108.354882, 11.9765817 ], [ 108.3544367, 11.9771013 ], [ 108.3538842, 11.9773321 ], [ 108.3532727, 11.9773741 ], [ 108.3531916, 11.9773723 ], [ 108.3531107, 11.9773778 ], [ 108.3530306, 11.9773905 ], [ 108.3529521, 11.9774103 ], [ 108.3528757, 11.9774371 ], [ 108.3527965, 11.9774736 ], [ 108.3527213, 11.9775175 ], [ 108.3526509, 11.9775685 ], [ 108.352586, 11.977626 ], [ 108.3518779, 11.9782452 ], [ 108.351084, 11.9789064 ], [ 108.3500433, 11.9795939 ], [ 108.3495015, 11.9800189 ], [ 108.3489919, 11.9803285 ], [ 108.3482194, 11.98036 ], [ 108.3475542, 11.980465 ], [ 108.3474177, 11.9804769 ], [ 108.3472806, 11.9804807 ], [ 108.347149, 11.9804766 ], [ 108.3470178, 11.980465 ], [ 108.3464947, 11.9804072 ], [ 108.3464441, 11.9803609 ], [ 108.3463982, 11.9803102 ], [ 108.34635, 11.9802444 ], [ 108.3463097, 11.9801737 ], [ 108.3462473, 11.9799819 ], [ 108.3461916, 11.979788 ], [ 108.3461488, 11.9796181 ], [ 108.3461112, 11.9794469 ], [ 108.3460361, 11.9791006 ], [ 108.3459991, 11.9790249 ], [ 108.3459583, 11.978951 ], [ 108.3459082, 11.9788709 ], [ 108.3458537, 11.9787936 ], [ 108.3457914, 11.9787161 ], [ 108.3457244, 11.9786424 ], [ 108.345653, 11.9785728 ], [ 108.3455774, 11.9785076 ], [ 108.3455016, 11.9784497 ], [ 108.3454226, 11.9783962 ], [ 108.3453404, 11.9783472 ], [ 108.3452556, 11.978303 ], [ 108.345174, 11.978272 ], [ 108.3450901, 11.9782475 ], [ 108.3450044, 11.9782298 ], [ 108.3449176, 11.978219 ], [ 108.3448171, 11.9782151 ], [ 108.3447167, 11.9782203 ], [ 108.3446172, 11.9782347 ], [ 108.3440459, 11.9783187 ], [ 108.3435845, 11.9783502 ], [ 108.3431339, 11.9778254 ], [ 108.3428389, 11.9774371 ], [ 108.3421147, 11.9763613 ], [ 108.3408433, 11.9759573 ], [ 108.3407309, 11.9759339 ], [ 108.340617, 11.9759191 ], [ 108.3405022, 11.9759128 ], [ 108.3403873, 11.9759153 ], [ 108.3402806, 11.9759253 ], [ 108.340175, 11.9759429 ], [ 108.3400708, 11.9759678 ], [ 108.3395478, 11.9761357 ], [ 108.3394729, 11.9761619 ], [ 108.339396, 11.9761819 ], [ 108.3393177, 11.9761956 ], [ 108.3392385, 11.976203 ], [ 108.3391589, 11.9762039 ], [ 108.3390795, 11.9761984 ], [ 108.3390008, 11.9761864 ], [ 108.3389233, 11.9761681 ], [ 108.3388478, 11.9761436 ], [ 108.3388056, 11.9761253 ], [ 108.3387668, 11.9761008 ], [ 108.3387323, 11.9760708 ], [ 108.3387029, 11.976036 ], [ 108.3386817, 11.9760015 ], [ 108.3386655, 11.9759646 ], [ 108.3386546, 11.9759258 ], [ 108.338652, 11.9758418 ], [ 108.3386412, 11.97575 ], [ 108.3386273, 11.9756957 ], [ 108.3386184, 11.9756405 ], [ 108.3386144, 11.9755847 ], [ 108.3386151, 11.9755347 ], [ 108.3386198, 11.975485 ], [ 108.3386261, 11.9754412 ], [ 108.3386243, 11.975397 ], [ 108.3386144, 11.9753538 ], [ 108.3385985, 11.9753161 ], [ 108.3385764, 11.9752815 ], [ 108.3385488, 11.9752509 ], [ 108.3385165, 11.9752252 ], [ 108.3384441, 11.9751813 ], [ 108.3384217, 11.9751752 ], [ 108.3384032, 11.9751616 ], [ 108.3383928, 11.9751463 ], [ 108.3383875, 11.9751287 ], [ 108.3383878, 11.9751104 ], [ 108.338381, 11.9750809 ], [ 108.3383702, 11.9750641 ], [ 108.338355, 11.9750509 ], [ 108.3383367, 11.9750423 ], [ 108.3383167, 11.9750389 ], [ 108.3382945, 11.9750416 ], [ 108.3382742, 11.9750506 ], [ 108.3382577, 11.9750652 ], [ 108.3381879, 11.9751255 ], [ 108.3381719, 11.9751409 ], [ 108.3381517, 11.9751505 ], [ 108.3381295, 11.9751533 ], [ 108.3381075, 11.9751491 ], [ 108.3380892, 11.9751393 ], [ 108.3380747, 11.9751245 ], [ 108.3380653, 11.9751063 ], [ 108.3380619, 11.9750861 ], [ 108.3380544, 11.9750434 ], [ 108.3380404, 11.9750022 ], [ 108.3380237, 11.9749695 ], [ 108.3380029, 11.9749392 ], [ 108.3379412, 11.9748421 ], [ 108.3379203, 11.974815 ], [ 108.3379041, 11.974785 ], [ 108.3378929, 11.9747529 ], [ 108.3378872, 11.9747217 ], [ 108.3378863, 11.97469 ], [ 108.3378902, 11.9746585 ], [ 108.3379117, 11.9745417 ], [ 108.3379115, 11.9745186 ], [ 108.3379036, 11.9744968 ], [ 108.3378889, 11.9744787 ], [ 108.3378714, 11.9744675 ], [ 108.3378513, 11.9744617 ], [ 108.3378252, 11.9744593 ], [ 108.337799, 11.9744617 ], [ 108.3377642, 11.9744726 ], [ 108.3377333, 11.9744918 ], [ 108.337715, 11.9745039 ], [ 108.3376935, 11.974509 ], [ 108.3376716, 11.9745063 ], [ 108.3376552, 11.9744985 ], [ 108.3376419, 11.9744863 ], [ 108.3376327, 11.9744709 ], [ 108.3376263, 11.9744403 ], [ 108.3376247, 11.9744092 ], [ 108.3376292, 11.9743717 ], [ 108.3376408, 11.9743357 ], [ 108.3376564, 11.9742846 ], [ 108.3376636, 11.9742317 ], [ 108.3376622, 11.9741783 ], [ 108.3376541, 11.9741328 ], [ 108.3376397, 11.9740888 ], [ 108.3376193, 11.9740471 ], [ 108.3373994, 11.973685 ], [ 108.3372545, 11.9733754 ], [ 108.3370399, 11.9731655 ], [ 108.3368844, 11.9729871 ], [ 108.3367529, 11.9727326 ], [ 108.3366752, 11.9725095 ], [ 108.3364016, 11.971948 ], [ 108.3363675, 11.971889 ], [ 108.3363282, 11.9718332 ], [ 108.336284, 11.971781 ], [ 108.3362353, 11.9717329 ], [ 108.3361734, 11.9716824 ], [ 108.3361065, 11.9716384 ], [ 108.3360619, 11.9716095 ], [ 108.3360206, 11.9715761 ], [ 108.3359832, 11.9715387 ], [ 108.3359524, 11.9715011 ], [ 108.3359255, 11.9714607 ], [ 108.3359027, 11.971418 ], [ 108.3357552, 11.9711163 ], [ 108.3352965, 11.9703842 ], [ 108.3351088, 11.9702215 ], [ 108.3349317, 11.9699119 ], [ 108.3347627, 11.9694658 ], [ 108.334746, 11.9694269 ], [ 108.3347362, 11.9693859 ], [ 108.3347334, 11.9693438 ], [ 108.3347378, 11.9693018 ], [ 108.3347493, 11.9692612 ], [ 108.3347683, 11.9692217 ], [ 108.3347939, 11.9691861 ], [ 108.3348255, 11.9691552 ], [ 108.3348619, 11.9691302 ], [ 108.3349022, 11.9691116 ], [ 108.3350766, 11.969004 ], [ 108.3353367, 11.9687154 ], [ 108.3353862, 11.9686676 ], [ 108.335442, 11.9686271 ], [ 108.335503, 11.9685947 ], [ 108.3355609, 11.9685731 ], [ 108.335621, 11.9685588 ], [ 108.3356825, 11.968552 ], [ 108.3357444, 11.9685527 ], [ 108.3358534, 11.9685561 ], [ 108.3359617, 11.9685685 ], [ 108.3360537, 11.9685862 ], [ 108.3361441, 11.9686104 ], [ 108.3363479, 11.9686524 ], [ 108.336761, 11.9686524 ], [ 108.3368263, 11.9686424 ], [ 108.3368893, 11.968623 ], [ 108.3369487, 11.9685947 ], [ 108.3369988, 11.9685615 ], [ 108.3370437, 11.9685219 ], [ 108.3370827, 11.9684767 ], [ 108.337115, 11.9684268 ], [ 108.33763, 11.9676553 ], [ 108.3376837, 11.9674087 ], [ 108.3380109, 11.9668157 ], [ 108.3380614, 11.9667148 ], [ 108.3381051, 11.9666109 ], [ 108.3381417, 11.9665044 ], [ 108.3381711, 11.9663959 ], [ 108.3381933, 11.9662857 ], [ 108.3382095, 11.9661585 ], [ 108.338216, 11.9660306 ], [ 108.3382128, 11.9659025 ], [ 108.3381998, 11.9657751 ], [ 108.3381772, 11.9656489 ], [ 108.338145, 11.9655247 ], [ 108.3381318, 11.9654768 ], [ 108.3381264, 11.9654274 ], [ 108.3381289, 11.9653778 ], [ 108.3381366, 11.9653387 ], [ 108.3381492, 11.9653009 ], [ 108.3381665, 11.9652649 ], [ 108.338203, 11.9651812 ], [ 108.3382308, 11.9650944 ], [ 108.3382452, 11.9650318 ], [ 108.338255, 11.9649684 ], [ 108.3382684, 11.9648871 ], [ 108.338282, 11.9648446 ], [ 108.3382883, 11.9648004 ], [ 108.3382872, 11.9647559 ], [ 108.3382784, 11.9647115 ], [ 108.3382621, 11.9646691 ], [ 108.3382389, 11.9646299 ], [ 108.3382175, 11.9645987 ], [ 108.3382022, 11.9645642 ], [ 108.3381933, 11.9645276 ], [ 108.3381911, 11.9644923 ], [ 108.3381949, 11.9644572 ], [ 108.3382047, 11.9644231 ], [ 108.3382201, 11.9643912 ], [ 108.3382738, 11.96426 ], [ 108.3382846, 11.9642229 ], [ 108.33829, 11.9641846 ], [ 108.33829, 11.964146 ], [ 108.3382845, 11.9641078 ], [ 108.3382695, 11.9640602 ], [ 108.338246, 11.964016 ], [ 108.3382147, 11.9639766 ], [ 108.338027, 11.9637667 ], [ 108.3380051, 11.9637125 ], [ 108.3379763, 11.9636615 ], [ 108.3379412, 11.9636145 ], [ 108.3379027, 11.9635745 ], [ 108.3378595, 11.9635394 ], [ 108.3378124, 11.9635095 ], [ 108.3377587, 11.9634912 ], [ 108.3377032, 11.9634792 ], [ 108.3376466, 11.9634739 ], [ 108.3375897, 11.9634753 ], [ 108.3375335, 11.9634833 ], [ 108.3374752, 11.963499 ], [ 108.3374195, 11.9635219 ], [ 108.3373672, 11.9635515 ], [ 108.3372756, 11.9636146 ], [ 108.3371794, 11.9636708 ], [ 108.3370792, 11.9637198 ], [ 108.3369756, 11.9637614 ], [ 108.3368615, 11.9637974 ], [ 108.3367449, 11.9638244 ], [ 108.3364552, 11.9642075 ], [ 108.3358169, 11.9642075 ], [ 108.3353448, 11.9642442 ], [ 108.3350605, 11.9643859 ], [ 108.3346367, 11.9644594 ], [ 108.3343041, 11.9645171 ], [ 108.3340627, 11.9645171 ], [ 108.3333626, 11.9645696 ], [ 108.3333138, 11.9645738 ], [ 108.3332657, 11.9645836 ], [ 108.3332192, 11.9645989 ], [ 108.3331749, 11.9646195 ], [ 108.3331235, 11.9646521 ], [ 108.3330776, 11.9646917 ], [ 108.3330381, 11.9647375 ], [ 108.3327109, 11.9653174 ], [ 108.3326749, 11.9653744 ], [ 108.3326325, 11.965427 ], [ 108.3325842, 11.9654744 ], [ 108.3325305, 11.965516 ], [ 108.3324724, 11.9655513 ], [ 108.3324104, 11.9655798 ], [ 108.3323401, 11.9656026 ], [ 108.3322674, 11.9656165 ], [ 108.3321934, 11.9656215 ], [ 108.3321195, 11.9656174 ], [ 108.3320466, 11.9656043 ], [ 108.3319759, 11.9655824 ], [ 108.3309191, 11.9652098 ], [ 108.3306134, 11.9650682 ], [ 108.3304758, 11.9650142 ], [ 108.3303362, 11.9649652 ], [ 108.3301949, 11.9649212 ], [ 108.3300375, 11.9648787 ], [ 108.3298784, 11.9648425 ], [ 108.3295995, 11.9647848 ], [ 108.3295259, 11.9647555 ], [ 108.3294546, 11.9647211 ], [ 108.329386, 11.9646818 ], [ 108.3293205, 11.9646378 ], [ 108.3292424, 11.9645756 ], [ 108.3291703, 11.9645066 ], [ 108.3289182, 11.9642259 ], [ 108.3288758, 11.9641785 ], [ 108.3288382, 11.9641275 ], [ 108.3288057, 11.9640731 ], [ 108.3287787, 11.9640159 ], [ 108.3287546, 11.963947 ], [ 108.3287385, 11.9638759 ], [ 108.3287305, 11.9638034 ], [ 108.3287065, 11.9636115 ], [ 108.3286768, 11.9634203 ], [ 108.3286539, 11.9632941 ], [ 108.3286285, 11.9631684 ], [ 108.328618, 11.9631171 ], [ 108.3286019, 11.9630673 ], [ 108.3285803, 11.9630195 ], [ 108.3285534, 11.9629742 ], [ 108.3285177, 11.9629274 ], [ 108.3284763, 11.9628852 ], [ 108.3284301, 11.9628483 ], [ 108.3280304, 11.9626935 ], [ 108.3277997, 11.9625675 ], [ 108.3274645, 11.962439 ], [ 108.3271158, 11.9620926 ], [ 108.3268475, 11.9618932 ], [ 108.3265901, 11.9619719 ], [ 108.3263648, 11.9619876 ], [ 108.3262238, 11.9619754 ], [ 108.3260825, 11.9619684 ], [ 108.325941, 11.9619666 ], [ 108.3257772, 11.961971 ], [ 108.3256137, 11.9619824 ], [ 108.3255459, 11.9619841 ], [ 108.3254783, 11.961978 ], [ 108.325412, 11.9619642 ], [ 108.3253477, 11.9619428 ], [ 108.3252865, 11.9619142 ], [ 108.325233, 11.9618813 ], [ 108.3251835, 11.961843 ], [ 108.3251385, 11.9617995 ], [ 108.3250987, 11.9617515 ], [ 108.3247501, 11.9613159 ], [ 108.324345, 11.9608593 ], [ 108.3244028, 11.9608456 ], [ 108.3244584, 11.9608253 ], [ 108.3245112, 11.9607987 ], [ 108.3245604, 11.9607662 ], [ 108.3246052, 11.9607281 ], [ 108.3246472, 11.9606827 ], [ 108.324683, 11.9606324 ], [ 108.3247121, 11.9605782 ], [ 108.324734, 11.9605208 ], [ 108.3248091, 11.9602611 ], [ 108.3248453, 11.9601848 ], [ 108.324888, 11.9601118 ], [ 108.3249368, 11.9600426 ], [ 108.3249915, 11.9599777 ], [ 108.3250482, 11.9599206 ], [ 108.3251094, 11.9598681 ], [ 108.3251746, 11.9598205 ], [ 108.3252436, 11.9597782 ], [ 108.3257854, 11.9594739 ], [ 108.3263755, 11.9593637 ], [ 108.3264284, 11.9593479 ], [ 108.3264782, 11.9593242 ], [ 108.3265235, 11.9592931 ], [ 108.3265632, 11.9592554 ], [ 108.3265964, 11.9592121 ], [ 108.3266222, 11.9591642 ], [ 108.3266396, 11.9591149 ], [ 108.326649, 11.9590635 ], [ 108.3266504, 11.9590113 ], [ 108.3266437, 11.9589596 ], [ 108.3262629, 11.9581908 ], [ 108.3255976, 11.9577368 ], [ 108.3253294, 11.9576423 ], [ 108.3252593, 11.9576077 ], [ 108.3251927, 11.9575671 ], [ 108.3251301, 11.9575207 ], [ 108.3250719, 11.9574691 ], [ 108.3250132, 11.9574061 ], [ 108.3249612, 11.9573376 ], [ 108.3249164, 11.9572645 ], [ 108.3248675, 11.9571725 ], [ 108.3248138, 11.9570832 ], [ 108.3247554, 11.9569968 ], [ 108.3246935, 11.9569148 ], [ 108.3246272, 11.956836 ], [ 108.3245569, 11.9567606 ], [ 108.3238649, 11.9561256 ], [ 108.3236343, 11.9557478 ], [ 108.3235987, 11.9556943 ], [ 108.3235593, 11.9556434 ], [ 108.3235162, 11.9555956 ], [ 108.3234709, 11.955552 ], [ 108.3234226, 11.9555117 ], [ 108.3233714, 11.9554749 ], [ 108.3230495, 11.9553017 ], [ 108.3229804, 11.9552683 ], [ 108.3229141, 11.9552297 ], [ 108.3228511, 11.9551862 ], [ 108.3227874, 11.9551343 ], [ 108.3227283, 11.9550774 ], [ 108.3226743, 11.9550158 ], [ 108.3226258, 11.9549501 ], [ 108.3221215, 11.9540789 ], [ 108.3221142, 11.9540089 ], [ 108.322116, 11.9539385 ], [ 108.3221269, 11.953869 ], [ 108.3221452, 11.9538056 ], [ 108.322171, 11.9537447 ], [ 108.3222041, 11.9536873 ], [ 108.3222439, 11.9536342 ], [ 108.3222899, 11.953586 ], [ 108.3223414, 11.9535436 ], [ 108.3227652, 11.9531972 ], [ 108.3228437, 11.9531306 ], [ 108.3229166, 11.9530583 ], [ 108.3229836, 11.9529806 ], [ 108.3230442, 11.9528981 ], [ 108.3230911, 11.9528233 ], [ 108.3231328, 11.9527457 ], [ 108.323169, 11.9526655 ], [ 108.3231997, 11.9525832 ], [ 108.3232856, 11.9522893 ], [ 108.3231515, 11.9521213 ], [ 108.3231227, 11.9520591 ], [ 108.3231011, 11.9519941 ], [ 108.3230871, 11.9519272 ], [ 108.3230807, 11.9518585 ], [ 108.3230821, 11.9517895 ], [ 108.3230915, 11.9517212 ], [ 108.3231085, 11.9516543 ], [ 108.3232105, 11.9512764 ], [ 108.3233178, 11.9508618 ], [ 108.3233352, 11.9507808 ], [ 108.323344, 11.9506985 ], [ 108.323344, 11.9506157 ], [ 108.3233352, 11.9505334 ], [ 108.3233178, 11.9504524 ], [ 108.3232953, 11.9503828 ], [ 108.3232665, 11.9503154 ], [ 108.3232314, 11.9502509 ], [ 108.3231905, 11.9501898 ], [ 108.3231441, 11.9501326 ], [ 108.3230925, 11.9500798 ], [ 108.3227062, 11.9497124 ], [ 108.3224755, 11.9495865 ], [ 108.3224482, 11.9495663 ], [ 108.3224251, 11.9495415 ], [ 108.3224072, 11.9495129 ], [ 108.3223951, 11.9494815 ], [ 108.3223892, 11.9494488 ], [ 108.3223895, 11.9494155 ], [ 108.3223962, 11.9493829 ], [ 108.3224089, 11.9493521 ], [ 108.3224273, 11.9493241 ], [ 108.3226204, 11.9490039 ], [ 108.3226856, 11.948892 ], [ 108.3227441, 11.9487766 ], [ 108.3227958, 11.9486581 ], [ 108.3228403, 11.9485368 ], [ 108.3228819, 11.9483973 ], [ 108.3229142, 11.9482554 ], [ 108.3229369, 11.9481117 ], [ 108.3229476, 11.9477864 ], [ 108.3228511, 11.9475134 ], [ 108.3225641, 11.9465373 ], [ 108.322542, 11.946463 ], [ 108.3225106, 11.9463921 ], [ 108.3224703, 11.9463255 ], [ 108.3224219, 11.9462644 ], [ 108.3223751, 11.9462176 ], [ 108.3223234, 11.9461759 ], [ 108.3222675, 11.9461398 ], [ 108.322208, 11.9461097 ], [ 108.3221456, 11.9460859 ], [ 108.3212686, 11.9456923 ], [ 108.3207804, 11.9453827 ], [ 108.320724, 11.9453279 ], [ 108.3206741, 11.9452674 ], [ 108.3206313, 11.9452019 ], [ 108.320596, 11.9451323 ], [ 108.3205687, 11.9450593 ], [ 108.3205497, 11.9449838 ], [ 108.3205394, 11.9449079 ], [ 108.3205375, 11.9448313 ], [ 108.320544, 11.9447549 ], [ 108.3205589, 11.9446797 ], [ 108.320582, 11.9446065 ], [ 108.320613, 11.9445361 ], [ 108.3206516, 11.9444695 ], [ 108.320743, 11.9443533 ], [ 108.3208396, 11.9442412 ], [ 108.3209413, 11.9441336 ], [ 108.3210652, 11.9440146 ], [ 108.3211952, 11.9439022 ], [ 108.3213311, 11.9437965 ], [ 108.3214724, 11.943698 ], [ 108.3218533, 11.9434146 ], [ 108.3219114, 11.9433731 ], [ 108.3219659, 11.9433272 ], [ 108.3220164, 11.943277 ], [ 108.3220625, 11.943223 ], [ 108.3221138, 11.9431501 ], [ 108.3221573, 11.9430725 ], [ 108.3221923, 11.9429909 ], [ 108.3221507, 11.9422619 ], [ 108.3221913, 11.9421019 ], [ 108.3222234, 11.9419401 ], [ 108.3222469, 11.9417768 ], [ 108.3222618, 11.9416126 ], [ 108.3222679, 11.9414479 ], [ 108.3222665, 11.9413113 ], [ 108.322259, 11.941175 ], [ 108.3222456, 11.9410391 ], [ 108.3222263, 11.9409039 ], [ 108.3222679, 11.9402305 ], [ 108.3221961, 11.9396865 ], [ 108.3222642, 11.9395311 ], [ 108.3222855, 11.9394855 ], [ 108.3222982, 11.9394369 ], [ 108.322302, 11.9393868 ], [ 108.3222988, 11.9393494 ], [ 108.3222906, 11.9393128 ], [ 108.3222586, 11.9392597 ], [ 108.3222226, 11.9392092 ], [ 108.3221672, 11.9391451 ], [ 108.3221053, 11.9390871 ], [ 108.3220432, 11.9390424 ], [ 108.3219839, 11.9389943 ], [ 108.3219275, 11.9389428 ], [ 108.3218563, 11.9388677 ], [ 108.3217914, 11.9387874 ], [ 108.3215456, 11.9384839 ], [ 108.3215067, 11.9384457 ], [ 108.3214622, 11.938414 ], [ 108.3214132, 11.9383896 ], [ 108.3213703, 11.9383753 ], [ 108.321326, 11.9383666 ], [ 108.3212808, 11.9383637 ], [ 108.3209688, 11.9383729 ], [ 108.3196356, 11.9383822 ], [ 108.3195844, 11.9383753 ], [ 108.3195341, 11.9383636 ], [ 108.3194853, 11.938347 ], [ 108.3194271, 11.9383199 ], [ 108.3193727, 11.938286 ], [ 108.3193278, 11.9382504 ], [ 108.3192795, 11.9382194 ], [ 108.3192283, 11.9381933 ], [ 108.3191746, 11.9381722 ], [ 108.3191141, 11.9381552 ], [ 108.3190521, 11.9381447 ], [ 108.3189893, 11.9381408 ], [ 108.3189264, 11.9381435 ], [ 108.3187354, 11.9381509 ], [ 108.3187041, 11.9381515 ], [ 108.318673, 11.9381472 ], [ 108.3186375, 11.9381356 ], [ 108.318605, 11.9381176 ], [ 108.3184953, 11.9380286 ], [ 108.3182835, 11.9379067 ], [ 108.3182597, 11.9378904 ], [ 108.3182381, 11.9378715 ], [ 108.3182164, 11.937847 ], [ 108.3181984, 11.9378197 ], [ 108.3181855, 11.9377949 ], [ 108.31817, 11.9377716 ], [ 108.3181472, 11.937745 ], [ 108.3181209, 11.9377217 ], [ 108.3179261, 11.9376218 ], [ 108.3173228, 11.9371574 ], [ 108.3172974, 11.937136 ], [ 108.3172773, 11.9371097 ], [ 108.3172634, 11.9370798 ], [ 108.3172564, 11.9370477 ], [ 108.3172566, 11.9370149 ], [ 108.3172641, 11.9369828 ], [ 108.3172785, 11.9369531 ], [ 108.3172992, 11.936927 ], [ 108.3173251, 11.936906 ], [ 108.317355, 11.9368909 ], [ 108.3177124, 11.9366282 ], [ 108.3179809, 11.9363599 ], [ 108.3182255, 11.9359612 ], [ 108.3182485, 11.935906 ], [ 108.3182656, 11.9358487 ], [ 108.3182766, 11.9357901 ], [ 108.3182813, 11.9357306 ], [ 108.3182797, 11.935671 ], [ 108.3182724, 11.9356148 ], [ 108.3182594, 11.9355596 ], [ 108.318241, 11.9355059 ], [ 108.3182173, 11.9354543 ], [ 108.3181825, 11.935365 ], [ 108.3181553, 11.9352732 ], [ 108.318136, 11.9351795 ], [ 108.3181252, 11.935092 ], [ 108.3181213, 11.9350038 ], [ 108.3181243, 11.9349157 ], [ 108.3181341, 11.934828 ], [ 108.3181399, 11.934785 ], [ 108.3181399, 11.9347415 ], [ 108.3181341, 11.9346985 ], [ 108.3181221, 11.9346556 ], [ 108.3181044, 11.9346146 ], [ 108.3180811, 11.9345764 ], [ 108.3179365, 11.9344117 ], [ 108.3178818, 11.9343515 ], [ 108.3178325, 11.934287 ], [ 108.3177891, 11.9342186 ], [ 108.3177518, 11.9341468 ], [ 108.3177209, 11.9340722 ], [ 108.3176942, 11.9339861 ], [ 108.3176761, 11.9338978 ], [ 108.3176667, 11.9338083 ], [ 108.3176661, 11.9337183 ], [ 108.3177004, 11.9329475 ], [ 108.3177036, 11.9328974 ], [ 108.3177015, 11.9328472 ], [ 108.3176943, 11.9327975 ], [ 108.3176828, 11.9327516 ], [ 108.3176668, 11.9327071 ], [ 108.3176466, 11.9326643 ], [ 108.3173536, 11.9321522 ], [ 108.3171345, 11.9319731 ], [ 108.3166027, 11.9308789 ], [ 108.3164427, 11.9306595 ], [ 108.3164086, 11.9306083 ], [ 108.3163809, 11.9305535 ], [ 108.31636, 11.9304959 ], [ 108.3163461, 11.9304363 ], [ 108.3163395, 11.9303784 ], [ 108.3163396, 11.9303202 ], [ 108.3163463, 11.9302624 ], [ 108.3163596, 11.9302057 ], [ 108.3163792, 11.9301508 ], [ 108.3162559, 11.9297016 ], [ 108.316058, 11.9292621 ], [ 108.3157648, 11.929007 ], [ 108.3157178, 11.9289629 ], [ 108.3156755, 11.9289145 ], [ 108.3156383, 11.9288622 ], [ 108.3156065, 11.9288066 ], [ 108.3155832, 11.9287551 ], [ 108.3155645, 11.9287019 ], [ 108.3155506, 11.9286472 ], [ 108.315535, 11.928551 ], [ 108.3155134, 11.9284559 ], [ 108.315488, 11.9283686 ], [ 108.3154575, 11.9282829 ], [ 108.3152713, 11.9279504 ], [ 108.3152248, 11.9277135 ], [ 108.315212, 11.9276644 ], [ 108.3152058, 11.927614 ], [ 108.3152062, 11.9275632 ], [ 108.3152126, 11.9275153 ], [ 108.315225, 11.9274685 ], [ 108.3152431, 11.9274236 ], [ 108.3152667, 11.9273811 ], [ 108.3153268, 11.927305 ], [ 108.315383, 11.9272262 ], [ 108.3154441, 11.9271299 ], [ 108.3154994, 11.9270304 ], [ 108.315937, 11.9267343 ], [ 108.3159878, 11.9267113 ], [ 108.3160349, 11.9266818 ], [ 108.3160775, 11.9266462 ], [ 108.3161148, 11.9266054 ], [ 108.3161461, 11.9265599 ], [ 108.3161708, 11.9265108 ], [ 108.3161884, 11.9264588 ], [ 108.316198, 11.9264101 ], [ 108.3162014, 11.9263607 ], [ 108.3161985, 11.9263112 ], [ 108.3161895, 11.9262624 ], [ 108.3161744, 11.9262151 ], [ 108.3160892, 11.9260002 ], [ 108.31605, 11.9259395 ], [ 108.3160061, 11.9258821 ] ] ] } },
{ "type": "Feature", "properties": { "id": "b59e7daf-7460-491a-a926-0fffd7aa88a1", "region_name": "Phường Lang Biang - Đà Lạt", "country": "VN", "subtype": "locality", "class": "land" }, "geometry": { "type": "Polygon", "coordinates": [ [ [ 108.4391087, 11.993783 ], [ 108.4391381, 11.9938286 ], [ 108.4391611, 11.9938776 ], [ 108.4392751, 11.9942801 ], [ 108.4395674, 11.9945202 ], [ 108.4397284, 11.9946776 ], [ 108.4397548, 11.9947494 ], [ 108.4397552, 11.9947878 ], [ 108.4397481, 11.9948217 ], [ 108.4397141, 11.9948819 ], [ 108.4396885, 11.9949058 ], [ 108.4395858, 11.99497 ], [ 108.4395552, 11.995 ], [ 108.4395084, 11.9950712 ], [ 108.4394916, 11.9951168 ], [ 108.4394816, 11.9952129 ], [ 108.4395621, 11.9954752 ], [ 108.4398837, 11.9954058 ], [ 108.4399693, 11.9954138 ], [ 108.44001, 11.995428 ], [ 108.4400774, 11.9954714 ], [ 108.440128, 11.9955329 ], [ 108.4401933, 11.9956465 ], [ 108.4402514, 11.9957638 ], [ 108.4403623, 11.996048 ], [ 108.4404127, 11.9961315 ], [ 108.4404892, 11.9962279 ], [ 108.4405545, 11.9963489 ], [ 108.4405908, 11.9964699 ], [ 108.4406133, 11.9966651 ], [ 108.4406269, 11.9966978 ], [ 108.4406997, 11.9968092 ], [ 108.4407419, 11.9969291 ], [ 108.4407554, 11.9970598 ], [ 108.4407457, 11.9978526 ], [ 108.4407734, 11.9979979 ], [ 108.4407975, 11.998068 ], [ 108.4408622, 11.9981957 ], [ 108.4409456, 11.9983064 ], [ 108.4411768, 11.9985186 ], [ 108.4412695, 11.9986366 ], [ 108.4413055, 11.9987023 ], [ 108.441349, 11.9988201 ], [ 108.4413933, 11.9990752 ], [ 108.4414396, 11.9992008 ], [ 108.4415229, 11.9993379 ], [ 108.4416332, 11.9994554 ], [ 108.4421826, 11.9998593 ], [ 108.4426868, 12.0003001 ], [ 108.444398, 12.0011938 ], [ 108.4445661, 12.001309 ], [ 108.4447286, 12.001446 ], [ 108.4448836, 12.0015541 ], [ 108.4450981, 12.0016696 ], [ 108.4455595, 12.0018847 ], [ 108.4457071, 12.0019395 ], [ 108.4457842, 12.0019564 ], [ 108.4459471, 12.0019683 ], [ 108.4461147, 12.0019477 ], [ 108.4463454, 12.0018768 ], [ 108.4470454, 12.0020447 ], [ 108.4472793, 12.0020875 ], [ 108.4473941, 12.0021182 ], [ 108.447644, 12.0022088 ], [ 108.4479194, 12.0023449 ], [ 108.4480003, 12.0023779 ], [ 108.4481776, 12.0024324 ], [ 108.448422, 12.0024905 ], [ 108.4485848, 12.0025552 ], [ 108.4486699, 12.0025999 ], [ 108.4491161, 12.0028764 ], [ 108.4491904, 12.0029326 ], [ 108.4492586, 12.0029957 ], [ 108.4493199, 12.0030653 ], [ 108.4494135, 12.0032089 ], [ 108.4494782, 12.003367 ], [ 108.4496445, 12.003897 ], [ 108.4501005, 12.0043666 ], [ 108.4501687, 12.0044656 ], [ 108.4502574, 12.0045476 ], [ 108.4503568, 12.0046063 ], [ 108.4505427, 12.0046674 ], [ 108.4506155, 12.0046998 ], [ 108.45068, 12.0047376 ], [ 108.4507947, 12.0048326 ], [ 108.4511009, 12.0052088 ], [ 108.4514013, 12.005597 ], [ 108.4513557, 12.0058745 ], [ 108.4513557, 12.0064025 ], [ 108.4513692, 12.0064838 ], [ 108.4514121, 12.0065651 ], [ 108.4515167, 12.0066648 ], [ 108.4515757, 12.0067068 ], [ 108.4516097, 12.0067191 ], [ 108.4517594, 12.0067383 ], [ 108.4518164, 12.0067558 ], [ 108.4519175, 12.0068085 ], [ 108.4519995, 12.0068799 ], [ 108.4523106, 12.0072158 ], [ 108.4525386, 12.0074125 ], [ 108.4531582, 12.0076486 ], [ 108.4537131, 12.0076431 ], [ 108.4539548, 12.0077431 ], [ 108.4542245, 12.0079697 ], [ 108.4542756, 12.0081686 ], [ 108.4543011, 12.0084159 ], [ 108.4543168, 12.0086639 ], [ 108.4543211, 12.0090998 ], [ 108.454312, 12.0093176 ], [ 108.4542634, 12.0100018 ], [ 108.4542639, 12.0102361 ], [ 108.4542364, 12.0104689 ], [ 108.4542071, 12.0106047 ], [ 108.4541682, 12.0107381 ], [ 108.45412, 12.0108685 ], [ 108.4540626, 12.0109954 ], [ 108.4539964, 12.0111181 ], [ 108.4539217, 12.0112361 ], [ 108.4536872, 12.0115394 ], [ 108.4536318, 12.0116271 ], [ 108.453539, 12.0118121 ], [ 108.4537439, 12.0119312 ], [ 108.4538394, 12.012001 ], [ 108.4540012, 12.0121464 ], [ 108.4541422, 12.0123111 ], [ 108.4542042, 12.0123998 ], [ 108.4543298, 12.012607 ], [ 108.4543879, 12.0126777 ], [ 108.4544529, 12.0127424 ], [ 108.4545243, 12.0128004 ], [ 108.4547077, 12.0129294 ], [ 108.4549049, 12.0131047 ], [ 108.4550786, 12.0133023 ], [ 108.4551601, 12.0134151 ], [ 108.4552339, 12.0135328 ], [ 108.4552997, 12.0136551 ], [ 108.4553849, 12.0138449 ], [ 108.4554198, 12.0139796 ], [ 108.4554262, 12.0140494 ], [ 108.4554147, 12.0142662 ], [ 108.4554349, 12.0144193 ], [ 108.4554863, 12.0145652 ], [ 108.4556125, 12.0147779 ], [ 108.4556513, 12.0148613 ], [ 108.4557072, 12.0150361 ], [ 108.4557331, 12.0152174 ], [ 108.4559101, 12.0152777 ], [ 108.4564535, 12.015391 ], [ 108.4566826, 12.0154509 ], [ 108.45686, 12.0155852 ], [ 108.4570098, 12.0157132 ], [ 108.4571446, 12.0158768 ], [ 108.4572624, 12.0162699 ], [ 108.4573022, 12.0165396 ], [ 108.4572987, 12.0167309 ], [ 108.4572449, 12.0172563 ], [ 108.4572485, 12.0173922 ], [ 108.4572824, 12.0175074 ], [ 108.4573441, 12.0175869 ], [ 108.4574501, 12.0176748 ], [ 108.4577501, 12.0177595 ], [ 108.4579426, 12.0177708 ], [ 108.4579654, 12.0178724 ], [ 108.4580151, 12.0179644 ], [ 108.458088, 12.0180402 ], [ 108.4581793, 12.0181116 ], [ 108.4582495, 12.0182074 ], [ 108.4582744, 12.0182631 ], [ 108.4584027, 12.0186307 ], [ 108.4584432, 12.0187718 ], [ 108.4585065, 12.0190581 ], [ 108.4584351, 12.019096 ], [ 108.4583686, 12.0191417 ], [ 108.458308, 12.0191945 ], [ 108.4582539, 12.0192538 ], [ 108.4582072, 12.0193188 ], [ 108.4581424, 12.0194506 ], [ 108.4580666, 12.0195618 ], [ 108.4580098, 12.0196161 ], [ 108.457947, 12.0196636 ], [ 108.4578312, 12.0197254 ], [ 108.4577491, 12.0197894 ], [ 108.4577165, 12.0198298 ], [ 108.4576722, 12.0199229 ], [ 108.4576588, 12.0200248 ], [ 108.4576721, 12.0201087 ], [ 108.4577065, 12.0202034 ], [ 108.4577766, 12.0203434 ], [ 108.4578275, 12.020417 ], [ 108.4578861, 12.0204849 ], [ 108.4579517, 12.0205464 ], [ 108.458122, 12.0206723 ], [ 108.4581623, 12.0207178 ], [ 108.458217, 12.0208142 ], [ 108.4582615, 12.0209584 ], [ 108.4582813, 12.021057 ], [ 108.4582936, 12.0212446 ], [ 108.4582758, 12.0214192 ], [ 108.4581846, 12.0214596 ], [ 108.4580135, 12.0215611 ], [ 108.4578609, 12.0216877 ], [ 108.4577928, 12.0217594 ], [ 108.457675, 12.0219176 ], [ 108.4576216, 12.0220116 ], [ 108.4575768, 12.0221098 ], [ 108.4575409, 12.0222114 ], [ 108.4576509, 12.0224483 ], [ 108.4576971, 12.0225703 ], [ 108.4577715, 12.02282 ], [ 108.4578368, 12.0231686 ], [ 108.4578861, 12.0236233 ], [ 108.4579453, 12.0238972 ], [ 108.4580344, 12.0241632 ], [ 108.458095, 12.0243035 ], [ 108.4582409, 12.0245725 ], [ 108.4582966, 12.0245793 ], [ 108.4583881, 12.0245441 ], [ 108.4584583, 12.0245434 ], [ 108.4585228, 12.0245707 ], [ 108.4586032, 12.024657 ], [ 108.4586728, 12.0247036 ], [ 108.458712, 12.0247195 ], [ 108.4588873, 12.0247771 ], [ 108.4590196, 12.0247886 ], [ 108.4590858, 12.0247823 ], [ 108.4590381, 12.0247968 ], [ 108.4589502, 12.0248425 ], [ 108.4588766, 12.0249082 ], [ 108.4588265, 12.0249812 ], [ 108.4587484, 12.0251393 ], [ 108.458721, 12.025223 ], [ 108.4586921, 12.0253824 ], [ 108.4586728, 12.0255431 ], [ 108.458662, 12.0258264 ], [ 108.458618, 12.0258118 ], [ 108.4585259, 12.0258012 ], [ 108.4584425, 12.0258136 ], [ 108.4583723, 12.0258422 ], [ 108.4583848, 12.0259401 ], [ 108.4583875, 12.0261374 ], [ 108.4583623, 12.0263245 ], [ 108.4583133, 12.026498 ], [ 108.4581855, 12.0265328 ], [ 108.4580722, 12.0266004 ], [ 108.4580237, 12.0266449 ], [ 108.4579808, 12.0266971 ], [ 108.4578447, 12.0268244 ], [ 108.4578088, 12.0268715 ], [ 108.4577558, 12.0269767 ], [ 108.4577152, 12.0271601 ], [ 108.4576656, 12.0273005 ], [ 108.4575098, 12.0276019 ], [ 108.4574467, 12.027762 ], [ 108.4574121, 12.0279303 ], [ 108.4574058, 12.0280216 ], [ 108.457409, 12.028113 ], [ 108.4574219, 12.0282035 ], [ 108.4574701, 12.0283644 ], [ 108.4574868, 12.028439 ], [ 108.4574944, 12.0285151 ], [ 108.4574926, 12.0285914 ], [ 108.4574582, 12.0288252 ], [ 108.4574528, 12.0289432 ], [ 108.4574553, 12.0290613 ], [ 108.457475, 12.0292443 ], [ 108.457475, 12.0293761 ], [ 108.4574658, 12.0294414 ], [ 108.4573979, 12.0297082 ], [ 108.4573692, 12.0298611 ], [ 108.4572029, 12.0299503 ], [ 108.457188, 12.0301215 ], [ 108.4571991, 12.0302635 ], [ 108.4572137, 12.0303182 ], [ 108.4572643, 12.0304196 ], [ 108.4573455, 12.0305086 ], [ 108.4573978, 12.0305456 ], [ 108.457455, 12.0305746 ], [ 108.4573863, 12.0307382 ], [ 108.4572876, 12.0308863 ], [ 108.4571624, 12.0310138 ], [ 108.457015, 12.0311163 ], [ 108.4567898, 12.0312252 ], [ 108.4566641, 12.0313255 ], [ 108.4566107, 12.0313854 ], [ 108.4564779, 12.0315911 ], [ 108.4564236, 12.0316537 ], [ 108.4563629, 12.0317104 ], [ 108.4561877, 12.031837 ], [ 108.4561032, 12.0319387 ], [ 108.4560336, 12.0320524 ], [ 108.4559896, 12.0321028 ], [ 108.4558857, 12.0321878 ], [ 108.4557652, 12.0322483 ], [ 108.4554005, 12.032369 ], [ 108.4551644, 12.0324267 ], [ 108.4551241, 12.0323459 ], [ 108.4550584, 12.0322829 ], [ 108.454975, 12.0322451 ], [ 108.4549296, 12.0322371 ], [ 108.4548379, 12.032244 ], [ 108.4546831, 12.0323126 ], [ 108.4546226, 12.032327 ], [ 108.4544727, 12.0323465 ], [ 108.4544005, 12.0323686 ], [ 108.454266, 12.0324361 ], [ 108.4541506, 12.0325316 ], [ 108.4540998, 12.0325911 ], [ 108.4539679, 12.0328123 ], [ 108.4539077, 12.0328947 ], [ 108.4537697, 12.0330458 ], [ 108.4536931, 12.0331131 ], [ 108.4536104, 12.033173 ], [ 108.4535222, 12.033225 ], [ 108.4534294, 12.0332686 ], [ 108.4533328, 12.0333034 ], [ 108.4532332, 12.0333291 ], [ 108.4531339, 12.0333452 ], [ 108.4530335, 12.0333522 ], [ 108.4529328, 12.0333501 ], [ 108.4458405, 12.0428723 ], [ 108.4456962, 12.0430927 ], [ 108.4455579, 12.043362 ], [ 108.4454436, 12.0436419 ], [ 108.4453087, 12.044067 ], [ 108.4452563, 12.0442049 ], [ 108.445182, 12.0443658 ], [ 108.4450247, 12.0446023 ], [ 108.4450053, 12.0446517 ], [ 108.4449901, 12.044738 ], [ 108.4449947, 12.0448422 ], [ 108.4450072, 12.0449107 ], [ 108.4450552, 12.0450415 ], [ 108.4451272, 12.045153 ], [ 108.4451693, 12.0452 ], [ 108.4452671, 12.0452804 ], [ 108.4453334, 12.0453505 ], [ 108.4454466, 12.0455059 ], [ 108.4455313, 12.0456778 ], [ 108.445618, 12.0459703 ], [ 108.4456557, 12.0460683 ], [ 108.4456997, 12.0461638 ], [ 108.4458184, 12.0463833 ], [ 108.4458415, 12.0464516 ], [ 108.4458637, 12.0465935 ], [ 108.4458524, 12.0467411 ], [ 108.4458518, 12.0468174 ], [ 108.4458608, 12.0468931 ], [ 108.4458792, 12.0469672 ], [ 108.4459067, 12.0470386 ], [ 108.4459978, 12.0471982 ], [ 108.4460165, 12.0472483 ], [ 108.4460481, 12.047401 ], [ 108.446069, 12.0474482 ], [ 108.4461307, 12.0475311 ], [ 108.4462063, 12.0476029 ], [ 108.4462649, 12.0476885 ], [ 108.4463451, 12.047866 ], [ 108.4464956, 12.0481216 ], [ 108.4465649, 12.0483074 ], [ 108.4465992, 12.0485024 ], [ 108.4465996, 12.0486751 ], [ 108.4465673, 12.048964 ], [ 108.4465681, 12.0490333 ], [ 108.4465783, 12.0491019 ], [ 108.4465977, 12.0491686 ], [ 108.446626, 12.0492322 ], [ 108.4466626, 12.0492916 ], [ 108.446707, 12.0493457 ], [ 108.4468059, 12.0494281 ], [ 108.446883, 12.0495157 ], [ 108.4469308, 12.0496214 ], [ 108.4469451, 12.0497361 ], [ 108.4469392, 12.0497938 ], [ 108.4468905, 12.0499728 ], [ 108.4468841, 12.0501068 ], [ 108.4468925, 12.0502854 ], [ 108.446914, 12.0504742 ], [ 108.4469115, 12.0506314 ], [ 108.4468989, 12.0507092 ], [ 108.4468516, 12.0508594 ], [ 108.446738, 12.0510766 ], [ 108.4467093, 12.0511544 ], [ 108.4466882, 12.0512345 ], [ 108.4466698, 12.0513988 ], [ 108.4466809, 12.0515497 ], [ 108.4467809, 12.0520152 ], [ 108.446786, 12.0520814 ], [ 108.4467825, 12.0522405 ], [ 108.4467892, 12.0522865 ], [ 108.4468183, 12.0523742 ], [ 108.4468666, 12.052453 ], [ 108.4469921, 12.0527221 ], [ 108.4470857, 12.0528515 ], [ 108.4472023, 12.0529616 ], [ 108.4473363, 12.0530477 ], [ 108.4474826, 12.0531078 ], [ 108.4475047, 12.0533135 ], [ 108.4475541, 12.0535182 ], [ 108.4476435, 12.0537846 ], [ 108.447687, 12.0538883 ], [ 108.447739, 12.0539882 ], [ 108.4477991, 12.0540836 ], [ 108.4479524, 12.0542983 ], [ 108.4480188, 12.054412 ], [ 108.4481115, 12.054605 ], [ 108.4481983, 12.0547458 ], [ 108.4483095, 12.0548691 ], [ 108.4484349, 12.0549669 ], [ 108.4485438, 12.0550715 ], [ 108.4486298, 12.0551948 ], [ 108.4486632, 12.0552621 ], [ 108.4487313, 12.0554515 ], [ 108.4487641, 12.055506 ], [ 108.4488505, 12.0555997 ], [ 108.4489559, 12.055684 ], [ 108.4490401, 12.0557885 ], [ 108.4490994, 12.0559083 ], [ 108.4491509, 12.0561138 ], [ 108.4491848, 12.0562005 ], [ 108.4492258, 12.0562841 ], [ 108.449328, 12.0564401 ], [ 108.4494548, 12.0565777 ], [ 108.44967, 12.0567493 ], [ 108.4498914, 12.0569723 ], [ 108.4499774, 12.0570444 ], [ 108.4502092, 12.0572113 ], [ 108.4503262, 12.0573381 ], [ 108.450374, 12.0574096 ], [ 108.4504807, 12.0576053 ], [ 108.4505426, 12.0576982 ], [ 108.45061, 12.0577873 ], [ 108.4507355, 12.0579286 ], [ 108.4508537, 12.0580756 ], [ 108.4509645, 12.0582281 ], [ 108.4510675, 12.0583857 ], [ 108.451228, 12.0586717 ], [ 108.4513797, 12.0589966 ], [ 108.4514712, 12.0591256 ], [ 108.4515268, 12.0591823 ], [ 108.4516549, 12.059277 ], [ 108.4518853, 12.0593861 ], [ 108.451958, 12.0594346 ], [ 108.4520248, 12.0594907 ], [ 108.4520848, 12.0595536 ], [ 108.4521373, 12.0596226 ], [ 108.4521818, 12.0596969 ], [ 108.4522945, 12.0599645 ], [ 108.4524983, 12.0603894 ], [ 108.4525971, 12.0603336 ], [ 108.4527084, 12.0603087 ], [ 108.4527656, 12.0603087 ], [ 108.4528769, 12.0603336 ], [ 108.4529757, 12.0603894 ], [ 108.4530868, 12.0604878 ], [ 108.4532046, 12.0605663 ], [ 108.4535055, 12.0607162 ], [ 108.4538288, 12.0608484 ], [ 108.454011, 12.0609608 ], [ 108.4540942, 12.0610277 ], [ 108.4542423, 12.0611805 ], [ 108.4543061, 12.0612655 ], [ 108.4543967, 12.0614195 ], [ 108.454576, 12.0616866 ], [ 108.4546655, 12.0617982 ], [ 108.454865, 12.0620039 ], [ 108.4550893, 12.0621835 ], [ 108.4552656, 12.0622959 ], [ 108.4553575, 12.0623461 ], [ 108.455717, 12.0625822 ], [ 108.4555968, 12.0626693 ], [ 108.4553415, 12.0628215 ], [ 108.4550695, 12.0629429 ], [ 108.4548199, 12.0630225 ], [ 108.4546685, 12.0630569 ], [ 108.4539379, 12.063211 ], [ 108.4534779, 12.0633167 ], [ 108.4533489, 12.0633545 ], [ 108.4530975, 12.0634491 ], [ 108.4527952, 12.0635983 ], [ 108.4526188, 12.0636983 ], [ 108.4522796, 12.0639197 ], [ 108.4520711, 12.0640771 ], [ 108.4520292, 12.0641185 ], [ 108.4519607, 12.0642136 ], [ 108.4519185, 12.0643113 ], [ 108.451871, 12.0645458 ], [ 108.4518527, 12.064688 ], [ 108.4518436, 12.064831 ], [ 108.4518476, 12.0650487 ], [ 108.4518725, 12.0652706 ], [ 108.4518996, 12.0654171 ], [ 108.451964, 12.0656595 ], [ 108.4520015, 12.0657543 ], [ 108.4520472, 12.0658456 ], [ 108.4521619, 12.066015 ], [ 108.4523442, 12.0662101 ], [ 108.4523943, 12.0662751 ], [ 108.4525035, 12.0664474 ], [ 108.4527065, 12.0666786 ], [ 108.452778, 12.0667787 ], [ 108.4528941, 12.0669873 ], [ 108.4530079, 12.0672813 ], [ 108.4530456, 12.0673563 ], [ 108.4531367, 12.0674976 ], [ 108.453264, 12.0676398 ], [ 108.453416, 12.0677565 ], [ 108.4535873, 12.0678437 ], [ 108.4536785, 12.0678753 ], [ 108.4538641, 12.0679128 ], [ 108.4540535, 12.0679167 ], [ 108.4544295, 12.0679488 ], [ 108.4553533, 12.0680089 ], [ 108.4558144, 12.0680489 ], [ 108.4565171, 12.0681229 ], [ 108.457195, 12.0682235 ], [ 108.4573932, 12.0682235 ], [ 108.4574917, 12.0682129 ], [ 108.4576689, 12.0681755 ], [ 108.4578222, 12.0681176 ], [ 108.4580418, 12.0679985 ], [ 108.4582027, 12.0679483 ], [ 108.4583707, 12.0679315 ], [ 108.4584551, 12.0679359 ], [ 108.4585871, 12.0679603 ], [ 108.4587287, 12.0680071 ], [ 108.4588202, 12.0680457 ], [ 108.4589891, 12.0681379 ], [ 108.4592199, 12.068295 ], [ 108.4594863, 12.0684941 ], [ 108.4599183, 12.0688015 ], [ 108.4602284, 12.0690452 ], [ 108.4607381, 12.0694963 ], [ 108.461076, 12.0697743 ], [ 108.4612347, 12.0697669 ], [ 108.4613925, 12.0697848 ], [ 108.4615797, 12.0698385 ], [ 108.4617564, 12.0699196 ], [ 108.4618394, 12.0699698 ], [ 108.4619855, 12.070082 ], [ 108.4622734, 12.0703593 ], [ 108.4624856, 12.0705353 ], [ 108.4627917, 12.070738 ], [ 108.4630783, 12.070974 ], [ 108.4632003, 12.0710491 ], [ 108.4632817, 12.071086 ], [ 108.4633664, 12.0711151 ], [ 108.4635423, 12.0711489 ], [ 108.4637216, 12.0711491 ], [ 108.4638976, 12.0711158 ], [ 108.4640639, 12.0710502 ], [ 108.4641414, 12.0710059 ], [ 108.464359, 12.0708392 ], [ 108.4644848, 12.0707678 ], [ 108.4646225, 12.0707217 ], [ 108.4647667, 12.0707028 ], [ 108.464914, 12.0707123 ], [ 108.4650564, 12.0707501 ], [ 108.4652801, 12.0707872 ], [ 108.4657311, 12.0708371 ], [ 108.4661794, 12.0708541 ], [ 108.4667429, 12.0708369 ], [ 108.4668629, 12.0708415 ], [ 108.4669824, 12.0708531 ], [ 108.4672183, 12.0708969 ], [ 108.4673469, 12.0709398 ], [ 108.4674602, 12.0710131 ], [ 108.4675509, 12.071112 ], [ 108.4675995, 12.0711973 ], [ 108.4676973, 12.071342 ], [ 108.4679189, 12.0716125 ], [ 108.4680933, 12.071779 ], [ 108.4682886, 12.0719214 ], [ 108.4684804, 12.0720274 ], [ 108.4690277, 12.0722636 ], [ 108.4692322, 12.0723188 ], [ 108.4694144, 12.0723404 ], [ 108.4694903, 12.0723556 ], [ 108.4695637, 12.0723798 ], [ 108.4696335, 12.0724125 ], [ 108.4696987, 12.0724533 ], [ 108.4697584, 12.0725016 ], [ 108.4698116, 12.0725566 ], [ 108.4698576, 12.0726176 ], [ 108.4699661, 12.0728031 ], [ 108.4702003, 12.0731061 ], [ 108.4703484, 12.0733461 ], [ 108.4704146, 12.0734747 ], [ 108.4705281, 12.0737402 ], [ 108.4705669, 12.073851 ], [ 108.4706219, 12.0740789 ], [ 108.4706461, 12.0743119 ], [ 108.4706538, 12.0745397 ], [ 108.4706942, 12.0748342 ], [ 108.4707002, 12.0750172 ], [ 108.4706936, 12.0751084 ], [ 108.47068, 12.0751989 ], [ 108.470632, 12.0753756 ], [ 108.4705562, 12.0755452 ], [ 108.4704961, 12.075723 ], [ 108.4704686, 12.0759083 ], [ 108.4704745, 12.0760955 ], [ 108.4705027, 12.0762412 ], [ 108.4705335, 12.0765361 ], [ 108.4705309, 12.0769684 ], [ 108.470535, 12.0770545 ], [ 108.4705632, 12.0772244 ], [ 108.4706115, 12.0773736 ], [ 108.4706989, 12.077567 ], [ 108.4708339, 12.0778161 ], [ 108.4713331, 12.0785542 ], [ 108.4714431, 12.0787317 ], [ 108.4716283, 12.0790624 ], [ 108.4717179, 12.0792077 ], [ 108.4720342, 12.07964 ], [ 108.4722316, 12.0799477 ], [ 108.4722914, 12.0800177 ], [ 108.4725117, 12.0802178 ], [ 108.47258, 12.0802943 ], [ 108.4726965, 12.0804622 ], [ 108.4727593, 12.0805431 ], [ 108.4728296, 12.0806179 ], [ 108.4729067, 12.0806859 ], [ 108.47299, 12.0807466 ], [ 108.4730787, 12.0807994 ], [ 108.4731721, 12.0808438 ], [ 108.4732693, 12.0808795 ], [ 108.4734915, 12.0809291 ], [ 108.4737187, 12.0809462 ], [ 108.4741082, 12.0809193 ], [ 108.4742466, 12.0809196 ], [ 108.4745222, 12.0809442 ], [ 108.4747928, 12.0810002 ], [ 108.4749362, 12.0810435 ], [ 108.4750765, 12.0810956 ], [ 108.4752131, 12.0811565 ], [ 108.4755523, 12.081339 ], [ 108.4756618, 12.0813836 ], [ 108.4759891, 12.081488 ], [ 108.476046, 12.0815135 ], [ 108.4760982, 12.0815473 ], [ 108.4761444, 12.0815886 ], [ 108.4761836, 12.0816364 ], [ 108.4762146, 12.0816895 ], [ 108.4762369, 12.0817467 ], [ 108.4762498, 12.0818066 ], [ 108.4762531, 12.0818678 ], [ 108.4762466, 12.0819287 ], [ 108.4762348, 12.0819754 ], [ 108.4761795, 12.0821091 ], [ 108.4761337, 12.0821942 ], [ 108.4759981, 12.0823914 ], [ 108.4759662, 12.082455 ], [ 108.475925, 12.0825778 ], [ 108.475917, 12.0826358 ], [ 108.4759169, 12.0826942 ], [ 108.4759346, 12.082791 ], [ 108.4759781, 12.0829032 ], [ 108.4760576, 12.0830427 ], [ 108.4761608, 12.0831666 ], [ 108.4762668, 12.0832548 ], [ 108.4763905, 12.0833171 ], [ 108.4764571, 12.0833375 ], [ 108.4766234, 12.0833671 ], [ 108.4766687, 12.0833873 ], [ 108.4767456, 12.0834487 ], [ 108.4767751, 12.0834881 ], [ 108.4768116, 12.0835784 ], [ 108.4768176, 12.0836268 ], [ 108.4768037, 12.0837521 ], [ 108.476817, 12.0838602 ], [ 108.4768376, 12.0839278 ], [ 108.4769015, 12.0840539 ], [ 108.4769972, 12.0841668 ], [ 108.4774076, 12.0844983 ], [ 108.4774536, 12.0845514 ], [ 108.4775592, 12.0847031 ], [ 108.4776194, 12.0847735 ], [ 108.4778424, 12.084989 ], [ 108.4779146, 12.08507 ], [ 108.4779817, 12.0851551 ], [ 108.478164, 12.0854223 ], [ 108.4782353, 12.0855033 ], [ 108.4783135, 12.0855782 ], [ 108.4783979, 12.0856462 ], [ 108.4784879, 12.085707 ], [ 108.4785828, 12.0857601 ], [ 108.4788476, 12.0858754 ], [ 108.4789237, 12.0859229 ], [ 108.4789942, 12.0859781 ], [ 108.4790584, 12.0860403 ], [ 108.4791155, 12.0861088 ], [ 108.4791971, 12.0862428 ], [ 108.4792797, 12.0864294 ], [ 108.4793742, 12.0866707 ], [ 108.4794844, 12.0868916 ], [ 108.4795511, 12.0869958 ], [ 108.4797334, 12.0872241 ], [ 108.4797591, 12.0872678 ], [ 108.4797894, 12.0873639 ], [ 108.4797894, 12.0874645 ], [ 108.4797592, 12.0875606 ], [ 108.4797028, 12.0876423 ], [ 108.479594, 12.0877407 ], [ 108.47943, 12.0878531 ], [ 108.479342, 12.0878999 ], [ 108.4790508, 12.0880182 ], [ 108.4789557, 12.0880676 ], [ 108.4788165, 12.0881568 ], [ 108.4787379, 12.0882416 ], [ 108.4786887, 12.0883413 ], [ 108.478623, 12.088601 ], [ 108.4785198, 12.0891519 ], [ 108.4785169, 12.0893601 ], [ 108.4785291, 12.0894636 ], [ 108.4785801, 12.0896658 ], [ 108.4786146, 12.0897539 ], [ 108.4788215, 12.0901798 ], [ 108.4790407, 12.0905714 ], [ 108.4791595, 12.0907621 ], [ 108.4793766, 12.0911361 ], [ 108.4799105, 12.0920052 ], [ 108.4821743, 12.0929337 ], [ 108.4822119, 12.0930715 ], [ 108.4823116, 12.0933397 ], [ 108.4823732, 12.093469 ], [ 108.4825501, 12.093784 ], [ 108.4825923, 12.0938842 ], [ 108.4826264, 12.0939874 ], [ 108.4826697, 12.0941999 ], [ 108.4826795, 12.0943915 ], [ 108.482701, 12.0945573 ], [ 108.4827584, 12.0947436 ], [ 108.4828525, 12.0949459 ], [ 108.4829718, 12.0951346 ], [ 108.4830637, 12.0953057 ], [ 108.4831086, 12.0953757 ], [ 108.4831614, 12.0954403 ], [ 108.4832215, 12.0954985 ], [ 108.4832879, 12.0955497 ], [ 108.4834213, 12.0956221 ], [ 108.4835334, 12.095698 ], [ 108.483627, 12.095795 ], [ 108.4836953, 12.0959032 ], [ 108.4838016, 12.0961634 ], [ 108.4838916, 12.09634 ], [ 108.483947, 12.0964225 ], [ 108.4840544, 12.0965506 ], [ 108.4842028, 12.0966892 ], [ 108.4843093, 12.0967733 ], [ 108.4844171, 12.0968422 ], [ 108.4845364, 12.0968895 ], [ 108.4847374, 12.0969292 ], [ 108.4848044, 12.0969504 ], [ 108.4850104, 12.0970482 ], [ 108.4850539, 12.0970566 ], [ 108.485142, 12.0970502 ], [ 108.4852912, 12.0969806 ], [ 108.4853502, 12.0969661 ], [ 108.4854108, 12.0969608 ], [ 108.4854715, 12.0969647 ], [ 108.4855309, 12.0969779 ], [ 108.4855874, 12.0969999 ], [ 108.4856397, 12.0970303 ], [ 108.485682, 12.097064 ], [ 108.485865, 12.0972611 ], [ 108.4860045, 12.0974518 ], [ 108.4862216, 12.0977283 ], [ 108.486384, 12.0978918 ], [ 108.4864734, 12.097965 ], [ 108.4867506, 12.0981527 ], [ 108.486836, 12.098221 ], [ 108.487175, 12.0985482 ], [ 108.4872517, 12.0986121 ], [ 108.4873338, 12.0986693 ], [ 108.4875605, 12.0987963 ], [ 108.4876225, 12.0988463 ], [ 108.4876781, 12.098903 ], [ 108.4877648, 12.0990295 ], [ 108.487859, 12.0992308 ], [ 108.488028, 12.0996645 ], [ 108.4881142, 12.099811 ], [ 108.488252, 12.0999859 ], [ 108.4883042, 12.1000957 ], [ 108.4883676, 12.1003529 ], [ 108.4884238, 12.1006653 ], [ 108.4884435, 12.1008448 ], [ 108.488456, 12.1012055 ], [ 108.4885657, 12.1013427 ], [ 108.4887394, 12.1015815 ], [ 108.4888147, 12.1016748 ], [ 108.4889838, 12.1018454 ], [ 108.4890768, 12.101922 ], [ 108.4892681, 12.1020505 ], [ 108.4893646, 12.1021032 ], [ 108.4895664, 12.1021916 ], [ 108.4897391, 12.1022464 ], [ 108.4899956, 12.10234 ], [ 108.490078, 12.1023803 ], [ 108.4902269, 12.1024788 ], [ 108.490292, 12.1025365 ], [ 108.4904033, 12.1026689 ], [ 108.4904764, 12.1027976 ], [ 108.4905267, 12.1029364 ], [ 108.4905657, 12.1030215 ], [ 108.4906105, 12.1031038 ], [ 108.4907109, 12.1032517 ], [ 108.4907679, 12.1033151 ], [ 108.4909003, 12.1034233 ], [ 108.4909743, 12.1034669 ], [ 108.4911808, 12.1035561 ], [ 108.4912951, 12.1036341 ], [ 108.4913903, 12.1037337 ], [ 108.4914789, 12.1038765 ], [ 108.4915145, 12.1039525 ], [ 108.4915674, 12.1041113 ], [ 108.4915979, 12.1043014 ], [ 108.4915991, 12.1044939 ], [ 108.4915709, 12.1046843 ], [ 108.4915091, 12.1048803 ], [ 108.4914636, 12.1049798 ], [ 108.4914095, 12.1050751 ], [ 108.4913474, 12.1051656 ], [ 108.4911262, 12.1055735 ], [ 108.4911097, 12.105617 ], [ 108.4910968, 12.1057088 ], [ 108.4911007, 12.1057551 ], [ 108.4911232, 12.1058317 ], [ 108.4911725, 12.1059197 ], [ 108.4912133, 12.1059734 ], [ 108.4914209, 12.106169 ], [ 108.4915767, 12.1063367 ], [ 108.4916404, 12.1063952 ], [ 108.4917839, 12.1064926 ], [ 108.4919439, 12.1065609 ], [ 108.4921145, 12.1065975 ], [ 108.4922043, 12.1066035 ], [ 108.492474, 12.1065975 ], [ 108.492953, 12.1065787 ], [ 108.4933239, 12.1065871 ], [ 108.4935859, 12.1065743 ], [ 108.4938445, 12.1065306 ], [ 108.4940957, 12.1064567 ], [ 108.4942174, 12.1064087 ], [ 108.4946396, 12.1062091 ], [ 108.4948558, 12.1061202 ], [ 108.4955838, 12.1058662 ], [ 108.4958779, 12.1057503 ], [ 108.4959644, 12.1057247 ], [ 108.4960531, 12.1057078 ], [ 108.4961431, 12.1056999 ], [ 108.4962335, 12.1057011 ], [ 108.4963233, 12.1057113 ], [ 108.4964115, 12.1057304 ], [ 108.4966279, 12.1058086 ], [ 108.4966958, 12.1058265 ], [ 108.4968803, 12.1058497 ], [ 108.4970659, 12.105837 ], [ 108.4974463, 12.1058496 ], [ 108.4975314, 12.1058444 ], [ 108.4976987, 12.1058117 ], [ 108.4977794, 12.1057845 ], [ 108.4979296, 12.1057111 ], [ 108.4980905, 12.1057216 ], [ 108.4984143, 12.1060785 ], [ 108.4985668, 12.1062648 ], [ 108.4988417, 12.1066367 ], [ 108.4992992, 12.1073238 ], [ 108.4994549, 12.1076021 ], [ 108.4996236, 12.1079637 ], [ 108.4997535, 12.1081658 ], [ 108.4998905, 12.1083257 ], [ 108.4999683, 12.1083972 ], [ 108.50014, 12.108521 ], [ 108.5003294, 12.1086169 ], [ 108.500527, 12.1086812 ], [ 108.500825, 12.1087436 ], [ 108.5013926, 12.1088417 ], [ 108.5017544, 12.1089316 ], [ 108.5020304, 12.1090246 ], [ 108.5021639, 12.1090824 ], [ 108.5024196, 12.1092201 ], [ 108.5029077, 12.1095558 ], [ 108.5036515, 12.1100382 ], [ 108.503876, 12.1101512 ], [ 108.5041149, 12.1102314 ], [ 108.5043446, 12.1102749 ], [ 108.5044519, 12.1102847 ], [ 108.5046673, 12.1102848 ], [ 108.5047514, 12.1101671 ], [ 108.5048605, 12.110071 ], [ 108.5049891, 12.1100016 ], [ 108.5051154, 12.1099651 ], [ 108.5051807, 12.1099564 ], [ 108.5063441, 12.1098454 ], [ 108.5063145, 12.1101706 ], [ 108.5063137, 12.1103012 ], [ 108.5063305, 12.1105485 ], [ 108.5063684, 12.1107801 ], [ 108.5064259, 12.1112703 ], [ 108.5064492, 12.1114104 ], [ 108.5065062, 12.1116419 ], [ 108.5065353, 12.1118324 ], [ 108.5065338, 12.1120249 ], [ 108.5065217, 12.1121206 ], [ 108.5064726, 12.1123468 ], [ 108.5064726, 12.1124818 ], [ 108.5064836, 12.1125485 ], [ 108.5065178, 12.1126554 ], [ 108.5065804, 12.1127743 ], [ 108.5066323, 12.1128475 ], [ 108.5066919, 12.112915 ], [ 108.5067585, 12.1129759 ], [ 108.5068313, 12.1130295 ], [ 108.5069096, 12.1130752 ], [ 108.5070078, 12.1131183 ], [ 108.5071096, 12.1131526 ], [ 108.507214, 12.1131778 ], [ 108.5075561, 12.1132262 ], [ 108.5078645, 12.1132998 ], [ 108.5081649, 12.1134004 ], [ 108.5083894, 12.1135006 ], [ 108.5084956, 12.1135623 ], [ 108.5086931, 12.1137069 ], [ 108.5088676, 12.1138776 ], [ 108.5090318, 12.1140655 ], [ 108.5092178, 12.1142326 ], [ 108.5093813, 12.1143503 ], [ 108.5095757, 12.1144703 ], [ 108.5099613, 12.1146867 ], [ 108.5100156, 12.1147326 ], [ 108.510038, 12.1147614 ], [ 108.5100692, 12.114827 ], [ 108.5102989, 12.1149093 ], [ 108.5105252, 12.1150001 ], [ 108.5108504, 12.115151 ], [ 108.511094, 12.1152861 ], [ 108.5111747, 12.115344 ], [ 108.5113432, 12.1154956 ], [ 108.5113965, 12.1155312 ], [ 108.511572, 12.1156185 ], [ 108.5116709, 12.1157045 ], [ 108.5117107, 12.1157564 ], [ 108.5117887, 12.1159012 ], [ 108.5118217, 12.1159389 ], [ 108.5119039, 12.1159966 ], [ 108.5120116, 12.1160458 ], [ 108.5120594, 12.1160805 ], [ 108.5121826, 12.1161922 ], [ 108.512371, 12.1163089 ], [ 108.51247, 12.1164041 ], [ 108.5125106, 12.1164594 ], [ 108.5125712, 12.1165816 ], [ 108.5126199, 12.1167864 ], [ 108.512671, 12.1169197 ], [ 108.5127944, 12.1171243 ], [ 108.5128918, 12.1172413 ], [ 108.5130087, 12.1173399 ], [ 108.5131298, 12.1174114 ], [ 108.5134278, 12.1175291 ], [ 108.5136635, 12.1176076 ], [ 108.5137619, 12.1176609 ], [ 108.5138048, 12.1176966 ], [ 108.5138742, 12.1177831 ], [ 108.5139515, 12.1179595 ], [ 108.5140352, 12.1180694 ], [ 108.5140872, 12.1181155 ], [ 108.5142465, 12.1182278 ], [ 108.5143737, 12.1183548 ], [ 108.5145028, 12.1184586 ], [ 108.5145747, 12.1185005 ], [ 108.5147672, 12.1185842 ], [ 108.5148204, 12.1186182 ], [ 108.5149133, 12.118703 ], [ 108.5149849, 12.1188101 ], [ 108.5150252, 12.1189318 ], [ 108.5150326, 12.1189955 ], [ 108.5150212, 12.1191788 ], [ 108.5150434, 12.1192965 ], [ 108.5150963, 12.1194044 ], [ 108.5151332, 12.1194522 ], [ 108.51524, 12.1195567 ], [ 108.515261, 12.1195958 ], [ 108.5152736, 12.1196382 ], [ 108.515277, 12.1196822 ], [ 108.5152713, 12.1197259 ], [ 108.5152566, 12.1197677 ], [ 108.5151789, 12.1198926 ], [ 108.5151316, 12.1200313 ], [ 108.5151172, 12.1201768 ], [ 108.5151221, 12.1202468 ], [ 108.5151558, 12.1203831 ], [ 108.5151841, 12.1204477 ], [ 108.5152618, 12.1205655 ], [ 108.5153103, 12.1206173 ], [ 108.5154725, 12.1207576 ], [ 108.5155458, 12.1208356 ], [ 108.5156751, 12.1210055 ], [ 108.5158433, 12.1213131 ], [ 108.5159629, 12.1215849 ], [ 108.5160008, 12.1217007 ], [ 108.5160501, 12.1219387 ], [ 108.5160636, 12.1221274 ], [ 108.5160418, 12.122261 ], [ 108.516018, 12.1223246 ], [ 108.5159489, 12.122456 ], [ 108.5159447, 12.1225359 ], [ 108.5159743, 12.1226104 ], [ 108.5160324, 12.1226666 ], [ 108.5160692, 12.1226846 ], [ 108.5161501, 12.1226963 ], [ 108.5162288, 12.1226747 ], [ 108.516263, 12.1226523 ], [ 108.5162916, 12.1226235 ], [ 108.5163498, 12.122517 ], [ 108.5164141, 12.1224664 ], [ 108.5164942, 12.122447 ], [ 108.5165356, 12.1224505 ], [ 108.5165752, 12.1224626 ], [ 108.5166418, 12.1225102 ], [ 108.5166817, 12.1225809 ], [ 108.5166933, 12.1226888 ], [ 108.5167043, 12.1227213 ], [ 108.5167426, 12.1227782 ], [ 108.5168104, 12.1228447 ], [ 108.5168341, 12.1228858 ], [ 108.5168714, 12.1230134 ], [ 108.5169437, 12.1231216 ], [ 108.5169613, 12.1231613 ], [ 108.516979, 12.1232421 ], [ 108.516975, 12.1234025 ], [ 108.5169929, 12.1234848 ], [ 108.5170415, 12.1235542 ], [ 108.5171636, 12.1236319 ], [ 108.5172335, 12.1237056 ], [ 108.5172596, 12.123749 ], [ 108.517312, 12.123888 ], [ 108.5173409, 12.1239281 ], [ 108.5173768, 12.1239624 ], [ 108.5174185, 12.1239897 ], [ 108.5174868, 12.1240152 ], [ 108.5176298, 12.1240442 ], [ 108.5177452, 12.1240458 ], [ 108.5177869, 12.1240532 ], [ 108.517826, 12.1240693 ], [ 108.5178607, 12.1240932 ], [ 108.5178892, 12.1241239 ], [ 108.5179102, 12.1241599 ], [ 108.5179378, 12.1242617 ], [ 108.5179568, 12.1242881 ], [ 108.5180114, 12.1243231 ], [ 108.5180766, 12.124328 ], [ 108.518108, 12.1243184 ], [ 108.5181588, 12.1242782 ], [ 108.5181994, 12.1242226 ], [ 108.5182615, 12.124191 ], [ 108.5183314, 12.1241903 ], [ 108.518394, 12.1242207 ], [ 108.5184358, 12.1242755 ], [ 108.5184476, 12.1243429 ], [ 108.5184269, 12.1244082 ], [ 108.5183678, 12.1244766 ], [ 108.5183568, 12.1245308 ], [ 108.5183756, 12.1245828 ], [ 108.5184174, 12.1246175 ], [ 108.5184453, 12.1246617 ], [ 108.5184431, 12.1247135 ], [ 108.5184237, 12.1247662 ], [ 108.5184395, 12.12482 ], [ 108.5184592, 12.1248408 ], [ 108.5185128, 12.1248604 ], [ 108.5186294, 12.1248343 ], [ 108.5186891, 12.1248311 ], [ 108.5187489, 12.1248346 ], [ 108.5188609, 12.1248597 ], [ 108.5190126, 12.1249239 ], [ 108.5191091, 12.1249759 ], [ 108.5192007, 12.1250358 ], [ 108.5192867, 12.1251031 ], [ 108.5193666, 12.1251772 ], [ 108.5194398, 12.1252578 ], [ 108.5195057, 12.1253441 ], [ 108.5195639, 12.1254356 ], [ 108.5196139, 12.1255316 ], [ 108.5196555, 12.1256314 ], [ 108.5197295, 12.1258354 ], [ 108.5198356, 12.1260255 ], [ 108.5199712, 12.1261966 ], [ 108.5200491, 12.1262738 ], [ 108.5202618, 12.1264493 ], [ 108.5203176, 12.1265105 ], [ 108.5204092, 12.1266477 ], [ 108.5205146, 12.1269025 ], [ 108.5205622, 12.1269871 ], [ 108.5206801, 12.1271418 ], [ 108.5208249, 12.127273 ], [ 108.5209506, 12.1273544 ], [ 108.5210705, 12.1274437 ], [ 108.5212371, 12.1275899 ], [ 108.5212955, 12.127633 ], [ 108.5214255, 12.1276979 ], [ 108.5216202, 12.127751 ], [ 108.5216778, 12.1277799 ], [ 108.5217304, 12.1278167 ], [ 108.5217771, 12.1278605 ], [ 108.5218169, 12.1279104 ], [ 108.5218489, 12.1279653 ], [ 108.5218724, 12.1280243 ], [ 108.5218871, 12.1280859 ], [ 108.5218922, 12.1281385 ], [ 108.5218867, 12.1282968 ], [ 108.5218747, 12.1284017 ], [ 108.5218403, 12.1285632 ], [ 108.5218348, 12.1286224 ], [ 108.5218386, 12.1286818 ], [ 108.5218515, 12.1287399 ], [ 108.5218733, 12.1287954 ], [ 108.5219034, 12.1288471 ], [ 108.5219412, 12.1288937 ], [ 108.5219857, 12.1289342 ], [ 108.522036, 12.1289676 ], [ 108.5222014, 12.1290351 ], [ 108.5222943, 12.129107 ], [ 108.5223316, 12.1291523 ], [ 108.5223833, 12.1292565 ], [ 108.5224012, 12.129368 ], [ 108.5224345, 12.1294728 ], [ 108.5224625, 12.1295205 ], [ 108.5225383, 12.1296015 ], [ 108.5225844, 12.1296331 ], [ 108.5226664, 12.1296688 ], [ 108.5228223, 12.1297555 ], [ 108.5231106, 12.1299704 ], [ 108.5232261, 12.1300416 ], [ 108.5234129, 12.1301361 ], [ 108.5234749, 12.1301753 ], [ 108.5235313, 12.130222 ], [ 108.523581, 12.1302754 ], [ 108.5236232, 12.1303347 ], [ 108.5237051, 12.1305003 ], [ 108.5237787, 12.1305859 ], [ 108.5238728, 12.1306495 ], [ 108.5240349, 12.1307089 ], [ 108.5240848, 12.130738 ], [ 108.5241703, 12.1308144 ], [ 108.5242315, 12.1309091 ], [ 108.5242903, 12.1310648 ], [ 108.5243179, 12.131162 ], [ 108.5243381, 12.1312609 ], [ 108.5243561, 12.1314616 ], [ 108.5243538, 12.1315624 ], [ 108.5243118, 12.131883 ], [ 108.5243057, 12.1320162 ], [ 108.5242796, 12.1322816 ], [ 108.5242494, 12.1324712 ], [ 108.5242099, 12.1326592 ], [ 108.5244484, 12.1327233 ], [ 108.5245635, 12.1327679 ], [ 108.5247823, 12.1328808 ], [ 108.5249821, 12.1330234 ], [ 108.5252052, 12.1332267 ], [ 108.5252789, 12.1332784 ], [ 108.5254391, 12.1333614 ], [ 108.5256118, 12.133415 ], [ 108.5257012, 12.1334302 ], [ 108.5259659, 12.1334549 ], [ 108.5260963, 12.1334803 ], [ 108.5263504, 12.1335568 ], [ 108.5265917, 12.1336662 ], [ 108.5268873, 12.1338324 ], [ 108.5271978, 12.1339704 ], [ 108.5273737, 12.1340337 ], [ 108.5275526, 12.1340879 ], [ 108.5277343, 12.1341329 ], [ 108.5285819, 12.1344319 ], [ 108.5285611, 12.1345537 ], [ 108.52855, 12.1346767 ], [ 108.5285487, 12.1348002 ], [ 108.5285572, 12.1349234 ], [ 108.5285754, 12.1350457 ], [ 108.5286033, 12.1351661 ], [ 108.5287548, 12.1356016 ], [ 108.5288237, 12.135761 ], [ 108.5289012, 12.1359167 ], [ 108.528987, 12.1360682 ], [ 108.5290807, 12.136215 ], [ 108.5292817, 12.1364822 ], [ 108.5294432, 12.1366631 ], [ 108.5295273, 12.1367865 ], [ 108.5295839, 12.1369241 ], [ 108.5296314, 12.1371732 ], [ 108.5296602, 12.1372584 ], [ 108.5296978, 12.1373403 ], [ 108.5297437, 12.137418 ], [ 108.5297975, 12.1374907 ], [ 108.5299094, 12.1376041 ], [ 108.5300732, 12.1377307 ], [ 108.5302066, 12.1378227 ], [ 108.530615, 12.1380873 ], [ 108.5310968, 12.1384204 ], [ 108.5312062, 12.1385292 ], [ 108.5312509, 12.1385919 ], [ 108.5313171, 12.1387301 ], [ 108.5313499, 12.1388792 ], [ 108.5313611, 12.1390831 ], [ 108.5313975, 12.1392842 ], [ 108.5314616, 12.1394874 ], [ 108.5315062, 12.1395891 ], [ 108.5316181, 12.1397813 ], [ 108.5316849, 12.1398708 ], [ 108.5317584, 12.1399551 ], [ 108.5319239, 12.1401064 ], [ 108.5313367, 12.1401165 ], [ 108.531195, 12.1401253 ], [ 108.5310543, 12.1401433 ], [ 108.5309151, 12.1401705 ], [ 108.5307781, 12.1402068 ], [ 108.5306439, 12.1402519 ], [ 108.530513, 12.1403057 ], [ 108.530295, 12.1404194 ], [ 108.5299113, 12.1405982 ], [ 108.5292466, 12.1408637 ], [ 108.5290712, 12.1409197 ], [ 108.5287633, 12.1409945 ], [ 108.5283913, 12.1411036 ], [ 108.5281403, 12.1411517 ], [ 108.5278074, 12.1411854 ], [ 108.527606, 12.1412311 ], [ 108.5274124, 12.1413022 ], [ 108.527197, 12.1413987 ], [ 108.5270849, 12.1414366 ], [ 108.5268545, 12.141491 ], [ 108.5265401, 12.1415222 ], [ 108.526224, 12.1415187 ], [ 108.5260666, 12.1415039 ], [ 108.5256349, 12.1414327 ], [ 108.5253556, 12.1414168 ], [ 108.5252157, 12.1414209 ], [ 108.5250763, 12.1414331 ], [ 108.5248009, 12.1414813 ], [ 108.5243377, 12.141617 ], [ 108.5241698, 12.1416528 ], [ 108.524, 12.141679 ], [ 108.5237394, 12.1417002 ], [ 108.5235635, 12.1417334 ], [ 108.5234785, 12.1417616 ], [ 108.5233183, 12.14184 ], [ 108.5232443, 12.1418895 ], [ 108.5230451, 12.1420471 ], [ 108.5229385, 12.1421166 ], [ 108.5228277, 12.1421795 ], [ 108.5226068, 12.1422804 ], [ 108.5222799, 12.1423945 ], [ 108.5220587, 12.1424612 ], [ 108.5218372, 12.1425187 ], [ 108.5213882, 12.142608 ], [ 108.5212487, 12.1425451 ], [ 108.5210823, 12.1424867 ], [ 108.5207756, 12.14234 ], [ 108.5205355, 12.142262 ], [ 108.5203407, 12.1422246 ], [ 108.5201256, 12.1422064 ], [ 108.5199816, 12.1422058 ], [ 108.5198379, 12.1422147 ], [ 108.519716, 12.1422357 ], [ 108.5196581, 12.1422573 ], [ 108.519553, 12.1423211 ], [ 108.5195075, 12.1423623 ], [ 108.5194447, 12.1424423 ], [ 108.5193551, 12.1426238 ], [ 108.5192519, 12.1429446 ], [ 108.5191472, 12.1431933 ], [ 108.5190445, 12.1433681 ], [ 108.5189174, 12.1435269 ], [ 108.5187647, 12.1436693 ], [ 108.5185071, 12.143861 ], [ 108.518252, 12.1440327 ], [ 108.518084, 12.1441149 ], [ 108.5179955, 12.1441461 ], [ 108.5178124, 12.1441872 ], [ 108.5176427, 12.1441997 ], [ 108.5174142, 12.1441889 ], [ 108.5172628, 12.1441712 ], [ 108.5168253, 12.1440825 ], [ 108.5166797, 12.1440606 ], [ 108.5163788, 12.1440352 ], [ 108.5162238, 12.1440339 ], [ 108.5160691, 12.1440411 ], [ 108.515762, 12.1440808 ], [ 108.5153033, 12.1441904 ], [ 108.5151475, 12.1442198 ], [ 108.5148328, 12.14426 ], [ 108.514664, 12.1442712 ], [ 108.5142194, 12.1442781 ], [ 108.5139944, 12.1442938 ], [ 108.5138195, 12.1442824 ], [ 108.5136507, 12.144236 ], [ 108.5135709, 12.1442003 ], [ 108.5134247, 12.1441056 ], [ 108.5133016, 12.1439836 ], [ 108.5131473, 12.1437539 ], [ 108.5130845, 12.143682 ], [ 108.5130149, 12.1436162 ], [ 108.512875, 12.1435156 ], [ 108.5127378, 12.1434472 ], [ 108.5126656, 12.1434209 ], [ 108.5125616, 12.1434559 ], [ 108.5123599, 12.1435415 ], [ 108.5122448, 12.1436018 ], [ 108.5114828, 12.1440444 ], [ 108.5110203, 12.144284 ], [ 108.510772, 12.1444016 ], [ 108.5106817, 12.1440081 ], [ 108.510493, 12.1432688 ], [ 108.510375, 12.1429017 ], [ 108.5103304, 12.1428027 ], [ 108.5102608, 12.1427186 ], [ 108.5102182, 12.142684 ], [ 108.5101199, 12.1426325 ], [ 108.5099549, 12.1425929 ], [ 108.5098978, 12.1425864 ], [ 108.5098403, 12.1425887 ], [ 108.50973, 12.1426192 ], [ 108.5096347, 12.1426814 ], [ 108.5095956, 12.1427228 ], [ 108.5094237, 12.1429609 ], [ 108.5092905, 12.1431639 ], [ 108.5091419, 12.1433505 ], [ 108.5089712, 12.1435181 ], [ 108.5087955, 12.1436542 ], [ 108.5085088, 12.1438344 ], [ 108.5083923, 12.1439 ], [ 108.5081479, 12.1440089 ], [ 108.5078913, 12.1440869 ], [ 108.5077249, 12.1441197 ], [ 108.5073974, 12.1442063 ], [ 108.5071454, 12.1442941 ], [ 108.5070575, 12.1443361 ], [ 108.5069024, 12.1444373 ], [ 108.5068354, 12.1444945 ], [ 108.5065598, 12.1447002 ], [ 108.5064292, 12.1448051 ], [ 108.5062112, 12.145003 ], [ 108.5061127, 12.1450835 ], [ 108.5060084, 12.1451568 ], [ 108.5057563, 12.1453141 ], [ 108.5056461, 12.1453945 ], [ 108.5054813, 12.1455382 ], [ 108.5053763, 12.1456649 ], [ 108.5052949, 12.1458071 ], [ 108.5052134, 12.1460261 ], [ 108.5051769, 12.1460945 ], [ 108.5051323, 12.1461581 ], [ 108.5050419, 12.1462513 ], [ 108.5049151, 12.1463432 ], [ 108.5048242, 12.146395 ], [ 108.5047288, 12.1464384 ], [ 108.5046297, 12.1464731 ], [ 108.5045316, 12.146498 ], [ 108.50408, 12.1465781 ], [ 108.5037804, 12.1466563 ], [ 108.5036345, 12.1467078 ], [ 108.503353, 12.146835 ], [ 108.5031405, 12.1469583 ], [ 108.502933, 12.1470895 ], [ 108.5027307, 12.1472283 ], [ 108.502445, 12.1474447 ], [ 108.5021879, 12.1476529 ], [ 108.5019383, 12.1478261 ], [ 108.5016533, 12.1479891 ], [ 108.5013338, 12.1481387 ], [ 108.5010986, 12.1482295 ], [ 108.5009881, 12.1482849 ], [ 108.5009505, 12.1483148 ], [ 108.500893, 12.1483907 ], [ 108.5008647, 12.1484758 ], [ 108.5008527, 12.1489263 ], [ 108.5008206, 12.1491316 ], [ 108.500762, 12.1493313 ], [ 108.5006438, 12.1495984 ], [ 108.5005767, 12.1497284 ], [ 108.5004384, 12.1499628 ], [ 108.5003279, 12.1501883 ], [ 108.5002482, 12.1504259 ], [ 108.500201, 12.1506659 ], [ 108.5001364, 12.150896 ], [ 108.5000912, 12.1510069 ], [ 108.4999981, 12.1511831 ], [ 108.4998656, 12.1513814 ], [ 108.4997699, 12.1515086 ], [ 108.4996681, 12.1516312 ], [ 108.4994757, 12.1518339 ], [ 108.4993982, 12.1519252 ], [ 108.4993283, 12.1520223 ], [ 108.4992665, 12.1521244 ], [ 108.4992132, 12.152231 ], [ 108.4991374, 12.1524402 ], [ 108.4990514, 12.152629 ], [ 108.4989361, 12.1528022 ], [ 108.4988038, 12.1529468 ], [ 108.4986589, 12.1530599 ], [ 108.4984964, 12.1531474 ], [ 108.4984101, 12.1531807 ], [ 108.4981555, 12.1532485 ], [ 108.4980761, 12.1532799 ], [ 108.4979273, 12.1533624 ], [ 108.497859, 12.1534128 ], [ 108.4977471, 12.1535191 ], [ 108.497531, 12.1537824 ], [ 108.4972107, 12.1541979 ], [ 108.4971021, 12.1543183 ], [ 108.497039, 12.1543698 ], [ 108.4968986, 12.1544531 ], [ 108.496744, 12.1545073 ], [ 108.4965234, 12.1545533 ], [ 108.4964875, 12.1545691 ], [ 108.4964273, 12.1546182 ], [ 108.4963887, 12.154685 ], [ 108.4963767, 12.1547592 ], [ 108.49639, 12.1548691 ], [ 108.4964601, 12.1551202 ], [ 108.4964812, 12.1552257 ], [ 108.49649, 12.1552831 ], [ 108.496485, 12.1553989 ], [ 108.4964712, 12.1554553 ], [ 108.496422, 12.1555608 ], [ 108.4963471, 12.1556505 ], [ 108.4962856, 12.1556984 ], [ 108.4962201, 12.1557408 ], [ 108.4960788, 12.1558078 ], [ 108.4959793, 12.1558385 ], [ 108.4957744, 12.1558769 ], [ 108.495566, 12.1558842 ], [ 108.4954619, 12.155876 ], [ 108.4953148, 12.1558467 ], [ 108.4952445, 12.1558205 ], [ 108.4951267, 12.1557547 ], [ 108.4950372, 12.155675 ], [ 108.4949678, 12.1555781 ], [ 108.4948998, 12.1554313 ], [ 108.4948338, 12.1553524 ], [ 108.4947932, 12.1553203 ], [ 108.4947001, 12.1552736 ], [ 108.494597, 12.1552533 ], [ 108.4943017, 12.1551493 ], [ 108.4940189, 12.155016 ], [ 108.4938694, 12.1549238 ], [ 108.4938019, 12.154868 ], [ 108.4936298, 12.1546834 ], [ 108.4935191, 12.1545887 ], [ 108.4934645, 12.154557 ], [ 108.4934057, 12.1545335 ], [ 108.4933441, 12.1545186 ], [ 108.4932809, 12.1545127 ], [ 108.4932175, 12.154516 ], [ 108.4931552, 12.1545283 ], [ 108.4930127, 12.1545901 ], [ 108.492887, 12.1546804 ], [ 108.4927206, 12.1548647 ], [ 108.4926553, 12.1549225 ], [ 108.4925845, 12.1549736 ], [ 108.4924292, 12.1550542 ], [ 108.4922607, 12.1551034 ], [ 108.4921735, 12.1551156 ], [ 108.4918918, 12.1551313 ], [ 108.4918365, 12.155144 ], [ 108.4917339, 12.1551906 ], [ 108.4916478, 12.1552625 ], [ 108.4916008, 12.1553253 ], [ 108.4915245, 12.1554617 ], [ 108.4914932, 12.1555416 ], [ 108.4914547, 12.1557082 ], [ 108.4913144, 12.1557668 ], [ 108.4911887, 12.1558513 ], [ 108.4910819, 12.1559589 ], [ 108.4909987, 12.1560858 ], [ 108.4911007, 12.1562048 ], [ 108.491286, 12.1564568 ], [ 108.4914239, 12.156686 ], [ 108.4914701, 12.156787 ], [ 108.4915073, 12.1568916 ], [ 108.4915351, 12.1569989 ], [ 108.4915534, 12.1571081 ], [ 108.4915616, 12.1573125 ], [ 108.4915706, 12.1574061 ], [ 108.4915889, 12.1574983 ], [ 108.4916162, 12.1575884 ], [ 108.4916524, 12.1576755 ], [ 108.491697, 12.1577587 ], [ 108.4918018, 12.1579013 ], [ 108.4919745, 12.1580791 ], [ 108.4922218, 12.1582988 ], [ 108.4924632, 12.1584771 ], [ 108.4923764, 12.1587098 ], [ 108.4923115, 12.1589342 ], [ 108.4922914, 12.1590418 ], [ 108.492276, 12.1592598 ], [ 108.4922808, 12.1593691 ], [ 108.4923155, 12.1595849 ], [ 108.4923451, 12.1596904 ], [ 108.4924249, 12.1598869 ], [ 108.4925299, 12.1600635 ], [ 108.4926605, 12.160223 ], [ 108.4928137, 12.1603619 ], [ 108.4930587, 12.1605275 ], [ 108.4931679, 12.1606178 ], [ 108.4932557, 12.160728 ], [ 108.4933186, 12.1608535 ], [ 108.4933537, 12.160989 ], [ 108.4933598, 12.1611787 ], [ 108.4933323, 12.1613666 ], [ 108.4933057, 12.1614592 ], [ 108.4932726, 12.1615498 ], [ 108.4931874, 12.1617232 ], [ 108.4931284, 12.1618156 ], [ 108.4929889, 12.1619854 ], [ 108.492963, 12.1618388 ], [ 108.4929056, 12.161701 ], [ 108.4928196, 12.1615784 ], [ 108.4927088, 12.1614764 ], [ 108.4925793, 12.1614004 ], [ 108.492372, 12.1613154 ], [ 108.4920856, 12.16121 ], [ 108.4917873, 12.1611201 ], [ 108.4918566, 12.1608458 ], [ 108.4919697, 12.1604961 ], [ 108.4920048, 12.1602976 ], [ 108.4920126, 12.1601972 ], [ 108.4918166, 12.160184 ], [ 108.491438, 12.1601438 ], [ 108.490721, 12.1600313 ], [ 108.4903775, 12.1599894 ], [ 108.4899831, 12.1599693 ], [ 108.4897612, 12.159971 ], [ 108.4895396, 12.1599822 ], [ 108.4894621, 12.1600808 ], [ 108.489377, 12.1601732 ], [ 108.4892847, 12.1602588 ], [ 108.4891859, 12.1603371 ], [ 108.4890811, 12.1604076 ], [ 108.488971, 12.1604698 ], [ 108.4887829, 12.1605524 ], [ 108.4884164, 12.1607371 ], [ 108.4880644, 12.1609471 ], [ 108.487665, 12.1612062 ], [ 108.4874582, 12.1613246 ], [ 108.4868857, 12.161629 ], [ 108.4862606, 12.161992 ], [ 108.4860831, 12.1620835 ], [ 108.485812, 12.162209 ], [ 108.4857256, 12.162257 ], [ 108.4856441, 12.1623127 ], [ 108.4855682, 12.1623755 ], [ 108.4854986, 12.1624449 ], [ 108.4852756, 12.1627244 ], [ 108.4851319, 12.162855 ], [ 108.4850528, 12.1629119 ], [ 108.4848824, 12.163007 ], [ 108.4845762, 12.1631218 ], [ 108.4844723, 12.1631697 ], [ 108.4842741, 12.1632834 ], [ 108.4841806, 12.1633488 ], [ 108.4840105, 12.1634916 ], [ 108.4838587, 12.163653 ], [ 108.4835311, 12.1639455 ], [ 108.4831828, 12.1642141 ], [ 108.4829016, 12.1644012 ], [ 108.4826059, 12.1645655 ], [ 108.4822001, 12.1647558 ], [ 108.4820777, 12.1648224 ], [ 108.4816591, 12.1650761 ], [ 108.481251, 12.1652957 ], [ 108.4806615, 12.1655827 ], [ 108.4801358, 12.165824 ], [ 108.4800793, 12.1660399 ], [ 108.4799978, 12.1662481 ], [ 108.479948, 12.1663484 ], [ 108.4797496, 12.1666945 ], [ 108.4794611, 12.1672732 ], [ 108.4794062, 12.1673996 ], [ 108.4793599, 12.1675291 ], [ 108.4792936, 12.1677957 ], [ 108.4792755, 12.1679174 ], [ 108.4792553, 12.1682275 ], [ 108.4792404, 12.1682909 ], [ 108.479217, 12.1683518 ], [ 108.4791464, 12.1684618 ], [ 108.4791005, 12.1685089 ], [ 108.4790302, 12.1685615 ], [ 108.4789552, 12.1686076 ], [ 108.4787939, 12.1686786 ], [ 108.4786517, 12.1687147 ], [ 108.4782306, 12.1687742 ], [ 108.4779892, 12.1688383 ], [ 108.4778084, 12.1689079 ], [ 108.4777486, 12.1689422 ], [ 108.4776444, 12.1690311 ], [ 108.4775659, 12.1691424 ], [ 108.477518, 12.1692692 ], [ 108.4774901, 12.1694066 ], [ 108.4774414, 12.1695482 ], [ 108.4774061, 12.1697032 ], [ 108.4773999, 12.1698618 ], [ 108.4774164, 12.1699892 ], [ 108.4774414, 12.1701152 ], [ 108.4775099, 12.1703422 ], [ 108.4778077, 12.171046 ], [ 108.4778864, 12.1712523 ], [ 108.4779942, 12.1715774 ], [ 108.4780236, 12.1716956 ], [ 108.4780615, 12.1719358 ], [ 108.4780698, 12.1720571 ], [ 108.4780651, 12.1723002 ], [ 108.4780558, 12.1723931 ], [ 108.4780168, 12.1725758 ], [ 108.4779516, 12.1727512 ], [ 108.4778268, 12.1729929 ], [ 108.4777985, 12.1730774 ], [ 108.4777793, 12.1731642 ], [ 108.4777696, 12.1732525 ], [ 108.4777692, 12.1733414 ], [ 108.4777784, 12.1734297 ], [ 108.4777969, 12.1735167 ], [ 108.4778336, 12.1736236 ], [ 108.4778613, 12.173733 ], [ 108.4778799, 12.1738442 ], [ 108.4778892, 12.1739565 ], [ 108.4778892, 12.1740692 ], [ 108.4778799, 12.1741816 ], [ 108.4778432, 12.1743681 ], [ 108.4777212, 12.1747354 ], [ 108.4776058, 12.1750448 ], [ 108.4775129, 12.1752175 ], [ 108.4774563, 12.1752979 ], [ 108.4773243, 12.1754443 ], [ 108.477057, 12.175661 ], [ 108.4769702, 12.1757472 ], [ 108.4768903, 12.1758397 ], [ 108.4768323, 12.1759171 ], [ 108.4767821, 12.1759995 ], [ 108.4767401, 12.1760862 ], [ 108.4767025, 12.1762017 ], [ 108.4766924, 12.1763226 ], [ 108.4767102, 12.1764426 ], [ 108.4767502, 12.1765463 ], [ 108.4768467, 12.1767089 ], [ 108.476881, 12.17679 ], [ 108.4769244, 12.1769599 ], [ 108.4769332, 12.1771349 ], [ 108.476925, 12.1772184 ], [ 108.476885, 12.1773814 ], [ 108.4761906, 12.176906 ], [ 108.4760782, 12.1768238 ], [ 108.4760195, 12.1767672 ], [ 108.4759203, 12.1766386 ], [ 108.4758484, 12.1764937 ], [ 108.4758237, 12.1764168 ], [ 108.4757816, 12.1761968 ], [ 108.4757245, 12.176065 ], [ 108.4756384, 12.1759492 ], [ 108.4755278, 12.1758554 ], [ 108.475466, 12.1758189 ], [ 108.4752692, 12.1757315 ], [ 108.4751344, 12.1756817 ], [ 108.4747201, 12.1755713 ], [ 108.4744215, 12.1754755 ], [ 108.4742628, 12.1754118 ], [ 108.4741081, 12.1753395 ], [ 108.4739577, 12.1752588 ], [ 108.4738122, 12.1751701 ], [ 108.473672, 12.1750734 ], [ 108.4732611, 12.1747414 ], [ 108.4731138, 12.1746389 ], [ 108.4729679, 12.1745486 ], [ 108.4726642, 12.1743883 ], [ 108.472507, 12.1743186 ], [ 108.4721109, 12.1741651 ], [ 108.4719989, 12.174107 ], [ 108.4718916, 12.1740411 ], [ 108.4717895, 12.1739675 ], [ 108.4716933, 12.1738867 ], [ 108.4716035, 12.1737992 ], [ 108.4715205, 12.1737055 ], [ 108.4714447, 12.1736057 ], [ 108.4713766, 12.1735006 ], [ 108.4713167, 12.1733909 ], [ 108.4709723, 12.1733881 ], [ 108.4708003, 12.1733976 ], [ 108.4704584, 12.1734381 ], [ 108.4702272, 12.1734822 ], [ 108.46977, 12.1735924 ], [ 108.4693211, 12.1737317 ], [ 108.4690281, 12.1738402 ], [ 108.468436, 12.1740411 ], [ 108.4682095, 12.1741117 ], [ 108.4677496, 12.1742292 ], [ 108.4675167, 12.174276 ], [ 108.4670466, 12.1743452 ], [ 108.4665749, 12.1743851 ], [ 108.466222, 12.1744021 ], [ 108.4659916, 12.1744371 ], [ 108.4657694, 12.174506 ], [ 108.4656631, 12.1745528 ], [ 108.4654016, 12.1746958 ], [ 108.4653159, 12.1747276 ], [ 108.4652274, 12.1747507 ], [ 108.4650008, 12.1747815 ], [ 108.4648721, 12.1748281 ], [ 108.4647577, 12.1749022 ], [ 108.4647077, 12.1749483 ], [ 108.4646416, 12.1750303 ], [ 108.4643161, 12.1755408 ], [ 108.4637887, 12.1764266 ], [ 108.4637055, 12.176548 ], [ 108.4635207, 12.1767778 ], [ 108.463313, 12.1769881 ], [ 108.4630468, 12.1772096 ], [ 108.4627658, 12.1774128 ], [ 108.462414, 12.1776293 ], [ 108.4622316, 12.1777269 ], [ 108.4621563, 12.1776321 ], [ 108.4620886, 12.1775321 ], [ 108.4620288, 12.1774273 ], [ 108.4619395, 12.1772214 ], [ 108.4618428, 12.1770366 ], [ 108.4617197, 12.1768675 ], [ 108.461545, 12.1766695 ], [ 108.4614654, 12.1765644 ], [ 108.4613912, 12.1764555 ], [ 108.4611785, 12.1760947 ], [ 108.4610947, 12.1759776 ], [ 108.4609054, 12.1757599 ], [ 108.4606898, 12.175567 ], [ 108.4604272, 12.1753842 ], [ 108.4602893, 12.1753024 ], [ 108.4600021, 12.1751593 ], [ 108.4597019, 12.1750443 ], [ 108.4593916, 12.1749588 ], [ 108.4592168, 12.1749244 ], [ 108.4590441, 12.1748812 ], [ 108.458874, 12.1748293 ], [ 108.4587068, 12.1747689 ], [ 108.458543, 12.1747001 ], [ 108.4581299, 12.1744947 ], [ 108.4578648, 12.1743919 ], [ 108.4571814, 12.1742037 ], [ 108.4570138, 12.1741498 ], [ 108.4566979, 12.1740345 ], [ 108.456539, 12.1740104 ], [ 108.4563785, 12.1740169 ], [ 108.4562223, 12.1740539 ], [ 108.4561477, 12.1740833 ], [ 108.4560305, 12.1741481 ], [ 108.4559283, 12.1741828 ], [ 108.4558202, 12.1741859 ], [ 108.4557161, 12.174157 ], [ 108.4556258, 12.1740988 ], [ 108.4555346, 12.1739906 ], [ 108.4554648, 12.1738681 ], [ 108.4554243, 12.1737561 ], [ 108.4553222, 12.1735407 ], [ 108.4552037, 12.1733537 ], [ 108.4550692, 12.1731998 ], [ 108.4549111, 12.1730692 ], [ 108.4547334, 12.1729653 ], [ 108.4546387, 12.1729242 ], [ 108.4543201, 12.1728168 ], [ 108.4541645, 12.1727534 ], [ 108.4538622, 12.1726077 ], [ 108.453716, 12.1725256 ], [ 108.4535733, 12.1724376 ], [ 108.453436, 12.1723416 ], [ 108.4533046, 12.172238 ], [ 108.4530235, 12.1719856 ], [ 108.452938, 12.1719234 ], [ 108.4527545, 12.1718178 ], [ 108.4526573, 12.171775 ], [ 108.4524651, 12.1717128 ], [ 108.4522766, 12.1716781 ], [ 108.452181, 12.1716698 ], [ 108.4517122, 12.1715714 ], [ 108.45152, 12.1715551 ], [ 108.4514236, 12.1715597 ], [ 108.451328, 12.1715729 ], [ 108.4511425, 12.1716243 ], [ 108.451054, 12.1716621 ], [ 108.4508918, 12.1717587 ], [ 108.4508191, 12.1718162 ], [ 108.4506905, 12.1719488 ], [ 108.4503258, 12.1717954 ], [ 108.4499491, 12.171673 ], [ 108.4492754, 12.1715141 ], [ 108.4488164, 12.1713826 ], [ 108.4487026, 12.1713629 ], [ 108.4483719, 12.1713341 ], [ 108.448266, 12.1713121 ], [ 108.4481624, 12.1712812 ], [ 108.448062, 12.1712416 ], [ 108.4478632, 12.1711435 ], [ 108.4477509, 12.1711227 ], [ 108.4476371, 12.171133 ], [ 108.4475305, 12.1711735 ], [ 108.4474826, 12.1712042 ], [ 108.4474018, 12.1712838 ], [ 108.4473146, 12.1713567 ], [ 108.4472216, 12.1714223 ], [ 108.4471234, 12.1714802 ], [ 108.4470206, 12.1715299 ], [ 108.4468076, 12.171603 ], [ 108.4465889, 12.1716411 ], [ 108.4464779, 12.1716472 ], [ 108.4463668, 12.1716447 ], [ 108.4448433, 12.1713301 ], [ 108.4446591, 12.1714022 ], [ 108.4445632, 12.1714275 ], [ 108.4443669, 12.1714556 ], [ 108.4442676, 12.1714582 ], [ 108.4441685, 12.1714532 ], [ 108.4439729, 12.1714205 ], [ 108.443772, 12.1713527 ], [ 108.4436631, 12.1713213 ], [ 108.443552, 12.171299 ], [ 108.4434393, 12.171286 ], [ 108.4433258, 12.1712823 ], [ 108.4431277, 12.1712986 ], [ 108.4429611, 12.1713354 ], [ 108.4428799, 12.1713615 ], [ 108.4428244, 12.1715004 ], [ 108.4427604, 12.1716358 ], [ 108.4426881, 12.1717671 ], [ 108.4426078, 12.1718938 ], [ 108.4425198, 12.1720156 ], [ 108.4424244, 12.172132 ], [ 108.442322, 12.1722425 ], [ 108.4419864, 12.1725649 ], [ 108.4417252, 12.1728544 ], [ 108.4414996, 12.1730749 ], [ 108.4412505, 12.1732703 ], [ 108.4409809, 12.1734381 ], [ 108.4407443, 12.1733883 ], [ 108.4403281, 12.1732871 ], [ 108.4396846, 12.1731015 ], [ 108.4394676, 12.1730622 ], [ 108.4393574, 12.1730555 ], [ 108.439137, 12.1730685 ], [ 108.4389217, 12.173116 ], [ 108.4387171, 12.1731969 ], [ 108.4386192, 12.17325 ], [ 108.4384167, 12.1733437 ], [ 108.4382902, 12.1733921 ], [ 108.4380305, 12.1734695 ], [ 108.437014, 12.1727074 ], [ 108.4367897, 12.1725681 ], [ 108.4366708, 12.1725097 ], [ 108.4364225, 12.1724171 ], [ 108.4362941, 12.1723832 ], [ 108.4361637, 12.1723578 ], [ 108.4357053, 12.1723063 ], [ 108.4353134, 12.172248 ], [ 108.4349905, 12.1721745 ], [ 108.4346757, 12.1720729 ], [ 108.4345221, 12.1720118 ], [ 108.4344432, 12.1719772 ], [ 108.4342975, 12.1718861 ], [ 108.434173, 12.1717688 ], [ 108.4341203, 12.1717018 ], [ 108.4340363, 12.1715541 ], [ 108.4339836, 12.1713931 ], [ 108.4339642, 12.1712252 ], [ 108.4339637, 12.1710322 ], [ 108.4339274, 12.1708425 ], [ 108.4338961, 12.1707509 ], [ 108.4338086, 12.170578 ], [ 108.4337531, 12.1704981 ], [ 108.4336209, 12.1703547 ], [ 108.4334965, 12.1702579 ], [ 108.4334292, 12.1702164 ], [ 108.4332435, 12.1700705 ], [ 108.4330641, 12.1699173 ], [ 108.4328914, 12.1697569 ], [ 108.4327308, 12.1695952 ], [ 108.4325769, 12.1694273 ], [ 108.43243, 12.1692535 ], [ 108.4323747, 12.1693253 ], [ 108.4323122, 12.1693914 ], [ 108.4322434, 12.169451 ], [ 108.4321687, 12.1695036 ], [ 108.4320891, 12.1695487 ], [ 108.4320053, 12.1695857 ], [ 108.431918, 12.1696144 ], [ 108.4318283, 12.1696344 ], [ 108.431737, 12.1696455 ], [ 108.4316451, 12.1696477 ], [ 108.4315533, 12.1696408 ], [ 108.4314628, 12.169625 ], [ 108.4313742, 12.1696005 ], [ 108.4312887, 12.1695674 ], [ 108.4312069, 12.1695262 ], [ 108.4311177, 12.1694684 ], [ 108.431034, 12.1694034 ], [ 108.4309562, 12.1693316 ], [ 108.4308225, 12.1691718 ], [ 108.4307195, 12.1689944 ], [ 108.4305478, 12.1687392 ], [ 108.4302946, 12.1683848 ], [ 108.4301668, 12.1681643 ], [ 108.4301151, 12.168048 ], [ 108.4300719, 12.1679284 ], [ 108.4300236, 12.1677443 ], [ 108.4299731, 12.1676279 ], [ 108.4298951, 12.1675271 ], [ 108.4297942, 12.167448 ], [ 108.4297371, 12.1674181 ], [ 108.4296653, 12.167392 ], [ 108.4295156, 12.1673603 ], [ 108.4293626, 12.1673568 ], [ 108.4292326, 12.1673764 ], [ 108.4290752, 12.1674243 ], [ 108.4288767, 12.167516 ], [ 108.428784, 12.1675735 ], [ 108.4286401, 12.1676863 ], [ 108.4285781, 12.1677269 ], [ 108.4285112, 12.1677593 ], [ 108.4284407, 12.1677831 ], [ 108.4283676, 12.1677979 ], [ 108.4282932, 12.1678034 ], [ 108.4282186, 12.1677996 ], [ 108.4281452, 12.1677864 ], [ 108.4280741, 12.1677642 ], [ 108.4279287, 12.1676914 ], [ 108.4278595, 12.1676489 ], [ 108.4277149, 12.1675397 ], [ 108.4275646, 12.1674382 ], [ 108.4273402, 12.1673068 ], [ 108.4272758, 12.1672623 ], [ 108.4271628, 12.1671549 ], [ 108.4271153, 12.1670933 ], [ 108.427041, 12.1669574 ], [ 108.427015, 12.1668846 ], [ 108.4269866, 12.1667331 ], [ 108.4269905, 12.1665791 ], [ 108.4270148, 12.1664109 ], [ 108.4270083, 12.1662412 ], [ 108.4269935, 12.1661574 ], [ 108.4269415, 12.1659954 ], [ 108.4268234, 12.1657669 ], [ 108.4267931, 12.1656866 ], [ 108.4267701, 12.165604 ], [ 108.4267307, 12.1653614 ], [ 108.426675, 12.1652108 ], [ 108.4266358, 12.1651404 ], [ 108.4265369, 12.1650128 ], [ 108.4264781, 12.164957 ], [ 108.4263448, 12.1648639 ], [ 108.4261931, 12.1647981 ], [ 108.4258691, 12.1647147 ], [ 108.4257149, 12.1646554 ], [ 108.4255753, 12.1645682 ], [ 108.4254554, 12.1644564 ], [ 108.4254043, 12.1643926 ], [ 108.4253377, 12.1642841 ], [ 108.4252821, 12.1641588 ], [ 108.4252524, 12.1640725 ], [ 108.4252294, 12.1639862 ], [ 108.4252016, 12.1638101 ], [ 108.4251988, 12.163632 ], [ 108.4247205, 12.1635365 ], [ 108.4239095, 12.1633548 ], [ 108.4232354, 12.163223 ], [ 108.4229969, 12.1631919 ], [ 108.4227563, 12.1631946 ], [ 108.4226368, 12.1632088 ], [ 108.4224025, 12.1632621 ], [ 108.4221785, 12.1633478 ], [ 108.4220718, 12.1634023 ], [ 108.4218998, 12.1635123 ], [ 108.4217004, 12.1636688 ], [ 108.421516, 12.1638303 ], [ 108.4214542, 12.1638754 ], [ 108.4213877, 12.1639136 ], [ 108.421244, 12.1639676 ], [ 108.4211684, 12.1639828 ], [ 108.4210145, 12.1639886 ], [ 108.4207436, 12.1639522 ], [ 108.4203134, 12.1639467 ], [ 108.420091, 12.1639279 ], [ 108.4199443, 12.1638862 ], [ 108.4198112, 12.163813 ], [ 108.4196987, 12.1637122 ], [ 108.4196235, 12.1636085 ], [ 108.4195522, 12.1634673 ], [ 108.4195125, 12.1633698 ], [ 108.4194833, 12.1632815 ], [ 108.4194138, 12.1630117 ], [ 108.4193421, 12.1626474 ], [ 108.4192979, 12.162279 ], [ 108.4192585, 12.1617955 ], [ 108.4192422, 12.1617331 ], [ 108.4191841, 12.1616178 ], [ 108.4191434, 12.1615672 ], [ 108.4190426, 12.1614847 ], [ 108.4189225, 12.1614325 ], [ 108.418858, 12.161419 ], [ 108.418734, 12.1614178 ], [ 108.4184869, 12.1613968 ], [ 108.418277, 12.1613591 ], [ 108.4181084, 12.1613012 ], [ 108.4179526, 12.1612157 ], [ 108.4178143, 12.1611051 ], [ 108.417753, 12.1610415 ], [ 108.4176439, 12.1608922 ], [ 108.4175643, 12.160726 ], [ 108.4175169, 12.1605485 ], [ 108.4175116, 12.160725 ], [ 108.4174794, 12.1610766 ], [ 108.4174322, 12.16136 ], [ 108.4173702, 12.1615726 ], [ 108.4172809, 12.1617756 ], [ 108.4172328, 12.1618619 ], [ 108.4171763, 12.1619432 ], [ 108.417112, 12.1620187 ], [ 108.4170404, 12.1620876 ], [ 108.4169623, 12.1621494 ], [ 108.4168783, 12.1622035 ], [ 108.4167894, 12.1622492 ], [ 108.4166963, 12.1622863 ], [ 108.4165999, 12.1623142 ], [ 108.4165012, 12.1623329 ], [ 108.4164011, 12.162342 ], [ 108.416103, 12.162342 ], [ 108.4159545, 12.1623546 ], [ 108.4156608, 12.1624049 ], [ 108.4154259, 12.1624706 ], [ 108.4148557, 12.162662 ], [ 108.4147454, 12.1626908 ], [ 108.4146332, 12.1627116 ], [ 108.4144056, 12.1627282 ], [ 108.414178, 12.1627116 ], [ 108.4139555, 12.162662 ], [ 108.4138477, 12.1626251 ], [ 108.4137162, 12.1625676 ], [ 108.4135874, 12.1625047 ], [ 108.4133601, 12.1623762 ], [ 108.4131469, 12.1622751 ], [ 108.4129224, 12.1622008 ], [ 108.412734, 12.1621611 ], [ 108.4125132, 12.1621343 ], [ 108.4123652, 12.1621246 ], [ 108.4122169, 12.1621217 ], [ 108.4117529, 12.1621325 ], [ 108.4112892, 12.1621121 ], [ 108.4108389, 12.1620623 ], [ 108.4104037, 12.1619854 ], [ 108.4104144, 12.1616812 ], [ 108.4102447, 12.1614851 ], [ 108.4101007, 12.1612703 ], [ 108.4100389, 12.1611568 ], [ 108.4098812, 12.1608249 ], [ 108.4096512, 12.1604129 ], [ 108.4095414, 12.1601475 ], [ 108.4094642, 12.1598714 ], [ 108.409425, 12.1596318 ], [ 108.4093821, 12.1594375 ], [ 108.4092489, 12.1590556 ], [ 108.4092101, 12.1589082 ], [ 108.4091802, 12.1587589 ], [ 108.4091262, 12.1583095 ], [ 108.409096, 12.1581622 ], [ 108.4090569, 12.1580168 ], [ 108.409009, 12.157874 ], [ 108.408948, 12.1577244 ], [ 108.408802, 12.1574356 ], [ 108.4087174, 12.1572973 ], [ 108.4086254, 12.1571637 ], [ 108.4084643, 12.1569614 ], [ 108.408324, 12.1568294 ], [ 108.4081645, 12.1567202 ], [ 108.4079897, 12.1566364 ], [ 108.4078851, 12.1566009 ], [ 108.4077778, 12.156574 ], [ 108.4076687, 12.156556 ], [ 108.4075583, 12.1565469 ], [ 108.4074476, 12.1565467 ], [ 108.4073372, 12.1565556 ], [ 108.4071438, 12.1565936 ], [ 108.4065804, 12.1567844 ], [ 108.406429, 12.1568449 ], [ 108.4061356, 12.1569861 ], [ 108.4059047, 12.1571218 ], [ 108.4057141, 12.1572117 ], [ 108.4056141, 12.1572457 ], [ 108.4054076, 12.1572908 ], [ 108.4051965, 12.1573046 ], [ 108.4049857, 12.1572867 ], [ 108.4044707, 12.1571608 ], [ 108.4040836, 12.1570863 ], [ 108.4035846, 12.1569775 ], [ 108.4033534, 12.1569476 ], [ 108.4031203, 12.1569476 ], [ 108.4028891, 12.1569775 ], [ 108.4027755, 12.1570035 ], [ 108.4026011, 12.1570591 ], [ 108.4022605, 12.1571923 ], [ 108.402008, 12.1573141 ], [ 108.4018202, 12.1574144 ], [ 108.4017604, 12.1574557 ], [ 108.4017066, 12.1575043 ], [ 108.4016598, 12.1575592 ], [ 108.4016206, 12.1576197 ], [ 108.4015899, 12.1576847 ], [ 108.401568, 12.157753 ], [ 108.4015555, 12.1578235 ], [ 108.4015524, 12.157895 ], [ 108.4015666, 12.1580836 ], [ 108.4015416, 12.1584156 ], [ 108.4015485, 12.1586472 ], [ 108.4016308, 12.1592985 ], [ 108.4016523, 12.1593896 ], [ 108.4017359, 12.1596351 ], [ 108.4017559, 12.1597993 ], [ 108.4017402, 12.1599638 ], [ 108.4017191, 12.160044 ], [ 108.4016517, 12.1601956 ], [ 108.4015614, 12.1603209 ], [ 108.401413, 12.1604751 ], [ 108.4013189, 12.1605654 ], [ 108.4011146, 12.1607283 ], [ 108.4010053, 12.1608002 ], [ 108.4008008, 12.1609113 ], [ 108.4004037, 12.1611526 ], [ 108.4000585, 12.1613927 ], [ 108.3997418, 12.1615974 ], [ 108.3994872, 12.1617412 ], [ 108.3993918, 12.1617825 ], [ 108.3992931, 12.1618151 ], [ 108.3991917, 12.1618389 ], [ 108.3990885, 12.1618536 ], [ 108.3989844, 12.1618592 ], [ 108.3988802, 12.1618555 ], [ 108.3987767, 12.1618426 ], [ 108.3986749, 12.1618206 ], [ 108.3985756, 12.1617897 ], [ 108.3984795, 12.1617501 ], [ 108.3983874, 12.1617022 ], [ 108.3982247, 12.1615909 ], [ 108.3981493, 12.1615277 ], [ 108.3980119, 12.1613876 ], [ 108.3978668, 12.1612182 ], [ 108.3976982, 12.1610709 ], [ 108.3975098, 12.1609488 ], [ 108.3973054, 12.1608544 ], [ 108.3971985, 12.1608183 ], [ 108.3969813, 12.1607694 ], [ 108.3966539, 12.1607321 ], [ 108.3962524, 12.1607099 ], [ 108.3958874, 12.1607151 ], [ 108.3957052, 12.1607268 ], [ 108.395432, 12.1605061 ], [ 108.3952874, 12.1604057 ], [ 108.3949842, 12.1602263 ], [ 108.3946645, 12.1600765 ], [ 108.3943341, 12.1599577 ], [ 108.3941653, 12.1599086 ], [ 108.3938222, 12.1598314 ], [ 108.3936484, 12.1598036 ], [ 108.3932243, 12.1597551 ], [ 108.3931014, 12.1597305 ], [ 108.3927907, 12.1596461 ], [ 108.3926937, 12.1596292 ], [ 108.3925957, 12.1596189 ], [ 108.3922976, 12.1596136 ], [ 108.3921984, 12.1596021 ], [ 108.391917, 12.1595433 ], [ 108.3918234, 12.1595342 ], [ 108.3916355, 12.1595387 ], [ 108.3915424, 12.1595521 ], [ 108.3913773, 12.1595955 ], [ 108.3912206, 12.1596623 ], [ 108.3911228, 12.1595021 ], [ 108.391084, 12.1594168 ], [ 108.3910276, 12.1592386 ], [ 108.3910103, 12.1591468 ], [ 108.3909884, 12.1588964 ], [ 108.3909711, 12.1588192 ], [ 108.3909465, 12.1587439 ], [ 108.3908858, 12.1586174 ], [ 108.3908507, 12.158501 ], [ 108.3908481, 12.1583797 ], [ 108.3908591, 12.1583199 ], [ 108.3909048, 12.1582071 ], [ 108.3909387, 12.1581562 ], [ 108.3909792, 12.15811 ], [ 108.3911589, 12.1579612 ], [ 108.3912409, 12.1578785 ], [ 108.3913874, 12.1576982 ], [ 108.3914858, 12.1575423 ], [ 108.39158, 12.1573601 ], [ 108.3917462, 12.1570073 ], [ 108.3918395, 12.1568358 ], [ 108.3920157, 12.1565488 ], [ 108.3920834, 12.1564248 ], [ 108.3921421, 12.1562964 ], [ 108.3922176, 12.1560802 ], [ 108.3922932, 12.1559205 ], [ 108.3923977, 12.1557773 ], [ 108.392564, 12.1556114 ], [ 108.3926408, 12.1554883 ], [ 108.3926859, 12.155351 ], [ 108.3926956, 12.1552794 ], [ 108.3926891, 12.1551353 ], [ 108.3926481, 12.1549968 ], [ 108.3926153, 12.1549321 ], [ 108.3924379, 12.1546872 ], [ 108.3922872, 12.1544258 ], [ 108.3922223, 12.1542898 ], [ 108.3920801, 12.1539441 ], [ 108.3919901, 12.1537925 ], [ 108.3919422, 12.1536736 ], [ 108.3919267, 12.1535467 ], [ 108.3919445, 12.1534202 ], [ 108.3919945, 12.1533021 ], [ 108.3920939, 12.153163 ], [ 108.3921283, 12.1530627 ], [ 108.3921305, 12.1529569 ], [ 108.3921193, 12.152905 ], [ 108.3921003, 12.1528554 ], [ 108.3920434, 12.1527653 ], [ 108.3919689, 12.1526842 ], [ 108.391925, 12.1526479 ], [ 108.3916013, 12.1524163 ], [ 108.3913186, 12.1522472 ], [ 108.3910301, 12.152114 ], [ 108.3907278, 12.1520139 ], [ 108.3905728, 12.1519767 ], [ 108.3903019, 12.151933 ], [ 108.3899991, 12.1519104 ], [ 108.389927, 12.1518955 ], [ 108.3898573, 12.1518721 ], [ 108.3897293, 12.1518013 ], [ 108.389591, 12.1516728 ], [ 108.389531, 12.1516002 ], [ 108.3894317, 12.1514409 ], [ 108.3893625, 12.1512671 ], [ 108.3893398, 12.1511764 ], [ 108.3893193, 12.150991 ], [ 108.3893323, 12.1508049 ], [ 108.3893694, 12.1506494 ], [ 108.3894288, 12.1505007 ], [ 108.3895219, 12.1503147 ], [ 108.3895579, 12.1502173 ], [ 108.3896081, 12.1500161 ], [ 108.389628, 12.1498202 ], [ 108.3896633, 12.1496368 ], [ 108.3896923, 12.1495479 ], [ 108.3897722, 12.1493785 ], [ 108.3898203, 12.1493022 ], [ 108.3899839, 12.1490864 ], [ 108.3901004, 12.1489483 ], [ 108.3903532, 12.1486893 ], [ 108.3906305, 12.1484555 ], [ 108.3907775, 12.1483487 ], [ 108.3910865, 12.1481565 ], [ 108.390888, 12.1473437 ], [ 108.3908133, 12.1470993 ], [ 108.3907054, 12.1468671 ], [ 108.3906395, 12.1467569 ], [ 108.3904022, 12.1464355 ], [ 108.3903301, 12.146321 ], [ 108.3902228, 12.1461165 ], [ 108.3902928, 12.146056 ], [ 108.3904285, 12.1459628 ], [ 108.3905349, 12.1458671 ], [ 108.3906161, 12.1457502 ], [ 108.390646, 12.1456857 ], [ 108.390678, 12.1455735 ], [ 108.3906972, 12.1455316 ], [ 108.3907246, 12.1454944 ], [ 108.3907592, 12.1454635 ], [ 108.3907996, 12.1454401 ], [ 108.390844, 12.1454253 ], [ 108.3908905, 12.1454196 ], [ 108.3909373, 12.1454232 ], [ 108.3909823, 12.1454362 ], [ 108.3910236, 12.1454578 ], [ 108.3910596, 12.1454872 ], [ 108.3910948, 12.145533 ], [ 108.391183, 12.1456078 ], [ 108.3912337, 12.1456351 ], [ 108.3913447, 12.1456665 ], [ 108.3914025, 12.1456698 ], [ 108.3915165, 12.1456515 ], [ 108.3915702, 12.1456302 ], [ 108.3916651, 12.1455658 ], [ 108.3917366, 12.145477 ], [ 108.3917785, 12.1453718 ], [ 108.3917997, 12.1451122 ], [ 108.3918424, 12.1448882 ], [ 108.3918702, 12.1447944 ], [ 108.3919048, 12.1447027 ], [ 108.391993, 12.1445275 ], [ 108.3920515, 12.144449 ], [ 108.39209, 12.1444181 ], [ 108.3921333, 12.144394 ], [ 108.3922291, 12.1443685 ], [ 108.3923281, 12.1443756 ], [ 108.3924192, 12.1444143 ], [ 108.3924584, 12.1444442 ], [ 108.3925478, 12.1445494 ], [ 108.3926253, 12.1445946 ], [ 108.3927147, 12.1446097 ], [ 108.3928516, 12.1446086 ], [ 108.3929874, 12.1446223 ], [ 108.3930761, 12.1446069 ], [ 108.3931513, 12.1445584 ], [ 108.3931799, 12.1445242 ], [ 108.3932132, 12.1444424 ], [ 108.3932166, 12.1443983 ], [ 108.3931985, 12.144318 ], [ 108.3930746, 12.1441183 ], [ 108.3930284, 12.1440083 ], [ 108.3929905, 12.1438869 ], [ 108.3929623, 12.1438297 ], [ 108.3928889, 12.1437251 ], [ 108.392798, 12.143621 ], [ 108.3927305, 12.143501 ], [ 108.3927065, 12.1434366 ], [ 108.392669, 12.1432371 ], [ 108.3926629, 12.1431357 ], [ 108.3926763, 12.1429333 ], [ 108.3927158, 12.1427289 ], [ 108.3927071, 12.1426228 ], [ 108.3926921, 12.1425715 ], [ 108.3926421, 12.1424769 ], [ 108.3925241, 12.1423196 ], [ 108.3924418, 12.1422374 ], [ 108.3923919, 12.1422064 ], [ 108.3922808, 12.1421686 ], [ 108.3921631, 12.1421653 ], [ 108.3921053, 12.1421769 ], [ 108.3919984, 12.1422252 ], [ 108.3919586, 12.1422549 ], [ 108.3917838, 12.1424297 ], [ 108.3915255, 12.1427594 ], [ 108.391448, 12.1428478 ], [ 108.3912742, 12.1430066 ], [ 108.3912066, 12.143057 ], [ 108.3911336, 12.1430998 ], [ 108.3910563, 12.1431343 ], [ 108.3909754, 12.1431602 ], [ 108.3908922, 12.1431771 ], [ 108.3908075, 12.1431849 ], [ 108.3906491, 12.1431746 ], [ 108.3904964, 12.1431325 ], [ 108.39048, 12.1426028 ], [ 108.390482, 12.1423379 ], [ 108.3905055, 12.1418269 ], [ 108.3905273, 12.1415813 ], [ 108.3905929, 12.1410924 ], [ 108.3906401, 12.140832 ], [ 108.3907592, 12.1403162 ], [ 108.3906558, 12.1401699 ], [ 108.3905306, 12.1400408 ], [ 108.3903866, 12.1399321 ], [ 108.3902637, 12.1398632 ], [ 108.3901876, 12.1397981 ], [ 108.3901359, 12.1397132 ], [ 108.3901209, 12.1396659 ], [ 108.390114, 12.1395703 ], [ 108.390137, 12.1394771 ], [ 108.3902299, 12.1394984 ], [ 108.3903247, 12.1394876 ], [ 108.3903719, 12.139469 ], [ 108.3904217, 12.1394592 ], [ 108.3904726, 12.1394583 ], [ 108.3905227, 12.1394665 ], [ 108.3905705, 12.1394834 ], [ 108.3906144, 12.1395086 ], [ 108.3906732, 12.1395642 ], [ 108.390805, 12.1396544 ], [ 108.3909506, 12.1397151 ], [ 108.3910274, 12.1397341 ], [ 108.3910823, 12.1395674 ], [ 108.3911462, 12.1394038 ], [ 108.3912191, 12.1392438 ], [ 108.3913006, 12.1390879 ], [ 108.3913906, 12.1389365 ], [ 108.3915346, 12.1387271 ], [ 108.3915731, 12.1386596 ], [ 108.3916261, 12.1385143 ], [ 108.3916451, 12.1383611 ], [ 108.3916416, 12.1382839 ], [ 108.3916085, 12.138133 ], [ 108.3915424, 12.1379929 ], [ 108.3914796, 12.1379066 ], [ 108.3913737, 12.1377219 ], [ 108.3913313, 12.1376244 ], [ 108.3912684, 12.1374218 ], [ 108.3912359, 12.1372124 ], [ 108.3912345, 12.1370004 ], [ 108.3912167, 12.1367888 ], [ 108.3911957, 12.1366846 ], [ 108.3911251, 12.1364427 ], [ 108.3911104, 12.1362982 ], [ 108.391125, 12.1361434 ], [ 108.3911455, 12.1360629 ], [ 108.3916854, 12.1358887 ], [ 108.3917667, 12.1358543 ], [ 108.3919184, 12.1357654 ], [ 108.3920461, 12.1356579 ], [ 108.3920982, 12.1355983 ], [ 108.3921812, 12.1354645 ], [ 108.3922328, 12.1353164 ], [ 108.3922505, 12.1351609 ], [ 108.3922407, 12.1349269 ], [ 108.3922492, 12.13481 ], [ 108.392287, 12.1345642 ], [ 108.3922798, 12.134433 ], [ 108.3922452, 12.134306 ], [ 108.3921783, 12.1341791 ], [ 108.3920842, 12.13407 ], [ 108.3916283, 12.1336976 ], [ 108.3916857, 12.1334996 ], [ 108.3918048, 12.1332223 ], [ 108.3918528, 12.1330302 ], [ 108.3918673, 12.1328287 ], [ 108.3918611, 12.1327256 ], [ 108.3918458, 12.1326234 ], [ 108.3917785, 12.1324494 ], [ 108.3914405, 12.1317938 ], [ 108.3910029, 12.1317892 ], [ 108.3905025, 12.1317566 ], [ 108.3903803, 12.1317216 ], [ 108.3903236, 12.131693 ], [ 108.3902232, 12.1316153 ], [ 108.3901437, 12.1315165 ], [ 108.390089, 12.1314028 ], [ 108.3900618, 12.1312799 ], [ 108.3900602, 12.1311906 ], [ 108.3900757, 12.1310481 ], [ 108.3901141, 12.1308901 ], [ 108.3901475, 12.1307869 ], [ 108.3902335, 12.1305876 ], [ 108.3903512, 12.1303581 ], [ 108.3904374, 12.1301156 ], [ 108.3904558, 12.1300219 ], [ 108.3904552, 12.1299741 ], [ 108.3904404, 12.1298979 ], [ 108.3904072, 12.1298147 ], [ 108.3903462, 12.1297117 ], [ 108.3899397, 12.1292698 ], [ 108.389836, 12.1291369 ], [ 108.38974, 12.1289985 ], [ 108.3895662, 12.1287008 ], [ 108.3894889, 12.1285469 ], [ 108.3892896, 12.1280935 ], [ 108.3892604, 12.1280532 ], [ 108.3892241, 12.1280188 ], [ 108.3891821, 12.1279915 ], [ 108.389143, 12.1279745 ], [ 108.3890193, 12.1279426 ], [ 108.3889353, 12.1279285 ], [ 108.388763, 12.1279218 ], [ 108.388592, 12.1279443 ], [ 108.3879762, 12.1279935 ], [ 108.3875177, 12.1280427 ], [ 108.3872174, 12.1280923 ], [ 108.3870693, 12.1281272 ], [ 108.3867788, 12.128217 ], [ 108.3865213, 12.1283219 ], [ 108.3863926, 12.1282146 ], [ 108.3863212, 12.12817 ], [ 108.3861675, 12.1281008 ], [ 108.3860865, 12.1280767 ], [ 108.3859194, 12.1280508 ], [ 108.3856773, 12.1280544 ], [ 108.3855987, 12.1280492 ], [ 108.3854981, 12.1280347 ], [ 108.3853995, 12.128011 ], [ 108.3853035, 12.1279782 ], [ 108.3852112, 12.1279366 ], [ 108.3851234, 12.1278867 ], [ 108.3850408, 12.1278289 ], [ 108.3847784, 12.1276017 ], [ 108.3845303, 12.1274261 ], [ 108.3841293, 12.1271897 ], [ 108.3839576, 12.1270782 ], [ 108.3836298, 12.1268337 ], [ 108.3832247, 12.1264832 ], [ 108.3829527, 12.1262926 ], [ 108.3828092, 12.1262083 ], [ 108.3826625, 12.1261382 ], [ 108.3825051, 12.1260957 ], [ 108.3824241, 12.1260854 ], [ 108.3822565, 12.1260873 ], [ 108.3821714, 12.1261004 ], [ 108.3820072, 12.1261506 ], [ 108.3819575, 12.1260643 ], [ 108.3819242, 12.1260269 ], [ 108.3818436, 12.125967 ], [ 108.3817563, 12.1259199 ], [ 108.3816826, 12.1258543 ], [ 108.3816476, 12.125809 ], [ 108.3816189, 12.1257598 ], [ 108.3815848, 12.1256661 ], [ 108.3815652, 12.1255388 ], [ 108.3815626, 12.1254269 ], [ 108.3815448, 12.1253779 ], [ 108.3815274, 12.1253581 ], [ 108.3814875, 12.1253353 ], [ 108.3814486, 12.1253353 ], [ 108.3814131, 12.1253573 ], [ 108.3813956, 12.125398 ], [ 108.3813511, 12.1254419 ], [ 108.3812894, 12.1254554 ], [ 108.38123, 12.1254341 ], [ 108.3811918, 12.1253848 ], [ 108.3811747, 12.125259 ], [ 108.3811412, 12.1251697 ], [ 108.3810972, 12.1251239 ], [ 108.3810434, 12.1251028 ], [ 108.3809928, 12.1251115 ], [ 108.3809558, 12.1251462 ], [ 108.3809317, 12.1251905 ], [ 108.3808888, 12.1252181 ], [ 108.3808636, 12.1252233 ], [ 108.3808133, 12.1252152 ], [ 108.3807439, 12.1251855 ], [ 108.3806736, 12.1251662 ], [ 108.3805293, 12.1251462 ], [ 108.3805578, 12.1250926 ], [ 108.3805616, 12.1250324 ], [ 108.3805538, 12.125003 ], [ 108.3805073, 12.1249238 ], [ 108.3805012, 12.1248937 ], [ 108.3805145, 12.1247965 ], [ 108.3805083, 12.124763 ], [ 108.3804785, 12.1247101 ], [ 108.3804167, 12.1246579 ], [ 108.3803693, 12.1246315 ], [ 108.3803181, 12.1246135 ], [ 108.3802645, 12.1246041 ], [ 108.38021, 12.1246038 ], [ 108.3801563, 12.1246126 ], [ 108.3801049, 12.1246301 ], [ 108.3800286, 12.1246769 ], [ 108.3799515, 12.1247501 ], [ 108.3798731, 12.1248424 ], [ 108.3797974, 12.1249097 ], [ 108.3797079, 12.124958 ], [ 108.3796591, 12.1249734 ], [ 108.3795573, 12.1249841 ], [ 108.3794564, 12.1249679 ], [ 108.379315, 12.1249165 ], [ 108.3792414, 12.1248998 ], [ 108.379121, 12.1248858 ], [ 108.3790754, 12.1248915 ], [ 108.379032, 12.1249059 ], [ 108.3789449, 12.1249567 ], [ 108.378917, 12.1249594 ], [ 108.3788647, 12.1249413 ], [ 108.3788316, 12.1248978 ], [ 108.3788261, 12.1248709 ], [ 108.3788368, 12.1248132 ], [ 108.3788627, 12.1247392 ], [ 108.3788609, 12.1246611 ], [ 108.3788332, 12.1245857 ], [ 108.3787991, 12.1245322 ], [ 108.3787799, 12.1245189 ], [ 108.3787339, 12.1245138 ], [ 108.3786947, 12.1245378 ], [ 108.3786435, 12.1246634 ], [ 108.3785958, 12.1247153 ], [ 108.3785393, 12.1247462 ], [ 108.3784815, 12.1247476 ], [ 108.3784544, 12.1247372 ], [ 108.378431, 12.1247202 ], [ 108.3783859, 12.124653 ], [ 108.3783648, 12.1246368 ], [ 108.3783402, 12.1246261 ], [ 108.3782891, 12.1246234 ], [ 108.3781964, 12.1246665 ], [ 108.3781652, 12.1247091 ], [ 108.3781582, 12.1247345 ], [ 108.3781601, 12.124776 ], [ 108.3781691, 12.1248166 ], [ 108.3782018, 12.1248957 ], [ 108.3781958, 12.124939 ], [ 108.3781802, 12.124963 ], [ 108.3781586, 12.124982 ], [ 108.378104, 12.1249995 ], [ 108.3780147, 12.1249812 ], [ 108.3779835, 12.1249852 ], [ 108.3779544, 12.1249967 ], [ 108.3778908, 12.1250392 ], [ 108.3777745, 12.1250743 ], [ 108.377746, 12.1251081 ], [ 108.3777407, 12.1251297 ], [ 108.3777505, 12.1251724 ], [ 108.3777784, 12.1252156 ], [ 108.3777824, 12.125241 ], [ 108.3777693, 12.1252904 ], [ 108.3777474, 12.1253158 ], [ 108.377689, 12.1253488 ], [ 108.3776557, 12.1253549 ], [ 108.3775953, 12.1253468 ], [ 108.3774249, 12.1252518 ], [ 108.3772758, 12.1251488 ], [ 108.3772303, 12.1251133 ], [ 108.3771508, 12.1250303 ], [ 108.3770242, 12.1248384 ], [ 108.3769981, 12.1247855 ], [ 108.3769735, 12.1246839 ], [ 108.3769294, 12.1245649 ], [ 108.3769185, 12.124454 ], [ 108.3768813, 12.1243931 ], [ 108.3768204, 12.1243546 ], [ 108.3767539, 12.1243458 ], [ 108.3766967, 12.1243236 ], [ 108.3766562, 12.1242782 ], [ 108.3766242, 12.1242115 ], [ 108.3765673, 12.1241633 ], [ 108.3764952, 12.1241418 ], [ 108.3763916, 12.1241413 ], [ 108.3762914, 12.1241156 ], [ 108.3761891, 12.1240593 ], [ 108.3761034, 12.1239809 ], [ 108.3760684, 12.1239348 ], [ 108.3759814, 12.123765 ], [ 108.3759434, 12.1237101 ], [ 108.3757746, 12.1235318 ], [ 108.3757231, 12.1234591 ], [ 108.3756175, 12.1232552 ], [ 108.3755774, 12.123197 ], [ 108.3754814, 12.1230929 ], [ 108.375369, 12.1229928 ], [ 108.3753204, 12.1229355 ], [ 108.3752656, 12.1228544 ], [ 108.3752189, 12.1227685 ], [ 108.375181, 12.1226786 ], [ 108.3751517, 12.1225844 ], [ 108.375132, 12.122488 ], [ 108.3751219, 12.1223901 ], [ 108.3750048, 12.1224914 ], [ 108.374755, 12.1226752 ], [ 108.3743745, 12.1229032 ], [ 108.3742561, 12.1229853 ], [ 108.3741422, 12.123073 ], [ 108.3738474, 12.1233325 ], [ 108.3736467, 12.123481 ], [ 108.3735254, 12.1235577 ], [ 108.3734, 12.1236279 ], [ 108.3732943, 12.1235151 ], [ 108.3732498, 12.1234522 ], [ 108.3730432, 12.1230667 ], [ 108.3729654, 12.1229614 ], [ 108.3728658, 12.1228753 ], [ 108.3728093, 12.1228409 ], [ 108.3727493, 12.1228128 ], [ 108.3726342, 12.122779 ], [ 108.3724746, 12.1227572 ], [ 108.3713652, 12.1226683 ], [ 108.3712877, 12.1226649 ], [ 108.3711335, 12.1226786 ], [ 108.3710446, 12.1226993 ], [ 108.3709584, 12.1227291 ], [ 108.370876, 12.1227677 ], [ 108.3698621, 12.1233263 ], [ 108.3697884, 12.1233588 ], [ 108.3697112, 12.1233825 ], [ 108.3696317, 12.1233971 ], [ 108.369551, 12.1234023 ], [ 108.3694029, 12.1233875 ], [ 108.3693123, 12.123363 ], [ 108.3683715, 12.1230364 ], [ 108.3682314, 12.1229666 ], [ 108.3681057, 12.1228714 ], [ 108.367998, 12.1227546 ], [ 108.3679175, 12.1226299 ], [ 108.3678853, 12.1225632 ], [ 108.3674884, 12.1212808 ], [ 108.3674179, 12.1211021 ], [ 108.3673409, 12.1209873 ], [ 108.3672926, 12.1209373 ], [ 108.3671692, 12.1208455 ], [ 108.3668929, 12.1207065 ], [ 108.3667569, 12.1206517 ], [ 108.366614, 12.1206173 ], [ 108.366437, 12.1206042 ], [ 108.3658084, 12.1206449 ], [ 108.3657409, 12.120637 ], [ 108.3656752, 12.12062 ], [ 108.3655532, 12.1205647 ], [ 108.3654438, 12.1204956 ], [ 108.3653522, 12.1204112 ], [ 108.3652741, 12.1203028 ], [ 108.3652161, 12.1201723 ], [ 108.3651978, 12.1201033 ], [ 108.3651861, 12.1199807 ], [ 108.3651927, 12.1199194 ], [ 108.36523, 12.1198018 ], [ 108.3653012, 12.1196902 ], [ 108.365346, 12.1196411 ], [ 108.3653963, 12.1195972 ], [ 108.3654697, 12.1195483 ], [ 108.3655479, 12.1195073 ], [ 108.3656301, 12.1194745 ], [ 108.3657889, 12.1194369 ], [ 108.3659381, 12.1194294 ], [ 108.3661526, 12.1194032 ], [ 108.3662758, 12.1193734 ], [ 108.3663339, 12.1193485 ], [ 108.3664396, 12.1192799 ], [ 108.3665199, 12.1191971 ], [ 108.3665782, 12.1190982 ], [ 108.3666113, 12.1189888 ], [ 108.366622, 12.1188367 ], [ 108.3666205, 12.1187081 ], [ 108.3666048, 12.1185239 ], [ 108.3665613, 12.1183648 ], [ 108.3665094, 12.1182729 ], [ 108.3664776, 12.1182337 ], [ 108.3663674, 12.1181296 ], [ 108.3662868, 12.1180683 ], [ 108.3662116, 12.118021 ], [ 108.3659905, 12.1179124 ], [ 108.3658801, 12.1178321 ], [ 108.3657948, 12.1177448 ], [ 108.3657382, 12.1176534 ], [ 108.3657047, 12.1175517 ], [ 108.365697, 12.1174963 ], [ 108.365694, 12.1173288 ], [ 108.3656973, 12.1172289 ], [ 108.3657154, 12.1170776 ], [ 108.3657534, 12.1169796 ], [ 108.3658092, 12.1169043 ], [ 108.3658412, 12.1168783 ], [ 108.3659165, 12.1168446 ], [ 108.3659992, 12.1168385 ], [ 108.3660722, 12.1168579 ], [ 108.3663647, 12.1170033 ], [ 108.3664789, 12.1170304 ], [ 108.3665963, 12.1170305 ], [ 108.3666543, 12.1170204 ], [ 108.3667547, 12.1169852 ], [ 108.367026, 12.116824 ], [ 108.3670884, 12.1167781 ], [ 108.3672006, 12.1166722 ], [ 108.3672497, 12.1166129 ], [ 108.3673302, 12.1164842 ], [ 108.3673605, 12.1164148 ], [ 108.3674293, 12.1161487 ], [ 108.3675025, 12.1159332 ], [ 108.3675146, 12.1158063 ], [ 108.3674972, 12.1156799 ], [ 108.3674503, 12.115559 ], [ 108.3673771, 12.1154491 ], [ 108.367332, 12.1154004 ], [ 108.3672218, 12.115315 ], [ 108.3671568, 12.1152811 ], [ 108.3670879, 12.1152556 ], [ 108.3669629, 12.1152321 ], [ 108.3668017, 12.1152282 ], [ 108.3663966, 12.1152378 ], [ 108.3661936, 12.1152168 ], [ 108.3659755, 12.1151644 ], [ 108.365718, 12.1150777 ], [ 108.3654392, 12.1149712 ], [ 108.3653498, 12.1149267 ], [ 108.3652729, 12.1148637 ], [ 108.3652289, 12.1148108 ], [ 108.3651565, 12.1146945 ], [ 108.3651286, 12.114632 ], [ 108.3650924, 12.1145097 ], [ 108.3650637, 12.114334 ], [ 108.365037, 12.1140829 ], [ 108.3650239, 12.1140272 ], [ 108.3649751, 12.1139236 ], [ 108.3649403, 12.1138776 ], [ 108.3648394, 12.1137896 ], [ 108.364782, 12.1137544 ], [ 108.3646479, 12.1136975 ], [ 108.3645225, 12.1136619 ], [ 108.3641624, 12.113597 ], [ 108.3640664, 12.1135611 ], [ 108.3639831, 12.1135021 ], [ 108.3639481, 12.1134651 ], [ 108.3638906, 12.1133709 ], [ 108.3638708, 12.1133146 ], [ 108.3638564, 12.1132132 ], [ 108.3638632, 12.1130843 ], [ 108.3638971, 12.1128701 ], [ 108.3638942, 12.1127395 ], [ 108.3638638, 12.1126028 ], [ 108.3637183, 12.1122962 ], [ 108.3636823, 12.1121704 ], [ 108.3636635, 12.1119889 ], [ 108.3636636, 12.1118977 ], [ 108.3636801, 12.1117047 ], [ 108.3636771, 12.11164 ], [ 108.3636448, 12.1115148 ], [ 108.3635948, 12.1114288 ], [ 108.3635595, 12.1113932 ], [ 108.3634731, 12.1113417 ], [ 108.3633506, 12.1113128 ], [ 108.3631503, 12.1112893 ], [ 108.3630341, 12.1112455 ], [ 108.3629472, 12.1111792 ], [ 108.3629125, 12.1111371 ], [ 108.3628687, 12.1110521 ], [ 108.3628562, 12.111006 ], [ 108.3628501, 12.1108912 ], [ 108.3628567, 12.110834 ], [ 108.3628848, 12.1107332 ], [ 108.3629901, 12.1105218 ], [ 108.3630864, 12.1103804 ], [ 108.3631236, 12.1103139 ], [ 108.3631525, 12.1102435 ], [ 108.3631726, 12.1101703 ], [ 108.3631836, 12.1100952 ], [ 108.3631855, 12.1100194 ], [ 108.3631781, 12.1099439 ], [ 108.3631449, 12.1098267 ], [ 108.3631167, 12.1097724 ], [ 108.3630413, 12.109679 ], [ 108.3629228, 12.1095924 ], [ 108.3628305, 12.1095457 ], [ 108.3627627, 12.1095115 ], [ 108.3626632, 12.1094747 ], [ 108.3624527, 12.1094135 ], [ 108.3623574, 12.1093536 ], [ 108.3623171, 12.1093145 ], [ 108.3622332, 12.1091916 ], [ 108.3621707, 12.1090583 ], [ 108.3621025, 12.1088503 ], [ 108.3620591, 12.108695 ], [ 108.3620251, 12.1085375 ], [ 108.3620006, 12.1083782 ], [ 108.3619831, 12.1081599 ], [ 108.3619849, 12.1079504 ], [ 108.3620245, 12.1075996 ], [ 108.3620113, 12.1074472 ], [ 108.3619809, 12.1073362 ], [ 108.3619034, 12.107124 ], [ 108.361855, 12.1070241 ], [ 108.361767, 12.1068785 ], [ 108.3617136, 12.1067732 ], [ 108.3616725, 12.1066381 ], [ 108.3616617, 12.1064974 ], [ 108.3616838, 12.1063507 ], [ 108.3617358, 12.1061677 ], [ 108.3621025, 12.10526 ], [ 108.3621477, 12.1051309 ], [ 108.3621669, 12.1050397 ], [ 108.3621708, 12.1049678 ], [ 108.3621562, 12.1048247 ], [ 108.3621159, 12.1047187 ], [ 108.3620859, 12.1046702 ], [ 108.36205, 12.1046257 ], [ 108.3619261, 12.1045137 ], [ 108.3617485, 12.1043841 ], [ 108.3613821, 12.1041767 ], [ 108.3612664, 12.1040833 ], [ 108.3611769, 12.1039798 ], [ 108.3611203, 12.1038681 ], [ 108.3611022, 12.1038083 ], [ 108.3610817, 12.1036544 ], [ 108.3610859, 12.1034767 ], [ 108.3610974, 12.1034128 ], [ 108.3611418, 12.1032733 ], [ 108.3611678, 12.1032144 ], [ 108.3612825, 12.1030955 ], [ 108.3614051, 12.1029915 ], [ 108.3616894, 12.1028105 ], [ 108.3618426, 12.1027378 ], [ 108.361924, 12.1027129 ], [ 108.3620923, 12.1026875 ], [ 108.3622667, 12.1026959 ], [ 108.3623546, 12.1027125 ], [ 108.362524, 12.1027687 ], [ 108.3626041, 12.1028079 ], [ 108.3627572, 12.1029078 ], [ 108.3628287, 12.1029645 ], [ 108.3630033, 12.1031247 ], [ 108.3630627, 12.1031672 ], [ 108.3631794, 12.1032283 ], [ 108.3633076, 12.1032605 ], [ 108.3634399, 12.103262 ], [ 108.3635631, 12.1032347 ], [ 108.3638194, 12.1031331 ], [ 108.3640434, 12.1030155 ], [ 108.3641588, 12.1029748 ], [ 108.364281, 12.1029651 ], [ 108.3643421, 12.1029722 ], [ 108.3644016, 12.102987 ], [ 108.3645122, 12.103039 ], [ 108.3645613, 12.1030752 ], [ 108.3646406, 12.1031619 ], [ 108.3647311, 12.1033062 ], [ 108.3648571, 12.1035449 ], [ 108.3649341, 12.1037371 ], [ 108.3649831, 12.1039093 ], [ 108.3650109, 12.1039798 ], [ 108.3650474, 12.1040464 ], [ 108.365092, 12.104108 ], [ 108.3651441, 12.1041638 ], [ 108.3653241, 12.1043023 ], [ 108.3654545, 12.1043587 ], [ 108.3655947, 12.1043841 ], [ 108.3657323, 12.1043779 ], [ 108.3657996, 12.1043636 ], [ 108.3658649, 12.1043419 ], [ 108.3660239, 12.1042634 ], [ 108.3671896, 12.1036101 ], [ 108.3672862, 12.1035483 ], [ 108.3673999, 12.1034347 ], [ 108.3674757, 12.1033245 ], [ 108.3675045, 12.1032642 ], [ 108.367541, 12.1031433 ], [ 108.3675554, 12.1029967 ], [ 108.3675598, 12.1021532 ], [ 108.3675898, 12.1020547 ], [ 108.3676463, 12.1019771 ], [ 108.3676816, 12.1019495 ], [ 108.3677646, 12.1019162 ], [ 108.3678002, 12.101912 ], [ 108.3679071, 12.1019178 ], [ 108.3679772, 12.1019306 ], [ 108.3681107, 12.1019792 ], [ 108.368173, 12.1020149 ], [ 108.368283, 12.1021063 ], [ 108.3683291, 12.1021607 ], [ 108.3684003, 12.1022834 ], [ 108.3686018, 12.1025069 ], [ 108.3686418, 12.1025344 ], [ 108.3687322, 12.10257 ], [ 108.3687806, 12.1025773 ], [ 108.3688734, 12.1025707 ], [ 108.3689582, 12.1025457 ], [ 108.3690111, 12.1025206 ], [ 108.3691081, 12.1024561 ], [ 108.3691873, 12.1023781 ], [ 108.3693086, 12.1022085 ], [ 108.3694475, 12.102057 ], [ 108.3696073, 12.1019267 ], [ 108.3699074, 12.1017254 ], [ 108.3700499, 12.1016645 ], [ 108.370167, 12.1016358 ], [ 108.3706544, 12.1015949 ], [ 108.3707975, 12.1015585 ], [ 108.3708662, 12.1015317 ], [ 108.3709977, 12.1014601 ], [ 108.3711532, 12.1013487 ], [ 108.3712418, 12.1012752 ], [ 108.3714527, 12.101077 ], [ 108.3715444, 12.1010079 ], [ 108.3716516, 12.1009649 ], [ 108.3717665, 12.1009511 ], [ 108.3718926, 12.1009668 ], [ 108.3719629, 12.1009852 ], [ 108.3720318, 12.101008 ], [ 108.3721639, 12.1010661 ], [ 108.3722869, 12.1011399 ], [ 108.372398, 12.1012276 ], [ 108.3725148, 12.1013078 ], [ 108.3726609, 12.1013932 ], [ 108.372944, 12.1015779 ], [ 108.3733901, 12.1019148 ], [ 108.3736021, 12.1020534 ], [ 108.373765, 12.1021863 ], [ 108.3738372, 12.1022624 ], [ 108.3739282, 12.1023841 ], [ 108.3739969, 12.102519 ], [ 108.3740365, 12.1026424 ], [ 108.3740598, 12.1026913 ], [ 108.3740913, 12.1027357 ], [ 108.3741301, 12.102774 ], [ 108.3742073, 12.1028215 ], [ 108.374379, 12.1028761 ], [ 108.3745233, 12.1028972 ], [ 108.3747286, 12.1029131 ], [ 108.3747877, 12.1029234 ], [ 108.3748996, 12.1029653 ], [ 108.3749973, 12.1030331 ], [ 108.3750611, 12.1031033 ], [ 108.3751188, 12.1031932 ], [ 108.3751742, 12.1033093 ], [ 108.3752398, 12.1034043 ], [ 108.3753285, 12.1034793 ], [ 108.3754311, 12.1035282 ], [ 108.3755431, 12.1035501 ], [ 108.3758836, 12.1035595 ], [ 108.3759556, 12.103552 ], [ 108.3760259, 12.1035354 ], [ 108.3760936, 12.1035102 ], [ 108.3761573, 12.1034767 ], [ 108.3762539, 12.1034021 ], [ 108.3762954, 12.1033576 ], [ 108.3765492, 12.1029717 ], [ 108.3765861, 12.1029251 ], [ 108.3766669, 12.1028564 ], [ 108.3767537, 12.1028223 ], [ 108.3768473, 12.1028195 ], [ 108.376893, 12.10283 ], [ 108.3769754, 12.1028735 ], [ 108.3770773, 12.1029889 ], [ 108.3772342, 12.1032418 ], [ 108.3772655, 12.1032811 ], [ 108.3773019, 12.1033159 ], [ 108.3773835, 12.1033676 ], [ 108.3774277, 12.103382 ], [ 108.3775203, 12.1033856 ], [ 108.3776078, 12.103356 ], [ 108.3776459, 12.1033298 ], [ 108.3776878, 12.1032849 ], [ 108.3777505, 12.1031803 ], [ 108.3777767, 12.1030934 ], [ 108.3778628, 12.1026101 ], [ 108.3779334, 12.1023283 ], [ 108.3780187, 12.102071 ], [ 108.3781563, 12.1017452 ], [ 108.3781776, 12.1016758 ], [ 108.3781896, 12.1016043 ], [ 108.3781922, 12.1015319 ], [ 108.3781853, 12.1014598 ], [ 108.3781491, 12.101334 ], [ 108.3780134, 12.1010744 ], [ 108.3777095, 12.1006429 ], [ 108.3774435, 12.1002824 ], [ 108.3772421, 12.1000487 ], [ 108.3771336, 12.0999388 ], [ 108.3768631, 12.0996947 ], [ 108.3767459, 12.0995635 ], [ 108.3766527, 12.099415 ], [ 108.3766159, 12.0993356 ], [ 108.3765037, 12.0990367 ], [ 108.3764716, 12.0989047 ], [ 108.3764664, 12.098837 ], [ 108.3764803, 12.0986889 ], [ 108.3764991, 12.0986101 ], [ 108.3765443, 12.0984857 ], [ 108.3766868, 12.0982247 ], [ 108.3767105, 12.0981571 ], [ 108.3767325, 12.0980247 ], [ 108.3767257, 12.0978995 ], [ 108.3767125, 12.0978381 ], [ 108.376592, 12.0974134 ], [ 108.3765678, 12.0972618 ], [ 108.3765677, 12.097185 ], [ 108.3765919, 12.0970312 ], [ 108.3767018, 12.0967261 ], [ 108.3767242, 12.0966 ], [ 108.3767237, 12.0965358 ], [ 108.3766994, 12.0964101 ], [ 108.3766453, 12.0962936 ], [ 108.3766079, 12.0962409 ], [ 108.3764672, 12.0960851 ], [ 108.3764067, 12.0959996 ], [ 108.3763145, 12.0958312 ], [ 108.376278, 12.0957426 ], [ 108.3761358, 12.0951157 ], [ 108.3761205, 12.0949844 ], [ 108.3761254, 12.0949184 ], [ 108.3761572, 12.094797 ], [ 108.3762167, 12.0946937 ], [ 108.3762953, 12.0946149 ], [ 108.3763834, 12.094561 ], [ 108.3764317, 12.0945419 ], [ 108.3769017, 12.0944368 ], [ 108.3769945, 12.094397 ], [ 108.3770725, 12.0943338 ], [ 108.3771041, 12.0942948 ], [ 108.3771642, 12.0941797 ], [ 108.3771872, 12.0941191 ], [ 108.3772224, 12.09397 ], [ 108.377313, 12.0936575 ], [ 108.3773348, 12.0934871 ], [ 108.377335, 12.0933834 ], [ 108.377327, 12.09328 ], [ 108.3772963, 12.0931145 ], [ 108.3772094, 12.0928392 ], [ 108.3771677, 12.0926551 ], [ 108.3771577, 12.0925613 ], [ 108.3771569, 12.092416 ], [ 108.3771631, 12.0923436 ], [ 108.3772945, 12.0915751 ], [ 108.3773329, 12.0914527 ], [ 108.3773622, 12.0913953 ], [ 108.3774394, 12.0912919 ], [ 108.3774891, 12.0912446 ], [ 108.3776037, 12.0911686 ], [ 108.3776671, 12.091141 ], [ 108.3777333, 12.0911208 ], [ 108.3778229, 12.0911109 ], [ 108.3782835, 12.0910938 ], [ 108.3783479, 12.0910825 ], [ 108.3784699, 12.0910369 ], [ 108.3785742, 12.0909656 ], [ 108.3786145, 12.0909346 ], [ 108.3786558, 12.0908745 ], [ 108.3787134, 12.0907673 ], [ 108.3790192, 12.0897681 ], [ 108.3790582, 12.0895853 ], [ 108.3790702, 12.0894927 ], [ 108.3790795, 12.0892096 ], [ 108.3790578, 12.0889271 ], [ 108.3790028, 12.0886389 ], [ 108.3789616, 12.0884928 ], [ 108.3783238, 12.0866612 ], [ 108.3782861, 12.0865044 ], [ 108.3782791, 12.086353 ], [ 108.378298, 12.0862122 ], [ 108.3783165, 12.0861434 ], [ 108.3785814, 12.0854511 ], [ 108.3786061, 12.0853147 ], [ 108.3786008, 12.085181 ], [ 108.3785874, 12.0851022 ], [ 108.3784586, 12.0845829 ], [ 108.3784263, 12.0844971 ], [ 108.378367, 12.0843904 ], [ 108.3782971, 12.0843055 ], [ 108.3781904, 12.0842052 ], [ 108.3777862, 12.0838815 ], [ 108.3776359, 12.0837249 ], [ 108.3775091, 12.0835495 ], [ 108.3773903, 12.0833526 ], [ 108.377142, 12.0830152 ], [ 108.3770603, 12.0828875 ], [ 108.376985, 12.082756 ], [ 108.3768641, 12.0825058 ], [ 108.3768167, 12.0823886 ], [ 108.3767554, 12.0821909 ], [ 108.3763764, 12.0803812 ], [ 108.3763152, 12.0802178 ], [ 108.3762275, 12.0800621 ], [ 108.3761197, 12.0799143 ], [ 108.3759835, 12.0797502 ], [ 108.3758699, 12.0795775 ], [ 108.3758341, 12.0794881 ], [ 108.3758032, 12.0793832 ], [ 108.3756699, 12.0788505 ], [ 108.3755721, 12.0783972 ], [ 108.375511, 12.0782308 ], [ 108.3754773, 12.0781688 ], [ 108.3754368, 12.0781108 ], [ 108.375352, 12.078019 ], [ 108.3752215, 12.0779349 ], [ 108.3751568, 12.0779079 ], [ 108.3750086, 12.0778723 ], [ 108.3749327, 12.0778635 ], [ 108.3746471, 12.0778658 ], [ 108.3744879, 12.0778512 ], [ 108.3744351, 12.0778355 ], [ 108.3743858, 12.0778113 ], [ 108.3743414, 12.0777794 ], [ 108.3742801, 12.0777093 ], [ 108.3742577, 12.0776686 ], [ 108.3742413, 12.0776252 ], [ 108.3742287, 12.0775524 ], [ 108.3742326, 12.0774692 ], [ 108.3742441, 12.0774148 ], [ 108.3742878, 12.0773125 ], [ 108.3743726, 12.0771806 ], [ 108.3744038, 12.0771088 ], [ 108.3744421, 12.0769575 ], [ 108.3744484, 12.0768265 ], [ 108.3744353, 12.0766673 ], [ 108.3743542, 12.0760488 ], [ 108.3742985, 12.0758752 ], [ 108.374222, 12.0757268 ], [ 108.3732739, 12.0742044 ], [ 108.3731745, 12.0740733 ], [ 108.3730513, 12.0739631 ], [ 108.3729304, 12.0738881 ], [ 108.3728659, 12.0738576 ], [ 108.3727457, 12.0738155 ], [ 108.3725816, 12.0737795 ], [ 108.3723587, 12.0737563 ], [ 108.3722466, 12.0737559 ], [ 108.3719841, 12.0737761 ], [ 108.3718876, 12.073776 ], [ 108.371696, 12.0737543 ], [ 108.3716021, 12.0737329 ], [ 108.3714205, 12.0736693 ], [ 108.3711764, 12.0735513 ], [ 108.3710275, 12.0734874 ], [ 108.3707205, 12.0733828 ], [ 108.3704039, 12.07331 ], [ 108.370039, 12.0732611 ], [ 108.3698219, 12.0732182 ], [ 108.3696722, 12.0731688 ], [ 108.3695347, 12.0730927 ], [ 108.3694142, 12.0729926 ], [ 108.369334, 12.0728978 ], [ 108.3693006, 12.0728455 ], [ 108.369252, 12.0727431 ], [ 108.3691473, 12.0724418 ], [ 108.3690666, 12.0722983 ], [ 108.3690172, 12.072232 ], [ 108.3689678, 12.0721756 ], [ 108.3686618, 12.0718793 ], [ 108.3684653, 12.0716766 ], [ 108.3684034, 12.071623 ], [ 108.368336, 12.0715763 ], [ 108.3682133, 12.0715148 ], [ 108.3673749, 12.0712981 ], [ 108.3672742, 12.0712504 ], [ 108.3671907, 12.0711776 ], [ 108.3671328, 12.07109 ], [ 108.3671131, 12.0710415 ], [ 108.3671002, 12.0709908 ], [ 108.3670995, 12.0709402 ], [ 108.3671102, 12.0708707 ], [ 108.3671913, 12.0705587 ], [ 108.3671904, 12.0704557 ], [ 108.3671792, 12.0704052 ], [ 108.3671391, 12.0703151 ], [ 108.3670767, 12.0702448 ], [ 108.3670378, 12.0702176 ], [ 108.3669786, 12.0701908 ], [ 108.3668537, 12.070155 ], [ 108.3667891, 12.0701464 ], [ 108.366674, 12.0701467 ], [ 108.3663208, 12.0702042 ], [ 108.3661292, 12.0702141 ], [ 108.3660415, 12.0702085 ], [ 108.3658691, 12.0701758 ], [ 108.3657856, 12.070149 ], [ 108.3656565, 12.0700914 ], [ 108.3655728, 12.070025 ], [ 108.3655111, 12.0699385 ], [ 108.3654901, 12.0698897 ], [ 108.365472, 12.0698103 ], [ 108.3654562, 12.0696531 ], [ 108.3654683, 12.0692714 ], [ 108.365448, 12.0691212 ], [ 108.3654284, 12.0690478 ], [ 108.3653987, 12.0689663 ], [ 108.3653206, 12.0687999 ], [ 108.3652722, 12.0687157 ], [ 108.3651554, 12.0685628 ], [ 108.3650871, 12.0684959 ], [ 108.3650123, 12.0684361 ], [ 108.3649318, 12.0683838 ], [ 108.3648464, 12.0683396 ], [ 108.3644031, 12.0681862 ], [ 108.3641678, 12.0680825 ], [ 108.3640461, 12.0680175 ], [ 108.3636931, 12.0678019 ], [ 108.3634858, 12.0676658 ], [ 108.363021, 12.0673406 ], [ 108.3627543, 12.0671645 ], [ 108.36241, 12.0669539 ], [ 108.3622339, 12.066855 ], [ 108.361841, 12.0666506 ], [ 108.3616741, 12.0665852 ], [ 108.3615873, 12.0665621 ], [ 108.3614135, 12.0665359 ], [ 108.3610931, 12.0665434 ], [ 108.3610189, 12.0665376 ], [ 108.3609185, 12.0665147 ], [ 108.360872, 12.0664927 ], [ 108.3607912, 12.06643 ], [ 108.3607395, 12.0663605 ], [ 108.360697, 12.0662622 ], [ 108.3606831, 12.0662116 ], [ 108.3606702, 12.0661075 ], [ 108.3602459, 12.0661594 ], [ 108.3600327, 12.066175 ], [ 108.3595759, 12.0661914 ], [ 108.3592594, 12.0662281 ], [ 108.3591399, 12.0662337 ], [ 108.3590205, 12.0662297 ], [ 108.3589017, 12.0662163 ], [ 108.3587844, 12.0661935 ], [ 108.3586695, 12.0661615 ], [ 108.3582574, 12.0660004 ], [ 108.3580717, 12.065954 ], [ 108.3579498, 12.0659349 ], [ 108.3577035, 12.0659224 ], [ 108.3573375, 12.0659366 ], [ 108.3569636, 12.0659383 ], [ 108.3565786, 12.0659294 ], [ 108.3565983, 12.0657521 ], [ 108.3566196, 12.0656653 ], [ 108.3566842, 12.0654987 ], [ 108.3567987, 12.0652959 ], [ 108.3568367, 12.0651583 ], [ 108.3568423, 12.0650871 ], [ 108.3568265, 12.0649453 ], [ 108.3568053, 12.064877 ], [ 108.3567756, 12.0648117 ], [ 108.3566631, 12.0646268 ], [ 108.3566178, 12.0645287 ], [ 108.3565503, 12.0643239 ], [ 108.3565186, 12.0641385 ], [ 108.3565136, 12.0640446 ], [ 108.3565255, 12.063857 ], [ 108.3565664, 12.0636734 ], [ 108.356641, 12.0634862 ], [ 108.3567457, 12.0633133 ], [ 108.3568776, 12.0631593 ], [ 108.3563304, 12.0631593 ], [ 108.3561179, 12.062947 ], [ 108.3558378, 12.0626179 ], [ 108.3556347, 12.062421 ], [ 108.3554545, 12.062276 ], [ 108.3553793, 12.0622271 ], [ 108.3552186, 12.0621465 ], [ 108.3551341, 12.0621153 ], [ 108.3549894, 12.0620805 ], [ 108.3549151, 12.0620741 ], [ 108.3547665, 12.0620835 ], [ 108.3546228, 12.0621222 ], [ 108.3545098, 12.0621765 ], [ 108.354229, 12.0623771 ], [ 108.3541452, 12.0624247 ], [ 108.3539668, 12.0624987 ], [ 108.3538178, 12.0625361 ], [ 108.3537129, 12.062579 ], [ 108.3536654, 12.0626097 ], [ 108.3535838, 12.0626871 ], [ 108.3535049, 12.0628164 ], [ 108.3534549, 12.0629636 ], [ 108.3534423, 12.0630426 ], [ 108.353439, 12.0631225 ], [ 108.3532299, 12.0631249 ], [ 108.353024, 12.0631607 ], [ 108.352924, 12.0631907 ], [ 108.3526129, 12.0633141 ], [ 108.3522928, 12.063413 ], [ 108.3519688, 12.0634862 ], [ 108.3516432, 12.0635343 ], [ 108.3514791, 12.0635492 ], [ 108.3511519, 12.0635606 ], [ 108.3508269, 12.0635422 ], [ 108.3505675, 12.0635046 ], [ 108.3503689, 12.0634946 ], [ 108.3502697, 12.0635014 ], [ 108.3500744, 12.0635382 ], [ 108.3499797, 12.063568 ], [ 108.3498199, 12.0636382 ], [ 108.3496249, 12.0637521 ], [ 108.3494523, 12.0638689 ], [ 108.3492745, 12.063978 ], [ 108.3490917, 12.0640789 ], [ 108.3489044, 12.0641715 ], [ 108.3487129, 12.0642557 ], [ 108.3480347, 12.064509 ], [ 108.3472838, 12.0648216 ], [ 108.3471291, 12.0648781 ], [ 108.3468134, 12.0649729 ], [ 108.3461357, 12.065117 ], [ 108.3458805, 12.0651842 ], [ 108.3453423, 12.0653538 ], [ 108.3446875, 12.065581 ], [ 108.3444899, 12.0656378 ], [ 108.3440459, 12.0657403 ], [ 108.3436698, 12.0658037 ], [ 108.3433274, 12.0658284 ], [ 108.3431769, 12.0658231 ], [ 108.3430311, 12.065786 ], [ 108.3429105, 12.0657272 ], [ 108.3428631, 12.0656918 ], [ 108.3427852, 12.0656039 ], [ 108.3427413, 12.0655186 ], [ 108.3426243, 12.0652052 ], [ 108.3424688, 12.0647452 ], [ 108.3423935, 12.0646115 ], [ 108.3422919, 12.0644957 ], [ 108.3422326, 12.064446 ], [ 108.3421101, 12.0643707 ], [ 108.341674, 12.0641953 ], [ 108.3414334, 12.0640721 ], [ 108.340859, 12.0636995 ], [ 108.3407556, 12.0636067 ], [ 108.340713, 12.0635519 ], [ 108.3406491, 12.0634297 ], [ 108.3406287, 12.0633639 ], [ 108.340596, 12.0631255 ], [ 108.340572, 12.0630091 ], [ 108.3405024, 12.0627816 ], [ 108.3404233, 12.0625999 ], [ 108.3403092, 12.0623918 ], [ 108.3401353, 12.062127 ], [ 108.3399367, 12.0618792 ], [ 108.3396802, 12.0616133 ], [ 108.3395451, 12.0614869 ], [ 108.3393204, 12.0612948 ], [ 108.3392416, 12.0612176 ], [ 108.3391697, 12.0611342 ], [ 108.3391052, 12.0610451 ], [ 108.3390461, 12.0609462 ], [ 108.3389469, 12.0607385 ], [ 108.3389073, 12.0606306 ], [ 108.3388746, 12.0605205 ], [ 108.3388355, 12.0603251 ], [ 108.3388229, 12.0601264 ], [ 108.338837, 12.0599277 ], [ 108.3388515, 12.0598418 ], [ 108.3388753, 12.0597578 ], [ 108.3389082, 12.0596768 ], [ 108.3389498, 12.0595998 ], [ 108.3389996, 12.0595275 ], [ 108.339152, 12.0593574 ], [ 108.3392172, 12.0592338 ], [ 108.3392482, 12.0590981 ], [ 108.3392501, 12.0590285 ], [ 108.3392267, 12.0588913 ], [ 108.3392018, 12.0588261 ], [ 108.33917, 12.0587667 ], [ 108.3389725, 12.0584937 ], [ 108.3387854, 12.058284 ], [ 108.3385691, 12.058087 ], [ 108.3383328, 12.0579133 ], [ 108.3375388, 12.0578451 ], [ 108.3374413, 12.0577044 ], [ 108.3373994, 12.05763 ], [ 108.3372539, 12.0573219 ], [ 108.3371715, 12.0571726 ], [ 108.3369338, 12.0567887 ], [ 108.3368195, 12.0565615 ], [ 108.3367785, 12.0564551 ], [ 108.3367209, 12.0562349 ], [ 108.3366966, 12.0560089 ], [ 108.3366974, 12.0558896 ], [ 108.3367076, 12.0557706 ], [ 108.336727, 12.0556528 ], [ 108.3367556, 12.0555368 ], [ 108.3365852, 12.0552673 ], [ 108.3363377, 12.0547863 ], [ 108.336195, 12.0545294 ], [ 108.3361519, 12.0544363 ], [ 108.3360904, 12.054241 ], [ 108.3360435, 12.0540051 ], [ 108.33601, 12.0538895 ], [ 108.3358922, 12.0535488 ], [ 108.3358437, 12.0533754 ], [ 108.3357727, 12.0530522 ], [ 108.3357257, 12.0527248 ], [ 108.3358212, 12.0525352 ], [ 108.335925, 12.0523497 ], [ 108.3360368, 12.0521688 ], [ 108.3362268, 12.0518964 ], [ 108.336523, 12.0514968 ], [ 108.3366151, 12.0513598 ], [ 108.3366991, 12.0512179 ], [ 108.3367747, 12.0510715 ], [ 108.3368416, 12.0509212 ], [ 108.3368997, 12.0507674 ], [ 108.3369487, 12.0506106 ], [ 108.3370038, 12.0503773 ], [ 108.3370933, 12.0499205 ], [ 108.3371275, 12.0495767 ], [ 108.3371293, 12.0493072 ], [ 108.3371191, 12.049211 ], [ 108.3370743, 12.0490226 ], [ 108.3370399, 12.0489318 ], [ 108.336916, 12.0486996 ], [ 108.336767, 12.0484819 ], [ 108.3365947, 12.0482813 ], [ 108.3364078, 12.048106 ], [ 108.3363075, 12.0480257 ], [ 108.3362031, 12.0479508 ], [ 108.3359403, 12.0479317 ], [ 108.3356812, 12.0478848 ], [ 108.3354696, 12.0478247 ], [ 108.3353102, 12.0477494 ], [ 108.3351678, 12.0476465 ], [ 108.3348792, 12.0473436 ], [ 108.3347259, 12.0472009 ], [ 108.3345669, 12.0470642 ], [ 108.3341487, 12.0467458 ], [ 108.3340746, 12.0466774 ], [ 108.3340075, 12.0466025 ], [ 108.333948, 12.0465217 ], [ 108.3338965, 12.0464357 ], [ 108.3338535, 12.0463454 ], [ 108.3337799, 12.0461077 ], [ 108.3337416, 12.0458623 ], [ 108.3337392, 12.0456139 ], [ 108.3337516, 12.0454903 ], [ 108.3338292, 12.0450716 ], [ 108.3338588, 12.0448607 ], [ 108.3338995, 12.0444751 ], [ 108.3339413, 12.0443278 ], [ 108.3340145, 12.0441927 ], [ 108.3340619, 12.0441317 ], [ 108.3341753, 12.0440266 ], [ 108.3342431, 12.0439818 ], [ 108.3346493, 12.0437748 ], [ 108.334725, 12.0437127 ], [ 108.3347538, 12.0436732 ], [ 108.3347893, 12.0435829 ], [ 108.334795, 12.0435348 ], [ 108.3347815, 12.043439 ], [ 108.3347312, 12.0433118 ], [ 108.3347171, 12.0432449 ], [ 108.3347109, 12.0431263 ], [ 108.3347279, 12.0430088 ], [ 108.3348597, 12.0427746 ], [ 108.3350158, 12.0425552 ], [ 108.3351025, 12.0424518 ], [ 108.3353363, 12.0422044 ], [ 108.3353988, 12.0421232 ], [ 108.3355057, 12.041949 ], [ 108.3355438, 12.0418699 ], [ 108.335573, 12.0417873 ], [ 108.3355929, 12.0417021 ], [ 108.3356033, 12.0416152 ], [ 108.335604, 12.0415278 ], [ 108.335595, 12.0414408 ], [ 108.3355765, 12.0413553 ], [ 108.3355486, 12.0412722 ], [ 108.3354306, 12.0410256 ], [ 108.335375, 12.0408743 ], [ 108.3353493, 12.0407155 ], [ 108.3353546, 12.0405548 ], [ 108.3353907, 12.0403979 ], [ 108.3354199, 12.0403226 ], [ 108.3355506, 12.0400676 ], [ 108.3356044, 12.0399349 ], [ 108.3356503, 12.0397994 ], [ 108.3357491, 12.0394114 ], [ 108.33579, 12.0392891 ], [ 108.3358869, 12.039065 ], [ 108.3360109, 12.0388541 ], [ 108.3361602, 12.0386595 ], [ 108.3362786, 12.0385346 ], [ 108.3363896, 12.0384033 ], [ 108.3365619, 12.0381641 ], [ 108.336778, 12.0378987 ], [ 108.3368936, 12.0377282 ], [ 108.3369769, 12.0375542 ], [ 108.3370074, 12.0374629 ], [ 108.3370303, 12.0373694 ], [ 108.3370509, 12.0372107 ], [ 108.337047, 12.0371468 ], [ 108.3370336, 12.0370842 ], [ 108.3370111, 12.0370242 ], [ 108.3369798, 12.0369679 ], [ 108.3369406, 12.0369168 ], [ 108.3368941, 12.0368717 ], [ 108.3368415, 12.0368337 ], [ 108.3367341, 12.0367856 ], [ 108.3363626, 12.0366781 ], [ 108.3361603, 12.0366061 ], [ 108.3360509, 12.0365436 ], [ 108.3359563, 12.0364612 ], [ 108.3358759, 12.0363542 ], [ 108.3358454, 12.0362946 ], [ 108.3358061, 12.0361674 ], [ 108.3357815, 12.0360075 ], [ 108.33576, 12.0359294 ], [ 108.3357323, 12.0358532 ], [ 108.3356704, 12.0357262 ], [ 108.3355716, 12.0355751 ], [ 108.335497, 12.0354803 ], [ 108.3353281, 12.0353075 ], [ 108.3351356, 12.0351601 ], [ 108.3349817, 12.0350724 ], [ 108.3349001, 12.0350376 ], [ 108.3347297, 12.0349868 ], [ 108.334642, 12.0349712 ], [ 108.3344382, 12.0349607 ], [ 108.3343813, 12.0348271 ], [ 108.334333, 12.0346902 ], [ 108.3342935, 12.0345506 ], [ 108.3342629, 12.0344089 ], [ 108.3342414, 12.0342656 ], [ 108.334229, 12.0341213 ], [ 108.3342259, 12.0340288 ], [ 108.3342321, 12.0339365 ], [ 108.3342474, 12.0338452 ], [ 108.3342719, 12.0337558 ], [ 108.3343051, 12.0336692 ], [ 108.3343469, 12.0335861 ], [ 108.3343968, 12.0335075 ], [ 108.3344543, 12.033434 ], [ 108.3346286, 12.0332467 ], [ 108.3347642, 12.0330608 ], [ 108.3348583, 12.0328793 ], [ 108.334894, 12.0327837 ], [ 108.3349416, 12.0325856 ], [ 108.3349565, 12.0324034 ], [ 108.3349466, 12.0321607 ], [ 108.3349294, 12.0319997 ], [ 108.3349029, 12.0318398 ], [ 108.3348248, 12.0315323 ], [ 108.3347913, 12.0313808 ], [ 108.3347669, 12.0312277 ], [ 108.3347518, 12.0310734 ], [ 108.3347459, 12.0309185 ], [ 108.3347493, 12.0307635 ], [ 108.3347612, 12.0306167 ], [ 108.3348189, 12.0301787 ], [ 108.3348852, 12.029744 ], [ 108.3349578, 12.0294628 ], [ 108.3350318, 12.0292648 ], [ 108.3350573, 12.0291358 ], [ 108.3350489, 12.0290047 ], [ 108.3350321, 12.028941 ], [ 108.3349746, 12.0288223 ], [ 108.334905, 12.028737 ], [ 108.3348187, 12.0286678 ], [ 108.3345858, 12.0284533 ], [ 108.3345196, 12.0283826 ], [ 108.3344078, 12.0282255 ], [ 108.3343631, 12.0281402 ], [ 108.3343088, 12.0279918 ], [ 108.3342931, 12.0279144 ], [ 108.3342853, 12.027757 ], [ 108.3343067, 12.0276112 ], [ 108.3343585, 12.0274842 ], [ 108.3344408, 12.0273737 ], [ 108.3345485, 12.0272866 ], [ 108.3346703, 12.0272297 ], [ 108.3347792, 12.0271603 ], [ 108.3348662, 12.0270659 ], [ 108.3349256, 12.0269528 ], [ 108.3349532, 12.0268285 ], [ 108.3349448, 12.0265635 ], [ 108.3349489, 12.0264309 ], [ 108.3349782, 12.0261351 ], [ 108.3350426, 12.025812 ], [ 108.3350873, 12.0256533 ], [ 108.3355862, 12.0246407 ], [ 108.3356529, 12.024585 ], [ 108.3357253, 12.0245366 ], [ 108.3358026, 12.0244962 ], [ 108.3358839, 12.0244641 ], [ 108.3359683, 12.0244408 ], [ 108.3360548, 12.0244265 ], [ 108.3361423, 12.0244214 ], [ 108.3365006, 12.0244471 ], [ 108.3366835, 12.0244386 ], [ 108.3368154, 12.0244118 ], [ 108.3368782, 12.0243879 ], [ 108.3369938, 12.0243207 ], [ 108.3370916, 12.0242308 ], [ 108.3371324, 12.0241786 ], [ 108.3371954, 12.0240628 ], [ 108.337217, 12.0240006 ], [ 108.3372378, 12.0238851 ], [ 108.3372538, 12.0236514 ], [ 108.3372582, 12.0233112 ], [ 108.3372331, 12.0229827 ], [ 108.3372116, 12.0224318 ], [ 108.3371579, 12.0223001 ], [ 108.3370952, 12.0221722 ], [ 108.3370238, 12.0220488 ], [ 108.3366752, 12.0215608 ], [ 108.3364861, 12.021267 ], [ 108.3363285, 12.0209558 ], [ 108.3361871, 12.0206081 ], [ 108.3360888, 12.020432 ], [ 108.3359921, 12.0202976 ], [ 108.3358638, 12.0201521 ], [ 108.3356732, 12.0199766 ], [ 108.3354561, 12.0198208 ], [ 108.3353373, 12.0197513 ], [ 108.3350873, 12.0196353 ], [ 108.3350727, 12.0197008 ], [ 108.3350673, 12.0197677 ], [ 108.3350842, 12.0199495 ], [ 108.3350621, 12.020063 ], [ 108.3350068, 12.0201652 ], [ 108.3349565, 12.0202201 ], [ 108.3348703, 12.0203412 ], [ 108.3348147, 12.0204518 ], [ 108.3347866, 12.020493 ], [ 108.3347516, 12.0205288 ], [ 108.3346657, 12.0205805 ], [ 108.3346172, 12.0205947 ], [ 108.3344978, 12.0206067 ], [ 108.3344661, 12.0206211 ], [ 108.3344167, 12.0206689 ], [ 108.3343972, 12.0207152 ], [ 108.3343377, 12.0207965 ], [ 108.3342558, 12.0208564 ], [ 108.3341592, 12.0208892 ], [ 108.3340562, 12.0209072 ], [ 108.333963, 12.0209537 ], [ 108.3338877, 12.0210248 ], [ 108.3337987, 12.0211829 ], [ 108.3337589, 12.0212346 ], [ 108.3336623, 12.0213231 ], [ 108.3335477, 12.0213877 ], [ 108.3334388, 12.0214216 ], [ 108.3330387, 12.0214968 ], [ 108.3326484, 12.0215442 ], [ 108.3324411, 12.0215975 ], [ 108.3322414, 12.0216785 ], [ 108.3321461, 12.0217306 ], [ 108.3320555, 12.0217902 ], [ 108.3318911, 12.0219302 ], [ 108.3318182, 12.0220098 ], [ 108.331694, 12.0221851 ], [ 108.3316433, 12.0222796 ], [ 108.3315993, 12.022382 ], [ 108.3315294, 12.0225931 ], [ 108.3314842, 12.0228106 ], [ 108.3314721, 12.0229095 ], [ 108.3314717, 12.023022 ], [ 108.3314587, 12.0231998 ], [ 108.3314424, 12.0232941 ], [ 108.331397, 12.0234479 ], [ 108.3313669, 12.0235054 ], [ 108.3313285, 12.0235578 ], [ 108.3312824, 12.0236041 ], [ 108.3312299, 12.0236432 ], [ 108.331172, 12.0236742 ], [ 108.3311101, 12.0236964 ], [ 108.3310454, 12.0237094 ], [ 108.3309795, 12.0237129 ], [ 108.3308723, 12.0236977 ], [ 108.3306262, 12.0235992 ], [ 108.3305588, 12.0235831 ], [ 108.3304204, 12.023575 ], [ 108.330284, 12.0235992 ], [ 108.3301574, 12.0236543 ], [ 108.3300671, 12.0237193 ], [ 108.3298784, 12.0238379 ], [ 108.3295244, 12.024032 ], [ 108.3294714, 12.0240644 ], [ 108.3293791, 12.0241466 ], [ 108.3293096, 12.0242479 ], [ 108.3292669, 12.0243626 ], [ 108.3292556, 12.0244303 ], [ 108.3292538, 12.024499 ], [ 108.3292615, 12.0245672 ], [ 108.3292555, 12.0246669 ], [ 108.3292686, 12.0248661 ], [ 108.3292878, 12.0249642 ], [ 108.3293631, 12.025206 ], [ 108.3293934, 12.0253802 ], [ 108.3293984, 12.0254804 ], [ 108.3294371, 12.0257833 ], [ 108.3294423, 12.025888 ], [ 108.3294379, 12.0259927 ], [ 108.3294241, 12.0260966 ], [ 108.329401, 12.0261989 ], [ 108.3293652, 12.0263081 ], [ 108.3293214, 12.0264144 ], [ 108.3292109, 12.0266165 ], [ 108.3290718, 12.0268008 ], [ 108.3289923, 12.0268851 ], [ 108.3288159, 12.0270358 ], [ 108.3287197, 12.0271014 ], [ 108.3285424, 12.0271984 ], [ 108.3283541, 12.027273 ], [ 108.3276841, 12.0275642 ], [ 108.3273808, 12.0276849 ], [ 108.3267665, 12.0279074 ], [ 108.3262074, 12.0280853 ], [ 108.3258605, 12.0281816 ], [ 108.3256747, 12.0282537 ], [ 108.3255864, 12.0282997 ], [ 108.3254217, 12.0284106 ], [ 108.3253462, 12.0284747 ], [ 108.3252251, 12.0286014 ], [ 108.3251063, 12.028698 ], [ 108.3249691, 12.0287675 ], [ 108.3248955, 12.028791 ], [ 108.3246908, 12.028829 ], [ 108.3246299, 12.0288531 ], [ 108.3245368, 12.0289116 ], [ 108.324473, 12.0289739 ], [ 108.3243692, 12.0290584 ], [ 108.3242639, 12.0291284 ], [ 108.3242051, 12.0291526 ], [ 108.3240804, 12.0291773 ], [ 108.3239533, 12.0291691 ], [ 108.3238196, 12.0291338 ], [ 108.3237459, 12.0291458 ], [ 108.3237127, 12.029163 ], [ 108.3236611, 12.0292158 ], [ 108.3236033, 12.0293589 ], [ 108.3235633, 12.0294252 ], [ 108.3234633, 12.029544 ], [ 108.3233404, 12.02964 ], [ 108.3231997, 12.0297089 ], [ 108.3231259, 12.029732 ], [ 108.3228015, 12.0298029 ], [ 108.3226024, 12.0298213 ], [ 108.3225024, 12.0298191 ], [ 108.322382, 12.0298064 ], [ 108.3222172, 12.0298047 ], [ 108.3221745, 12.0298144 ], [ 108.3220991, 12.0298573 ], [ 108.3220694, 12.0298888 ], [ 108.3220315, 12.0299656 ], [ 108.3220264, 12.0300469 ], [ 108.3220506, 12.0301206 ], [ 108.3221, 12.0301811 ], [ 108.3222125, 12.030259 ], [ 108.3223372, 12.0303891 ], [ 108.3223829, 12.030422 ], [ 108.3224681, 12.030463 ], [ 108.3225794, 12.0304914 ], [ 108.3226556, 12.0305002 ], [ 108.3228085, 12.0304919 ], [ 108.3229873, 12.0304498 ], [ 108.3230411, 12.0304503 ], [ 108.3231447, 12.030477 ], [ 108.3231917, 12.0305026 ], [ 108.3232695, 12.0305746 ], [ 108.3232965, 12.030616 ], [ 108.323392, 12.0308425 ], [ 108.3234333, 12.030995 ], [ 108.323439, 12.0310545 ], [ 108.3234268, 12.0311732 ], [ 108.3233955, 12.0312619 ], [ 108.3233435, 12.0313506 ], [ 108.3232526, 12.0314537 ], [ 108.3231989, 12.0314973 ], [ 108.3230568, 12.0315856 ], [ 108.3230208, 12.0316187 ], [ 108.3229637, 12.0316974 ], [ 108.3229314, 12.0317866 ], [ 108.3229287, 12.031883 ], [ 108.322958, 12.0320277 ], [ 108.3229823, 12.032123 ], [ 108.3230759, 12.0324038 ], [ 108.3231091, 12.0325686 ], [ 108.3231062, 12.0327069 ], [ 108.3230695, 12.0328406 ], [ 108.3230391, 12.0329032 ], [ 108.3229679, 12.033003 ], [ 108.3228563, 12.0331166 ], [ 108.3226196, 12.0333242 ], [ 108.3224554, 12.0334532 ], [ 108.3222855, 12.033575 ], [ 108.3221102, 12.0336892 ], [ 108.3219299, 12.0337957 ], [ 108.3217449, 12.0338943 ], [ 108.3215556, 12.0339847 ], [ 108.3211912, 12.0341307 ], [ 108.3208533, 12.0342342 ], [ 108.3204454, 12.0343257 ], [ 108.3203259, 12.0343727 ], [ 108.3202701, 12.0344042 ], [ 108.320191, 12.0342689 ], [ 108.3201296, 12.0340694 ], [ 108.3200981, 12.0338634 ], [ 108.3200973, 12.0336523 ], [ 108.3201285, 12.0334407 ], [ 108.3202192, 12.0331465 ], [ 108.3202971, 12.0329912 ], [ 108.3203375, 12.0329223 ], [ 108.3204181, 12.0328142 ], [ 108.3204643, 12.0327154 ], [ 108.3204762, 12.0326073 ], [ 108.3204687, 12.0325533 ], [ 108.320428, 12.0324522 ], [ 108.3203566, 12.032369 ], [ 108.3202587, 12.0323094 ], [ 108.3201474, 12.0322798 ], [ 108.3200774, 12.0322775 ], [ 108.3200084, 12.0322662 ], [ 108.3199415, 12.032246 ], [ 108.3198779, 12.0322172 ], [ 108.3198188, 12.0321805 ], [ 108.3197653, 12.0321363 ], [ 108.3197182, 12.0320856 ], [ 108.3195805, 12.0318802 ], [ 108.3194188, 12.0316922 ], [ 108.3193297, 12.0316055 ], [ 108.3190395, 12.0313631 ], [ 108.3188138, 12.0311259 ], [ 108.3187354, 12.0310626 ], [ 108.3186513, 12.0310067 ], [ 108.3185623, 12.0309586 ], [ 108.3184691, 12.0309187 ], [ 108.3183725, 12.0308875 ], [ 108.3182734, 12.0308651 ], [ 108.3181726, 12.0308518 ], [ 108.318071, 12.0308476 ], [ 108.3178131, 12.0308648 ], [ 108.3176577, 12.030844 ], [ 108.3175826, 12.0308215 ], [ 108.3174419, 12.0307536 ], [ 108.3173194, 12.0306578 ], [ 108.3172667, 12.0306009 ], [ 108.3171462, 12.0304433 ], [ 108.3169747, 12.0302557 ], [ 108.3168988, 12.0301218 ], [ 108.3168727, 12.0300495 ], [ 108.3168458, 12.0298986 ], [ 108.3168454, 12.0298219 ], [ 108.3168827, 12.029582 ], [ 108.3168782, 12.0294159 ], [ 108.3168404, 12.029254 ], [ 108.3167708, 12.0291025 ], [ 108.3166721, 12.0289673 ], [ 108.3165481, 12.0288538 ], [ 108.3164781, 12.0288065 ], [ 108.316274, 12.0286918 ], [ 108.3161787, 12.0286242 ], [ 108.316004, 12.02847 ], [ 108.3158533, 12.0282931 ], [ 108.3157297, 12.0280972 ], [ 108.3156358, 12.0278865 ], [ 108.3156016, 12.0277766 ], [ 108.3155766, 12.0276644 ], [ 108.3155609, 12.0275507 ], [ 108.3155547, 12.027436 ], [ 108.3155578, 12.0273212 ], [ 108.3155704, 12.0272071 ], [ 108.3155924, 12.0270943 ], [ 108.3156236, 12.0269836 ], [ 108.3156638, 12.0268757 ], [ 108.3157127, 12.0267713 ], [ 108.31577, 12.0266711 ], [ 108.3158493, 12.0265576 ], [ 108.3159202, 12.0264389 ], [ 108.3159825, 12.0263157 ], [ 108.3160359, 12.0261886 ], [ 108.3160801, 12.0260581 ], [ 108.3161149, 12.0259249 ], [ 108.3161506, 12.0257088 ], [ 108.3161452, 12.0255461 ], [ 108.3161055, 12.025388 ], [ 108.3160732, 12.0253129 ], [ 108.3159854, 12.0251746 ], [ 108.315931, 12.0251129 ], [ 108.3157716, 12.02496 ], [ 108.3157016, 12.0248748 ], [ 108.3155834, 12.0246896 ], [ 108.3155359, 12.0245907 ], [ 108.3154724, 12.0244102 ], [ 108.3154163, 12.0241711 ], [ 108.3153334, 12.0236685 ], [ 108.3152719, 12.0234966 ], [ 108.3152295, 12.0234155 ], [ 108.3151233, 12.0232659 ], [ 108.3150603, 12.0231987 ], [ 108.3149171, 12.0230824 ], [ 108.3147675, 12.0229849 ], [ 108.3146131, 12.0228559 ], [ 108.3145358, 12.0227747 ], [ 108.3144659, 12.0226874 ], [ 108.314404, 12.0225946 ], [ 108.3143504, 12.0224969 ], [ 108.3142721, 12.0222976 ], [ 108.3142294, 12.0220965 ], [ 108.3140523, 12.021506 ], [ 108.3138885, 12.0210448 ], [ 108.3138183, 12.0208779 ], [ 108.3136564, 12.0205534 ], [ 108.3135794, 12.0204201 ], [ 108.3134945, 12.0202914 ], [ 108.3134021, 12.0201678 ], [ 108.3132578, 12.0200013 ], [ 108.3131518, 12.0199227 ], [ 108.313029, 12.0198727 ], [ 108.3128973, 12.0198545 ], [ 108.3127651, 12.0198693 ], [ 108.312641, 12.0199161 ], [ 108.3125844, 12.0199507 ], [ 108.312487, 12.0200393 ], [ 108.312445, 12.020096 ], [ 108.3124113, 12.0201579 ], [ 108.3123865, 12.0202236 ], [ 108.3122832, 12.0204065 ], [ 108.3121915, 12.0205635 ], [ 108.312092, 12.0207157 ], [ 108.3119847, 12.0208629 ], [ 108.3117625, 12.0211254 ], [ 108.3115278, 12.0213486 ], [ 108.3112693, 12.0215451 ], [ 108.3111383, 12.0216288 ], [ 108.3106551, 12.0219027 ], [ 108.310489, 12.0219662 ], [ 108.3103137, 12.0219982 ], [ 108.3101354, 12.0219978 ], [ 108.3099604, 12.0219648 ], [ 108.3097904, 12.0219027 ], [ 108.309598, 12.0218063 ], [ 108.3093922, 12.021666 ], [ 108.3092093, 12.0214979 ], [ 108.3091672, 12.0216663 ], [ 108.3090962, 12.0218252 ], [ 108.3090505, 12.0218996 ], [ 108.3089404, 12.0220355 ], [ 108.3087939, 12.0221611 ], [ 108.3086131, 12.0222698 ], [ 108.3084162, 12.0223476 ], [ 108.3082259, 12.0223897 ], [ 108.3081374, 12.0223994 ], [ 108.3079594, 12.0224003 ], [ 108.308053, 12.0225211 ], [ 108.3082208, 12.0227758 ], [ 108.3082948, 12.022909 ], [ 108.3084071, 12.0231495 ], [ 108.3085204, 12.0233461 ], [ 108.3085878, 12.0234378 ], [ 108.3087422, 12.0236054 ], [ 108.3089145, 12.0237453 ], [ 108.3089945, 12.0238171 ], [ 108.309068, 12.0238954 ], [ 108.3091716, 12.0240345 ], [ 108.309269, 12.0242078 ], [ 108.3093235, 12.0243285 ], [ 108.3093689, 12.0244526 ], [ 108.3094052, 12.0245796 ], [ 108.309432, 12.0247089 ], [ 108.3094556, 12.0249339 ], [ 108.3094507, 12.0251601 ], [ 108.3092198, 12.025098 ], [ 108.3087716, 12.0250281 ], [ 108.3086085, 12.0249922 ], [ 108.3080418, 12.0248348 ], [ 108.3076788, 12.0247495 ], [ 108.3075333, 12.0246914 ], [ 108.3074042, 12.0246036 ], [ 108.3072978, 12.0244905 ], [ 108.3072191, 12.0243573 ], [ 108.3071839, 12.0242601 ], [ 108.3071398, 12.0241663 ], [ 108.3070873, 12.0240768 ], [ 108.3070268, 12.0239923 ], [ 108.3069586, 12.0239134 ], [ 108.3068835, 12.0238409 ], [ 108.3068021, 12.0237754 ], [ 108.3066486, 12.0236801 ], [ 108.3065783, 12.0236505 ], [ 108.3065051, 12.0236289 ], [ 108.3063536, 12.0236108 ], [ 108.3062018, 12.0236267 ], [ 108.3060576, 12.0236758 ], [ 108.3058491, 12.0238022 ], [ 108.3057724, 12.0238369 ], [ 108.3056104, 12.0238839 ], [ 108.3055267, 12.0238958 ], [ 108.3053577, 12.0238956 ], [ 108.3051983, 12.0238646 ], [ 108.3051219, 12.023837 ], [ 108.3049803, 12.0237589 ], [ 108.3049166, 12.0237094 ], [ 108.3048069, 12.0235921 ], [ 108.3047247, 12.0234549 ], [ 108.3046781, 12.0233194 ], [ 108.3046614, 12.0231774 ], [ 108.3046754, 12.0230351 ], [ 108.3046937, 12.0229658 ], [ 108.3047691, 12.0227796 ], [ 108.3047809, 12.0227161 ], [ 108.3047835, 12.0226517 ], [ 108.3047769, 12.0225875 ], [ 108.3047613, 12.0225248 ], [ 108.3047369, 12.0224649 ], [ 108.3047043, 12.0224088 ], [ 108.3046169, 12.0223126 ], [ 108.3044459, 12.0222031 ], [ 108.3043947, 12.0221572 ], [ 108.3043116, 12.0220488 ], [ 108.3042364, 12.0219139 ], [ 108.3041346, 12.0217969 ], [ 108.3040981, 12.0217649 ], [ 108.3040119, 12.0217198 ], [ 108.3039155, 12.0217035 ], [ 108.3038188, 12.0217176 ], [ 108.3037734, 12.0217357 ], [ 108.3036943, 12.0217919 ], [ 108.3036625, 12.0218284 ], [ 108.303631, 12.0218821 ], [ 108.3036041, 12.0219382 ], [ 108.3035347, 12.022135 ], [ 108.3034564, 12.0222596 ], [ 108.303407, 12.0223145 ], [ 108.3033068, 12.0223958 ], [ 108.3031626, 12.0224767 ], [ 108.3030614, 12.0225209 ], [ 108.3029567, 12.0225564 ], [ 108.3028493, 12.0225829 ], [ 108.3027399, 12.0226002 ], [ 108.3026294, 12.0226082 ], [ 108.3025186, 12.0226069 ], [ 108.3024083, 12.0225962 ], [ 108.3022994, 12.0225763 ], [ 108.3021927, 12.0225472 ], [ 108.3021069, 12.0225166 ], [ 108.3019468, 12.0224311 ], [ 108.3018071, 12.0223163 ], [ 108.3016935, 12.0221768 ], [ 108.3016102, 12.022018 ], [ 108.3015327, 12.0217699 ], [ 108.3014951, 12.021693 ], [ 108.3014491, 12.0216206 ], [ 108.3013953, 12.0215535 ], [ 108.3012212, 12.0213931 ], [ 108.3011709, 12.0213371 ], [ 108.3010812, 12.0212091 ], [ 108.3009756, 12.021085 ], [ 108.3008495, 12.0209808 ], [ 108.30078, 12.0209372 ], [ 108.3005981, 12.0208448 ], [ 108.3005509, 12.0208065 ], [ 108.3004756, 12.0207122 ], [ 108.3004308, 12.0206009 ], [ 108.30042, 12.0204818 ], [ 108.3004278, 12.0204223 ], [ 108.3004725, 12.0202539 ], [ 108.3004827, 12.0200803 ], [ 108.3004581, 12.019908 ], [ 108.3003994, 12.0197438 ], [ 108.3003166, 12.0196042 ], [ 108.3002184, 12.0194904 ], [ 108.3000845, 12.0193099 ], [ 108.2999545, 12.0191132 ], [ 108.2998502, 12.0189022 ], [ 108.2998083, 12.0187924 ], [ 108.2997228, 12.0185134 ], [ 108.2996419, 12.0183583 ], [ 108.2995455, 12.0182332 ], [ 108.2993654, 12.0180504 ], [ 108.2993272, 12.0180253 ], [ 108.2992399, 12.0179987 ], [ 108.2991535, 12.0180051 ], [ 108.2989682, 12.0180877 ], [ 108.2986455, 12.0182743 ], [ 108.2984133, 12.0183729 ], [ 108.2981694, 12.018439 ], [ 108.2979103, 12.0184722 ], [ 108.2977796, 12.0184757 ], [ 108.2974396, 12.0184573 ], [ 108.2972306, 12.0184757 ], [ 108.2969879, 12.0185188 ], [ 108.2967416, 12.0185311 ], [ 108.2964957, 12.0185124 ], [ 108.2962391, 12.0184757 ], [ 108.2959799, 12.0184695 ], [ 108.2957219, 12.018494 ], [ 108.2955411, 12.0185299 ], [ 108.2954865, 12.0185337 ], [ 108.2954319, 12.0185291 ], [ 108.2953285, 12.0184948 ], [ 108.2952412, 12.0184306 ], [ 108.2952065, 12.0183892 ], [ 108.2951591, 12.018293 ], [ 108.2951449, 12.0181871 ], [ 108.2951653, 12.0180822 ], [ 108.2952062, 12.0180048 ], [ 108.2952628, 12.0178398 ], [ 108.2952841, 12.017667 ], [ 108.2952813, 12.0175799 ], [ 108.2952485, 12.0174088 ], [ 108.2952189, 12.0173266 ], [ 108.2951794, 12.0172449 ], [ 108.2951317, 12.0171676 ], [ 108.2950762, 12.0170953 ], [ 108.2950135, 12.0170289 ], [ 108.2949443, 12.016969 ], [ 108.2948693, 12.0169162 ], [ 108.2947892, 12.0168711 ], [ 108.2947049, 12.0168342 ], [ 108.2946171, 12.0168058 ], [ 108.2943896, 12.0167599 ], [ 108.2942636, 12.0167005 ], [ 108.2941571, 12.0166117 ], [ 108.294077, 12.0164995 ], [ 108.2940486, 12.0164369 ], [ 108.2940173, 12.0163035 ], [ 108.2940104, 12.0160896 ], [ 108.2939585, 12.0157701 ], [ 108.2939505, 12.015662 ], [ 108.2939557, 12.0154456 ], [ 108.2939889, 12.0151785 ], [ 108.2939853, 12.015098 ], [ 108.293951, 12.0149408 ], [ 108.2938565, 12.0147269 ], [ 108.2938272, 12.0145771 ], [ 108.2938262, 12.0145007 ], [ 108.2938345, 12.0144247 ], [ 108.2938517, 12.0143502 ], [ 108.2938778, 12.0142782 ], [ 108.294097, 12.0139067 ], [ 108.2941781, 12.0137092 ], [ 108.2942265, 12.0135017 ], [ 108.2942601, 12.0132001 ], [ 108.2943419, 12.0127415 ], [ 108.2943644, 12.0124285 ], [ 108.2943627, 12.0122716 ], [ 108.2943338, 12.0119591 ], [ 108.2942508, 12.0115366 ], [ 108.2942489, 12.0114133 ], [ 108.2942605, 12.0113526 ], [ 108.2943074, 12.0112382 ], [ 108.294342, 12.0111864 ], [ 108.2943832, 12.0111396 ], [ 108.2945296, 12.0110248 ], [ 108.2945725, 12.0109805 ], [ 108.2946004, 12.0109459 ], [ 108.2946349, 12.0108649 ], [ 108.2946378, 12.0107772 ], [ 108.2946088, 12.0106941 ], [ 108.2945008, 12.0105695 ], [ 108.2944708, 12.0105172 ], [ 108.2944491, 12.010461 ], [ 108.2944366, 12.0104033 ], [ 108.2944153, 12.010183 ], [ 108.2944203, 12.0101385 ], [ 108.2944345, 12.0100959 ], [ 108.2944729, 12.0100379 ], [ 108.2945293, 12.0099892 ], [ 108.294572, 12.0099635 ], [ 108.2946664, 12.0099311 ], [ 108.2947192, 12.0099249 ], [ 108.2948248, 12.0099342 ], [ 108.2949361, 12.0099682 ], [ 108.2949992, 12.0099619 ], [ 108.2950466, 12.0099378 ], [ 108.2950924, 12.0098927 ], [ 108.2951331, 12.0098183 ], [ 108.2951481, 12.0097025 ], [ 108.2951423, 12.0096442 ], [ 108.2951277, 12.0095874 ], [ 108.2950978, 12.0095206 ], [ 108.2950158, 12.0093991 ], [ 108.2949647, 12.009346 ], [ 108.2948272, 12.0092331 ], [ 108.2947971, 12.0091908 ], [ 108.2947753, 12.009144 ], [ 108.2947622, 12.0090941 ], [ 108.2947585, 12.0090427 ], [ 108.2947642, 12.0089915 ], [ 108.2947791, 12.008942 ], [ 108.294833, 12.0088555 ], [ 108.2949129, 12.008791 ], [ 108.29496, 12.0087693 ], [ 108.2950618, 12.0087501 ], [ 108.2951137, 12.0087531 ], [ 108.2952124, 12.0087839 ], [ 108.2952969, 12.0088461 ], [ 108.2953429, 12.0088741 ], [ 108.2953931, 12.0088939 ], [ 108.2954461, 12.0089049 ], [ 108.2955002, 12.0089068 ], [ 108.2955539, 12.0088996 ], [ 108.2956055, 12.0088835 ], [ 108.2956534, 12.0088589 ], [ 108.2956964, 12.0088266 ], [ 108.2957515, 12.0087612 ], [ 108.2958137, 12.0087022 ], [ 108.2958821, 12.0086501 ], [ 108.295956, 12.0086057 ], [ 108.2960343, 12.0085695 ], [ 108.2961327, 12.0085375 ], [ 108.2962278, 12.0084969 ], [ 108.2963186, 12.008448 ], [ 108.2965536, 12.0082842 ], [ 108.2966354, 12.0082418 ], [ 108.2968314, 12.0081635 ], [ 108.2968801, 12.0081295 ], [ 108.2969228, 12.0080885 ], [ 108.2969585, 12.0080416 ], [ 108.2969864, 12.0079899 ], [ 108.2970057, 12.0079345 ], [ 108.297016, 12.0078769 ], [ 108.2970239, 12.0077436 ], [ 108.2970381, 12.0076782 ], [ 108.2970807, 12.0075645 ], [ 108.2970933, 12.0075115 ], [ 108.2970965, 12.0074571 ], [ 108.2970901, 12.0074031 ], [ 108.2970426, 12.0072469 ], [ 108.2970019, 12.0071461 ], [ 108.2969523, 12.007049 ], [ 108.2968943, 12.0069566 ], [ 108.2966708, 12.0066839 ], [ 108.2965429, 12.0064778 ], [ 108.2964474, 12.0062556 ], [ 108.2963621, 12.0059974 ], [ 108.2962692, 12.0057942 ], [ 108.2962219, 12.0057206 ], [ 108.2961665, 12.0056526 ], [ 108.2961037, 12.0055911 ], [ 108.2960343, 12.0055367 ], [ 108.295937, 12.00548 ], [ 108.2958846, 12.0054587 ], [ 108.295779, 12.0054316 ], [ 108.2956842, 12.0053877 ], [ 108.295643, 12.0053556 ], [ 108.2955783, 12.0052748 ], [ 108.2955563, 12.005228 ], [ 108.2955354, 12.0051274 ], [ 108.2955431, 12.0049515 ], [ 108.2955346, 12.0048638 ], [ 108.2954935, 12.0046924 ], [ 108.2954612, 12.0046101 ], [ 108.2953745, 12.0044558 ], [ 108.2952958, 12.0043563 ], [ 108.2951546, 12.0041462 ], [ 108.2949313, 12.0037443 ], [ 108.2947308, 12.003423 ], [ 108.2945518, 12.0031852 ], [ 108.2944536, 12.003073 ], [ 108.2941239, 12.0027458 ], [ 108.2940173, 12.0026298 ], [ 108.2937437, 12.0022992 ], [ 108.2936495, 12.0021807 ], [ 108.2935255, 12.0020042 ], [ 108.2934789, 12.0018847 ], [ 108.2934691, 12.0018213 ], [ 108.2934685, 12.0017572 ], [ 108.2934772, 12.0016937 ], [ 108.2934951, 12.001632 ], [ 108.2935217, 12.0015734 ], [ 108.2935565, 12.0015191 ], [ 108.2935989, 12.0014702 ], [ 108.2937267, 12.0013535 ], [ 108.2937813, 12.0012865 ], [ 108.2939047, 12.0011081 ], [ 108.2939604, 12.0010415 ], [ 108.2940911, 12.0009262 ], [ 108.2942426, 12.0008388 ], [ 108.2944089, 12.0007828 ], [ 108.2948636, 12.0006946 ], [ 108.2950422, 12.00068 ], [ 108.2951059, 12.0006684 ], [ 108.2952254, 12.0006203 ], [ 108.2953273, 12.0005425 ], [ 108.2953691, 12.0004942 ], [ 108.2954116, 12.0004262 ], [ 108.2954751, 12.0002795 ], [ 108.2955078, 12.0001235 ], [ 108.2955086, 11.9999642 ], [ 108.2954133, 11.999449 ], [ 108.2953423, 11.9992349 ], [ 108.2952237, 11.9989579 ], [ 108.295176, 11.9988151 ], [ 108.2951045, 11.998523 ], [ 108.2949516, 11.997982 ], [ 108.2947478, 11.997179 ], [ 108.2946927, 11.9968872 ], [ 108.2946577, 11.9966408 ], [ 108.2946029, 11.9964755 ], [ 108.2945148, 11.9963246 ], [ 108.294397, 11.9961945 ], [ 108.2943284, 11.996139 ], [ 108.2942422, 11.9960837 ], [ 108.2941513, 11.9960362 ], [ 108.2940564, 11.9959968 ], [ 108.2937974, 11.9959197 ], [ 108.2937218, 11.9958839 ], [ 108.2936507, 11.9958403 ], [ 108.2935849, 11.9957893 ], [ 108.2935252, 11.9957315 ], [ 108.293427, 11.9955986 ], [ 108.2933193, 11.9953536 ], [ 108.2932744, 11.9952723 ], [ 108.2930787, 11.9949962 ], [ 108.2930182, 11.9948896 ], [ 108.2929662, 11.9947788 ], [ 108.292923, 11.9946645 ], [ 108.29282, 11.9942995 ], [ 108.2926214, 11.9937005 ], [ 108.2925286, 11.9933838 ], [ 108.2925054, 11.993277 ], [ 108.2924803, 11.9930912 ], [ 108.2924631, 11.9926981 ], [ 108.2924348, 11.9923819 ], [ 108.2924179, 11.9922683 ], [ 108.2923675, 11.9920765 ], [ 108.2923346, 11.9919997 ], [ 108.2922448, 11.9918585 ], [ 108.2921264, 11.9917391 ], [ 108.2919933, 11.9916337 ], [ 108.2919338, 11.9915733 ], [ 108.291831, 11.9914393 ], [ 108.2917556, 11.991299 ], [ 108.2916759, 11.9910888 ], [ 108.2916325, 11.9909454 ], [ 108.291598, 11.9907999 ], [ 108.2915548, 11.9905103 ], [ 108.291537, 11.9900864 ], [ 108.2915232, 11.9899957 ], [ 108.2915005, 11.9899067 ], [ 108.291469, 11.9898203 ], [ 108.2913592, 11.9896057 ], [ 108.2913348, 11.9895355 ], [ 108.2913082, 11.9893896 ], [ 108.2913119, 11.9892415 ], [ 108.2913458, 11.9890971 ], [ 108.2914156, 11.9889397 ], [ 108.2915217, 11.9887311 ], [ 108.2916024, 11.9885119 ], [ 108.2916328, 11.9883992 ], [ 108.2916591, 11.9882702 ], [ 108.291716, 11.9878797 ], [ 108.2917436, 11.98763 ], [ 108.2917436, 11.9873789 ], [ 108.291716, 11.9871293 ], [ 108.2916922, 11.9870071 ], [ 108.2915937, 11.986639 ], [ 108.291569, 11.9865095 ], [ 108.2915389, 11.9862477 ], [ 108.2915266, 11.9859478 ], [ 108.2914873, 11.9857888 ], [ 108.2914173, 11.9856402 ], [ 108.291319, 11.9855078 ], [ 108.2911896, 11.985392 ], [ 108.2911161, 11.9853449 ], [ 108.291038, 11.9853056 ], [ 108.2909561, 11.9852747 ], [ 108.2908712, 11.9852525 ], [ 108.2907845, 11.9852392 ], [ 108.2905095, 11.9852378 ], [ 108.2903249, 11.9852073 ], [ 108.2901491, 11.9851445 ], [ 108.2899878, 11.9850515 ], [ 108.2898465, 11.9849314 ], [ 108.2897848, 11.9848624 ], [ 108.2897012, 11.984743 ], [ 108.2896099, 11.9846291 ], [ 108.2894511, 11.984462 ], [ 108.2893984, 11.9843963 ], [ 108.2893538, 11.9843252 ], [ 108.2893178, 11.9842495 ], [ 108.289291, 11.9841702 ], [ 108.2892737, 11.9840884 ], [ 108.2892661, 11.9840053 ], [ 108.2892684, 11.9839218 ], [ 108.2892805, 11.9838391 ], [ 108.2893289, 11.9836386 ], [ 108.2893408, 11.9835362 ], [ 108.2893443, 11.9834331 ], [ 108.2893268, 11.98323 ], [ 108.2892794, 11.9830338 ], [ 108.2892449, 11.9829387 ], [ 108.2891554, 11.9827571 ], [ 108.2891008, 11.9826716 ], [ 108.2890188, 11.9825642 ], [ 108.288838, 11.9823628 ], [ 108.2885152, 11.9820748 ], [ 108.2884177, 11.981947 ], [ 108.2883571, 11.9818259 ], [ 108.2882961, 11.9817333 ], [ 108.2882157, 11.9816562 ], [ 108.2881037, 11.9815731 ], [ 108.2880129, 11.9814682 ], [ 108.2879768, 11.9814091 ], [ 108.2879269, 11.9812868 ], [ 108.2879046, 11.9811629 ], [ 108.2878557, 11.9810092 ], [ 108.2877771, 11.9808678 ], [ 108.2876844, 11.9807566 ], [ 108.2874457, 11.980545 ], [ 108.2872811, 11.9804232 ], [ 108.2872236, 11.9803723 ], [ 108.2871302, 11.9802571 ], [ 108.2870702, 11.980153 ], [ 108.2870011, 11.9800853 ], [ 108.2869585, 11.9800614 ], [ 108.2868639, 11.9800373 ], [ 108.286711, 11.9800399 ], [ 108.2866022, 11.9800208 ], [ 108.286505, 11.9799692 ], [ 108.286464, 11.9799327 ], [ 108.2864059, 11.979851 ], [ 108.2863881, 11.979809 ], [ 108.2863703, 11.9797198 ], [ 108.2863377, 11.97963 ], [ 108.2862544, 11.9794577 ], [ 108.286204, 11.9793761 ], [ 108.2859739, 11.979085 ], [ 108.2856637, 11.978741 ], [ 108.2856035, 11.9786592 ], [ 108.2855033, 11.9784859 ], [ 108.2853124, 11.9780629 ], [ 108.2851446, 11.9777283 ], [ 108.2850817, 11.9775887 ], [ 108.2850275, 11.9774456 ], [ 108.2849822, 11.9772995 ], [ 108.2849021, 11.976942 ], [ 108.2848516, 11.9767686 ], [ 108.284839, 11.9766961 ], [ 108.284836, 11.9766227 ], [ 108.2848426, 11.9765495 ], [ 108.2848589, 11.9764777 ], [ 108.2849354, 11.9762967 ], [ 108.2849529, 11.9762378 ], [ 108.2849884, 11.9759855 ], [ 108.2850131, 11.9758917 ], [ 108.2850948, 11.975694 ], [ 108.2852173, 11.9754788 ], [ 108.2852595, 11.9753454 ], [ 108.2852721, 11.9752063 ], [ 108.2852545, 11.9750678 ], [ 108.2851902, 11.9748553 ], [ 108.2851286, 11.9745865 ], [ 108.2850547, 11.9743401 ], [ 108.2849634, 11.9741193 ], [ 108.284775, 11.9737776 ], [ 108.2846519, 11.9735112 ], [ 108.2845472, 11.973213 ], [ 108.284446, 11.972825 ], [ 108.284356, 11.9725987 ], [ 108.2842911, 11.9724739 ], [ 108.2842347, 11.9723451 ], [ 108.2841002, 11.9719329 ], [ 108.2839239, 11.9714962 ], [ 108.2838276, 11.9711871 ], [ 108.2837279, 11.970795 ], [ 108.2836271, 11.9704894 ], [ 108.2835256, 11.9702732 ], [ 108.2834641, 11.9701704 ], [ 108.2833302, 11.9699891 ], [ 108.2831789, 11.9698412 ], [ 108.2830941, 11.9697771 ], [ 108.28293, 11.969681 ], [ 108.2828518, 11.9696501 ], [ 108.2827705, 11.9696282 ], [ 108.2826871, 11.9696154 ], [ 108.2826028, 11.969612 ], [ 108.2825187, 11.969618 ], [ 108.2824172, 11.9696451 ], [ 108.282309, 11.969697 ], [ 108.2821809, 11.9697694 ], [ 108.2819071, 11.9699486 ], [ 108.2817578, 11.9700029 ], [ 108.2816011, 11.9700421 ], [ 108.2812827, 11.9700982 ], [ 108.2811218, 11.9701151 ], [ 108.2808183, 11.9701264 ], [ 108.2805349, 11.970108 ], [ 108.2802871, 11.970067 ], [ 108.2801783, 11.9700557 ], [ 108.2800689, 11.9700539 ], [ 108.2797661, 11.9700833 ], [ 108.2796686, 11.9700827 ], [ 108.2794751, 11.9700586 ], [ 108.2793805, 11.9700352 ], [ 108.2792401, 11.9699852 ], [ 108.2791034, 11.9699264 ], [ 108.2789708, 11.9698589 ], [ 108.2788431, 11.9697831 ], [ 108.2786377, 11.9696355 ], [ 108.2784876, 11.9694905 ], [ 108.2784213, 11.9694102 ], [ 108.2783082, 11.9692359 ], [ 108.278262, 11.9691431 ], [ 108.2781373, 11.9688372 ], [ 108.2780201, 11.9686098 ], [ 108.2779113, 11.968465 ], [ 108.2777765, 11.9683428 ], [ 108.2776638, 11.9682701 ], [ 108.2775459, 11.9682057 ], [ 108.2774235, 11.9681497 ], [ 108.2772974, 11.9681026 ], [ 108.2771681, 11.9680646 ], [ 108.2770362, 11.9680358 ], [ 108.2767721, 11.9679964 ], [ 108.2766707, 11.9679751 ], [ 108.2769046, 11.9676439 ], [ 108.2771194, 11.96733 ], [ 108.2773147, 11.9670349 ], [ 108.2773845, 11.9669394 ], [ 108.2774482, 11.96684 ], [ 108.2775056, 11.966737 ], [ 108.2775628, 11.9666162 ], [ 108.2776114, 11.9664919 ], [ 108.277651, 11.9663645 ], [ 108.2776816, 11.9662348 ], [ 108.2777029, 11.9661034 ], [ 108.2777055, 11.9660368 ], [ 108.2777148, 11.9659708 ], [ 108.2777343, 11.9658946 ], [ 108.2777625, 11.9658211 ], [ 108.2777993, 11.9657514 ], [ 108.2778441, 11.9656862 ], [ 108.2778962, 11.9656265 ], [ 108.2779551, 11.9655732 ], [ 108.2780198, 11.9655268 ], [ 108.2780896, 11.9654881 ], [ 108.2781635, 11.9654575 ], [ 108.2782406, 11.9654355 ], [ 108.2783098, 11.9654072 ], [ 108.2783755, 11.9653718 ], [ 108.278437, 11.9653297 ], [ 108.2784935, 11.9652813 ], [ 108.2785443, 11.9652273 ], [ 108.2785889, 11.9651683 ], [ 108.2786268, 11.9651049 ], [ 108.2786805, 11.9650287 ], [ 108.2787405, 11.9649572 ], [ 108.2788063, 11.9648909 ], [ 108.2788776, 11.9648301 ], [ 108.2789539, 11.9647754 ], [ 108.2789949, 11.9647524 ], [ 108.2790345, 11.964727 ], [ 108.2790927, 11.964683 ], [ 108.2791465, 11.9646337 ], [ 108.2791952, 11.9645797 ], [ 108.2792385, 11.9645214 ], [ 108.2792759, 11.9644594 ], [ 108.2793084, 11.9643891 ], [ 108.2793328, 11.9643157 ], [ 108.2793486, 11.96424 ], [ 108.2793556, 11.9641631 ], [ 108.2793539, 11.964086 ], [ 108.2793434, 11.9640095 ], [ 108.2793242, 11.9639346 ], [ 108.2793055, 11.9638392 ], [ 108.279293, 11.9637429 ], [ 108.2792866, 11.963646 ], [ 108.279283, 11.9635182 ], [ 108.2792848, 11.9633905 ], [ 108.2792851, 11.9633265 ], [ 108.279292, 11.9632629 ], [ 108.2793064, 11.9631959 ], [ 108.2793281, 11.9631309 ], [ 108.2793568, 11.9630685 ], [ 108.2793921, 11.9630094 ], [ 108.2794336, 11.9629544 ], [ 108.2794809, 11.962904 ], [ 108.2795334, 11.9628588 ], [ 108.2796346, 11.9627663 ], [ 108.2796857, 11.9627205 ], [ 108.2797319, 11.9626699 ], [ 108.2797777, 11.9626069 ], [ 108.2798158, 11.9625392 ], [ 108.2798456, 11.9624676 ], [ 108.2798668, 11.9623931 ], [ 108.279879, 11.9623168 ], [ 108.2798821, 11.9622395 ], [ 108.2798944, 11.9621501 ], [ 108.2799159, 11.9620623 ], [ 108.2799464, 11.9619771 ], [ 108.2799781, 11.961869 ], [ 108.2800026, 11.961759 ], [ 108.2800198, 11.9616477 ], [ 108.2800296, 11.9615356 ], [ 108.280032, 11.9614231 ], [ 108.2800269, 11.9613106 ], [ 108.2800153, 11.9611137 ], [ 108.2800001, 11.9609171 ], [ 108.2799874, 11.9608407 ], [ 108.2799838, 11.9607633 ], [ 108.2799894, 11.9606861 ], [ 108.2800021, 11.9606177 ], [ 108.2800221, 11.9605509 ], [ 108.2800491, 11.9604865 ], [ 108.2800828, 11.9604252 ], [ 108.2801228, 11.9603677 ], [ 108.2801687, 11.9603145 ], [ 108.28022, 11.9602663 ], [ 108.2802874, 11.9602134 ], [ 108.2803598, 11.9601671 ], [ 108.2804363, 11.960128 ], [ 108.2805165, 11.9600963 ], [ 108.2805993, 11.9600723 ], [ 108.28068, 11.9600656 ], [ 108.2807712, 11.9600629 ], [ 108.2808749, 11.960056 ], [ 108.280965, 11.9600386 ], [ 108.2810555, 11.9600111 ], [ 108.2811427, 11.9599749 ], [ 108.2812259, 11.9599304 ], [ 108.2812968, 11.9598835 ], [ 108.2813631, 11.9598306 ], [ 108.2814955, 11.9597247 ], [ 108.2816228, 11.9596129 ], [ 108.2816977, 11.959542 ], [ 108.2817781, 11.9594771 ], [ 108.2818634, 11.9594185 ], [ 108.281953, 11.9593666 ], [ 108.2820466, 11.9593217 ], [ 108.2820989, 11.9593003 ], [ 108.2821521, 11.9592811 ], [ 108.2822603, 11.9592481 ], [ 108.2823706, 11.9592227 ], [ 108.2824825, 11.9592052 ], [ 108.2825954, 11.9591956 ], [ 108.2827087, 11.9591939 ], [ 108.2828218, 11.9592003 ], [ 108.2829342, 11.9592145 ], [ 108.2830452, 11.9592367 ], [ 108.2831544, 11.9592666 ], [ 108.2832231, 11.9592898 ], [ 108.2832908, 11.959316 ], [ 108.2834247, 11.9593716 ], [ 108.2835559, 11.9594331 ], [ 108.283684, 11.9595005 ], [ 108.2838088, 11.9595736 ], [ 108.2839037, 11.9596344 ], [ 108.2840027, 11.9596885 ], [ 108.2841054, 11.9597357 ], [ 108.2842112, 11.9597756 ], [ 108.2842704, 11.9597944 ], [ 108.2843317, 11.9598057 ], [ 108.2843939, 11.9598092 ], [ 108.2844561, 11.9598049 ], [ 108.2845172, 11.9597929 ], [ 108.2845762, 11.9597734 ], [ 108.2846322, 11.9597466 ], [ 108.2846843, 11.9597131 ], [ 108.2847315, 11.9596733 ], [ 108.2847723, 11.959629 ], [ 108.2848072, 11.95958 ], [ 108.284889, 11.9594918 ], [ 108.2849765, 11.9594091 ], [ 108.2850695, 11.9593322 ], [ 108.285171, 11.959259 ], [ 108.2852679, 11.95918 ], [ 108.285337, 11.9591175 ], [ 108.2854004, 11.9590496 ], [ 108.2854576, 11.9589766 ], [ 108.2855084, 11.9588992 ], [ 108.2855523, 11.9588179 ], [ 108.2855843, 11.9587451 ], [ 108.2856219, 11.958675 ], [ 108.2856649, 11.9586079 ], [ 108.285723, 11.9585324 ], [ 108.2857732, 11.9584517 ], [ 108.2858151, 11.9583665 ], [ 108.2858429, 11.9582942 ], [ 108.2858634, 11.9582196 ], [ 108.2858744, 11.9581587 ], [ 108.2858934, 11.9580998 ], [ 108.2859203, 11.9580438 ], [ 108.2859544, 11.9579918 ], [ 108.2859952, 11.9579446 ], [ 108.2860421, 11.9579031 ], [ 108.2860941, 11.957868 ], [ 108.2861381, 11.9578452 ], [ 108.2861843, 11.957827 ], [ 108.2862703, 11.9577781 ], [ 108.2863513, 11.9577216 ], [ 108.2864267, 11.9576581 ], [ 108.2864917, 11.9575923 ], [ 108.2865507, 11.9575212 ], [ 108.2866688, 11.9573794 ], [ 108.2867807, 11.957233 ], [ 108.2868334, 11.9571594 ], [ 108.2868925, 11.9570906 ], [ 108.2869575, 11.9570271 ], [ 108.287028, 11.9569695 ], [ 108.2871033, 11.9569181 ], [ 108.287183, 11.9568735 ], [ 108.2872334, 11.9568497 ], [ 108.2872787, 11.9568178 ], [ 108.2873178, 11.9567787 ], [ 108.2873493, 11.9567336 ], [ 108.2873724, 11.9566839 ], [ 108.2873864, 11.956631 ], [ 108.2873909, 11.9565765 ], [ 108.2873856, 11.9565221 ], [ 108.2873708, 11.9564694 ], [ 108.2873509, 11.9564268 ], [ 108.2873248, 11.9563876 ], [ 108.2872823, 11.9563041 ], [ 108.287246, 11.9562248 ], [ 108.2872033, 11.9561486 ], [ 108.2871545, 11.956076 ], [ 108.2870999, 11.9560075 ], [ 108.2870685, 11.9559728 ], [ 108.2870432, 11.9559336 ], [ 108.2870247, 11.9558909 ], [ 108.2870134, 11.9558459 ], [ 108.2870096, 11.9557996 ], [ 108.2870134, 11.9557534 ], [ 108.2870248, 11.9557084 ], [ 108.2870465, 11.9556601 ], [ 108.2870754, 11.9556156 ], [ 108.2871108, 11.9555758 ], [ 108.2871519, 11.9555416 ], [ 108.2871978, 11.9555139 ], [ 108.2872474, 11.9554932 ], [ 108.2872888, 11.9554822 ], [ 108.2873313, 11.955476 ], [ 108.2874106, 11.9554702 ], [ 108.2874902, 11.9554715 ], [ 108.2875296, 11.9554771 ], [ 108.2875693, 11.9554801 ], [ 108.287635, 11.9554797 ], [ 108.2877003, 11.9554725 ], [ 108.2877645, 11.9554586 ], [ 108.2878268, 11.9554381 ], [ 108.2879039, 11.9554192 ], [ 108.2879676, 11.9554119 ], [ 108.2880464, 11.9554107 ], [ 108.2881105, 11.9554067 ], [ 108.2881735, 11.9553948 ], [ 108.2882345, 11.9553752 ], [ 108.2882726, 11.9553583 ], [ 108.2883092, 11.9553385 ], [ 108.2883793, 11.9552938 ], [ 108.2884295, 11.9552543 ], [ 108.2884851, 11.9552225 ], [ 108.2885449, 11.9551991 ], [ 108.2886076, 11.9551846 ], [ 108.2886718, 11.9551794 ], [ 108.288736, 11.9551836 ], [ 108.288779, 11.9551917 ], [ 108.2888227, 11.9551918 ], [ 108.2888656, 11.9551837 ], [ 108.2889062, 11.9551679 ], [ 108.2889431, 11.9551448 ], [ 108.2889748, 11.9551154 ], [ 108.2889913, 11.9550943 ], [ 108.2890053, 11.9550715 ], [ 108.2890284, 11.9550235 ], [ 108.2890432, 11.9549741 ], [ 108.2890665, 11.9549279 ], [ 108.2890975, 11.9548863 ], [ 108.2891353, 11.9548505 ], [ 108.2891789, 11.9548217 ], [ 108.2892269, 11.9548005 ], [ 108.2892542, 11.9547925 ], [ 108.2892822, 11.954787 ], [ 108.2893345, 11.954765 ], [ 108.2893825, 11.9547349 ], [ 108.2894115, 11.9547107 ], [ 108.2894376, 11.9546835 ], [ 108.2894978, 11.9546378 ], [ 108.2895532, 11.9546033 ], [ 108.2896118, 11.9545742 ], [ 108.289673, 11.9545509 ], [ 108.2897362, 11.9545336 ], [ 108.2898009, 11.9545223 ], [ 108.2898371, 11.9545188 ], [ 108.2898718, 11.9545082 ], [ 108.2899036, 11.9544909 ], [ 108.2899311, 11.9544676 ], [ 108.2899533, 11.9544394 ], [ 108.2899691, 11.9544073 ], [ 108.2899779, 11.9543728 ], [ 108.2899796, 11.9543426 ], [ 108.289976, 11.9543125 ], [ 108.2899672, 11.9542836 ], [ 108.2899577, 11.954198 ], [ 108.2899577, 11.954112 ], [ 108.2899672, 11.9540264 ], [ 108.2899766, 11.953979 ], [ 108.2899782, 11.9539308 ], [ 108.2899719, 11.9538829 ], [ 108.2899579, 11.9538366 ], [ 108.2899364, 11.9537931 ], [ 108.2899082, 11.9537535 ], [ 108.289872, 11.9537173 ], [ 108.2898301, 11.9536875 ], [ 108.2897472, 11.9536275 ], [ 108.2896548, 11.953571 ], [ 108.289558, 11.9535219 ], [ 108.2894576, 11.9534806 ], [ 108.2894854, 11.953351 ], [ 108.2895198, 11.9532229 ], [ 108.2895607, 11.9530966 ], [ 108.2896079, 11.9529725 ], [ 108.2896614, 11.9528508 ], [ 108.2897149, 11.9527435 ], [ 108.2897749, 11.9526397 ], [ 108.2898414, 11.9525396 ], [ 108.289914, 11.9524436 ], [ 108.2899924, 11.9523522 ], [ 108.2900764, 11.9522657 ], [ 108.2901657, 11.9521843 ], [ 108.2902394, 11.9521241 ], [ 108.2903185, 11.952071 ], [ 108.2904025, 11.9520254 ], [ 108.2904905, 11.9519878 ], [ 108.2905817, 11.9519585 ], [ 108.2906753, 11.9519377 ], [ 108.2907511, 11.9519273 ], [ 108.2908251, 11.9519082 ], [ 108.2908963, 11.9518807 ], [ 108.2909636, 11.951845 ], [ 108.2910261, 11.9518018 ], [ 108.2910829, 11.9517516 ], [ 108.2911332, 11.9516952 ], [ 108.2911763, 11.9516333 ], [ 108.2912116, 11.9515669 ], [ 108.2912385, 11.9514968 ], [ 108.2912527, 11.9514439 ], [ 108.2912622, 11.95139 ], [ 108.2912942, 11.9512853 ], [ 108.2913344, 11.9511833 ], [ 108.2913824, 11.9510847 ], [ 108.2914382, 11.95099 ], [ 108.2915012, 11.9508998 ], [ 108.2915711, 11.9508146 ], [ 108.2916422, 11.9507401 ], [ 108.2917066, 11.9506602 ], [ 108.291764, 11.9505752 ], [ 108.2918139, 11.9504858 ], [ 108.291856, 11.9503927 ], [ 108.29189, 11.9502965 ], [ 108.2919157, 11.9501978 ], [ 108.2919328, 11.9500973 ], [ 108.2919413, 11.9499958 ], [ 108.2919419, 11.9499168 ], [ 108.2919516, 11.9498383 ], [ 108.2919705, 11.9497614 ], [ 108.2919981, 11.9496871 ], [ 108.2920342, 11.9496163 ], [ 108.2920783, 11.94955 ], [ 108.2921298, 11.9494891 ], [ 108.292188, 11.9494343 ], [ 108.2922516, 11.9493868 ], [ 108.2923093, 11.9493326 ], [ 108.2923605, 11.9492725 ], [ 108.2924045, 11.9492071 ], [ 108.2924408, 11.9491374 ], [ 108.2924689, 11.9490641 ], [ 108.2924885, 11.9489882 ], [ 108.2924965, 11.9489377 ], [ 108.2925007, 11.9488868 ], [ 108.2925043, 11.9487847 ], [ 108.2924991, 11.9486827 ], [ 108.2924851, 11.9485815 ], [ 108.2924625, 11.9484818 ], [ 108.2924315, 11.9483843 ], [ 108.2923922, 11.9482897 ], [ 108.2923449, 11.9481986 ], [ 108.29229, 11.9481117 ], [ 108.2922528, 11.948061 ], [ 108.292213, 11.9480121 ], [ 108.292143, 11.9479077 ], [ 108.2920805, 11.9477988 ], [ 108.2920256, 11.9476861 ], [ 108.2919786, 11.94757 ], [ 108.2919397, 11.947451 ], [ 108.2919091, 11.9473298 ], [ 108.2918952, 11.9472583 ], [ 108.2918841, 11.9471863 ], [ 108.2918673, 11.9470417 ], [ 108.2918587, 11.9468964 ], [ 108.2918583, 11.9467508 ], [ 108.2918662, 11.9466055 ], [ 108.2918745, 11.9465216 ], [ 108.2918856, 11.946438 ], [ 108.2919135, 11.9462717 ], [ 108.29195, 11.946107 ], [ 108.2919949, 11.9459442 ], [ 108.2920457, 11.9457907 ], [ 108.2920886, 11.9456348 ], [ 108.2921237, 11.9454771 ], [ 108.2921409, 11.9453812 ], [ 108.2921494, 11.9452842 ], [ 108.292149, 11.9451868 ], [ 108.2921397, 11.9450898 ], [ 108.2921216, 11.944994 ], [ 108.2920949, 11.9449002 ], [ 108.2920597, 11.9448091 ], [ 108.2920164, 11.9447214 ], [ 108.2919868, 11.944671 ], [ 108.2919545, 11.9446222 ], [ 108.2918997, 11.9445191 ], [ 108.2918523, 11.9444126 ], [ 108.2918124, 11.9443032 ], [ 108.2917803, 11.9441913 ], [ 108.2917618, 11.9441078 ], [ 108.2917361, 11.9440261 ], [ 108.2917033, 11.9439469 ], [ 108.2916639, 11.9438707 ], [ 108.2916179, 11.943798 ], [ 108.2915658, 11.9437295 ], [ 108.291525, 11.9436833 ], [ 108.2914814, 11.9436396 ], [ 108.2914041, 11.9435438 ], [ 108.2913342, 11.9434427 ], [ 108.2912722, 11.9433369 ], [ 108.2912183, 11.9432268 ], [ 108.2911729, 11.9431131 ], [ 108.2911363, 11.9429965 ], [ 108.2911085, 11.9428775 ], [ 108.2910898, 11.9427569 ], [ 108.2910803, 11.9426352 ], [ 108.291079, 11.9425581 ], [ 108.2910815, 11.9424811 ], [ 108.2910747, 11.9423271 ], [ 108.29106, 11.9421737 ], [ 108.2910374, 11.9420211 ], [ 108.2910242, 11.9419504 ], [ 108.2910192, 11.9418787 ], [ 108.2910225, 11.941807 ], [ 108.291034, 11.941736 ], [ 108.2910536, 11.9416667 ], [ 108.2910811, 11.9416001 ], [ 108.2911161, 11.9415369 ], [ 108.2911581, 11.9414779 ], [ 108.2911962, 11.9414346 ], [ 108.291238, 11.9413948 ], [ 108.2913217, 11.9413152 ], [ 108.291422, 11.9412285 ], [ 108.291518, 11.9411371 ], [ 108.2916094, 11.9410414 ], [ 108.291696, 11.9409415 ], [ 108.2917777, 11.9408376 ], [ 108.2918595, 11.9407222 ], [ 108.2919482, 11.9406117 ], [ 108.2920435, 11.9405066 ], [ 108.2921451, 11.9404073 ], [ 108.2922146, 11.9403458 ], [ 108.2922865, 11.940287 ], [ 108.2924233, 11.9401619 ], [ 108.2925555, 11.940032 ], [ 108.2926323, 11.9399521 ], [ 108.2927156, 11.9398786 ], [ 108.2928047, 11.9398121 ], [ 108.2928991, 11.9397528 ], [ 108.2929981, 11.9397014 ], [ 108.2930927, 11.9396611 ], [ 108.2931845, 11.9396148 ], [ 108.2932728, 11.9395626 ], [ 108.2933575, 11.9395048 ], [ 108.293438, 11.9394416 ], [ 108.2935228, 11.9393647 ], [ 108.2936132, 11.9392942 ], [ 108.2937087, 11.9392303 ], [ 108.2938087, 11.9391735 ], [ 108.2939127, 11.9391241 ], [ 108.2939742, 11.939099 ], [ 108.2940367, 11.9390766 ], [ 108.2941577, 11.9390223 ], [ 108.2942754, 11.9389614 ], [ 108.2943894, 11.938894 ], [ 108.2944993, 11.9388205 ], [ 108.2946047, 11.9387409 ], [ 108.2946841, 11.9386745 ], [ 108.2947604, 11.9386048 ], [ 108.2948334, 11.9385317 ], [ 108.2950552, 11.9383156 ], [ 108.2952699, 11.9380927 ], [ 108.2953847, 11.9379676 ], [ 108.2954946, 11.9378383 ], [ 108.2955994, 11.937705 ], [ 108.2956991, 11.9375679 ], [ 108.2957679, 11.9374664 ], [ 108.2958431, 11.9373693 ], [ 108.2959244, 11.9372771 ], [ 108.2960115, 11.9371901 ], [ 108.2961041, 11.9371087 ], [ 108.2961698, 11.9370568 ], [ 108.2962407, 11.937012 ], [ 108.2963161, 11.9369748 ], [ 108.2963952, 11.9369457 ], [ 108.2964769, 11.936925 ], [ 108.2965295, 11.9369163 ], [ 108.29658, 11.9368993 ], [ 108.2966269, 11.9368744 ], [ 108.296669, 11.9368423 ], [ 108.2967052, 11.9368039 ], [ 108.2967344, 11.9367602 ], [ 108.2967558, 11.9367124 ], [ 108.2967683, 11.936666 ], [ 108.2967763, 11.9366186 ], [ 108.29678, 11.9365707 ], [ 108.2967779, 11.9365058 ], [ 108.2967832, 11.936441 ], [ 108.296796, 11.9363773 ], [ 108.2968161, 11.9363154 ], [ 108.2968431, 11.936256 ], [ 108.2968768, 11.9362001 ], [ 108.2969168, 11.9361482 ], [ 108.2969513, 11.9361117 ], [ 108.2969888, 11.9360782 ], [ 108.2970661, 11.9360137 ], [ 108.2971481, 11.9359551 ], [ 108.2972344, 11.9359027 ], [ 108.2973245, 11.9358569 ], [ 108.2974049, 11.9358228 ], [ 108.2974814, 11.9357812 ], [ 108.2975535, 11.9357325 ], [ 108.2976203, 11.9356771 ], [ 108.2976812, 11.9356155 ], [ 108.2977332, 11.9355517 ], [ 108.2977784, 11.9354832 ], [ 108.2978163, 11.9354106 ], [ 108.2978466, 11.9353346 ], [ 108.297869, 11.935256 ], [ 108.2978781, 11.93521 ], [ 108.2978961, 11.9351666 ], [ 108.2979223, 11.9351273 ], [ 108.2979557, 11.9350937 ], [ 108.297995, 11.935067 ], [ 108.2980184, 11.9350558 ], [ 108.2980428, 11.935047 ], [ 108.2980928, 11.9350332 ], [ 108.2981442, 11.9350258 ], [ 108.2981962, 11.935025 ], [ 108.2982279, 11.9350278 ], [ 108.2982592, 11.935033 ], [ 108.2983204, 11.9350498 ], [ 108.2983786, 11.9350749 ], [ 108.2984335, 11.9351087 ], [ 108.2984912, 11.9351379 ], [ 108.298524, 11.9351519 ], [ 108.298559, 11.9351591 ], [ 108.2985947, 11.9351594 ], [ 108.2986298, 11.9351527 ], [ 108.2986628, 11.9351392 ], [ 108.2986924, 11.9351195 ], [ 108.2987189, 11.9350925 ], [ 108.2987389, 11.9350605 ], [ 108.2987514, 11.935025 ], [ 108.2988088, 11.934944 ], [ 108.2988706, 11.9348661 ], [ 108.2989365, 11.9347915 ], [ 108.2990004, 11.9347262 ], [ 108.2990675, 11.934664 ], [ 108.2991376, 11.9346052 ], [ 108.2990272, 11.9344758 ], [ 108.2989225, 11.9343418 ], [ 108.2988238, 11.9342037 ], [ 108.298756, 11.9341008 ], [ 108.2986934, 11.9339949 ], [ 108.2986361, 11.9338861 ], [ 108.298579, 11.9337629 ], [ 108.2985288, 11.9336368 ], [ 108.2985718, 11.933628 ], [ 108.298613, 11.9336129 ], [ 108.2986514, 11.933592 ], [ 108.2986862, 11.9335656 ], [ 108.2987165, 11.9335345 ], [ 108.2987342, 11.933511 ], [ 108.2987493, 11.933486 ], [ 108.298789, 11.9334426 ], [ 108.2988131, 11.9334216 ], [ 108.2988388, 11.9334025 ], [ 108.2988938, 11.9333693 ], [ 108.2989528, 11.9333437 ], [ 108.2990148, 11.933326 ], [ 108.2990786, 11.9333167 ], [ 108.2991409, 11.9333157 ], [ 108.2992026, 11.9333069 ], [ 108.2992626, 11.9332906 ], [ 108.29932, 11.9332668 ], [ 108.29937, 11.9332386 ], [ 108.299422, 11.9332143 ], [ 108.2994869, 11.9331904 ], [ 108.2995496, 11.9331615 ], [ 108.2996097, 11.9331277 ], [ 108.2996557, 11.9330973 ], [ 108.299706, 11.9330743 ], [ 108.2997593, 11.9330593 ], [ 108.2998144, 11.9330525 ], [ 108.2998699, 11.9330542 ], [ 108.2999248, 11.9330645 ], [ 108.2999806, 11.9330661 ], [ 108.300036, 11.9330592 ], [ 108.3000896, 11.9330438 ], [ 108.30014, 11.9330204 ], [ 108.3001861, 11.9329895 ], [ 108.3002266, 11.9329519 ], [ 108.3002544, 11.9329176 ], [ 108.3002775, 11.9328801 ], [ 108.3003312, 11.9328102 ], [ 108.3003902, 11.9327393 ], [ 108.3004207, 11.9327014 ], [ 108.3004459, 11.9326599 ], [ 108.3004656, 11.9326156 ], [ 108.3004793, 11.9325692 ], [ 108.3004868, 11.9325215 ], [ 108.3004876, 11.932465 ], [ 108.3004922, 11.9324087 ], [ 108.3004996, 11.9323572 ], [ 108.3005159, 11.9323078 ], [ 108.3005404, 11.9322617 ], [ 108.3005575, 11.932238 ], [ 108.300578, 11.9322171 ], [ 108.3005988, 11.9322012 ], [ 108.3006215, 11.9321881 ], [ 108.3006608, 11.9321539 ], [ 108.3006952, 11.9321149 ], [ 108.3007241, 11.9320719 ], [ 108.300747, 11.9320255 ], [ 108.3007639, 11.9319752 ], [ 108.3007738, 11.9319232 ], [ 108.3007986, 11.9318058 ], [ 108.3008308, 11.9316902 ], [ 108.3008704, 11.9315768 ], [ 108.3009093, 11.931483 ], [ 108.3009546, 11.931392 ], [ 108.3010061, 11.9313041 ], [ 108.3010635, 11.9312199 ], [ 108.3011148, 11.9311537 ], [ 108.30116, 11.9310834 ], [ 108.3011882, 11.9310315 ], [ 108.301219, 11.9309811 ], [ 108.3012665, 11.9309136 ], [ 108.3013216, 11.9308521 ], [ 108.3013837, 11.9307971 ], [ 108.3014518, 11.9307496 ], [ 108.3015251, 11.9307102 ], [ 108.3016026, 11.9306793 ], [ 108.3016737, 11.9306595 ], [ 108.3017465, 11.9306469 ], [ 108.3018896, 11.9306111 ], [ 108.3019901, 11.9305836 ], [ 108.3020926, 11.9305647 ], [ 108.3021963, 11.9305544 ], [ 108.3023006, 11.9305527 ], [ 108.3024047, 11.9305597 ], [ 108.3025078, 11.9305754 ], [ 108.3026091, 11.9305996 ], [ 108.302708, 11.9306321 ], [ 108.3028036, 11.9306728 ], [ 108.3028954, 11.9307213 ], [ 108.3029713, 11.9307693 ], [ 108.3030433, 11.9308227 ], [ 108.3031111, 11.9308812 ], [ 108.3031744, 11.9309443 ], [ 108.3033768, 11.930862 ], [ 108.3035759, 11.9307721 ], [ 108.3037714, 11.9306749 ], [ 108.3039629, 11.9305706 ], [ 108.3041502, 11.9304591 ], [ 108.3043331, 11.9303408 ], [ 108.3044082, 11.9302893 ], [ 108.3044877, 11.9302446 ], [ 108.304571, 11.9302072 ], [ 108.3046574, 11.9301773 ], [ 108.3047462, 11.9301551 ], [ 108.3048367, 11.9301408 ], [ 108.3049282, 11.9301346 ], [ 108.3050198, 11.9301366 ], [ 108.3051109, 11.9301466 ], [ 108.3052062, 11.9301659 ], [ 108.3053027, 11.9301786 ], [ 108.3053998, 11.9301844 ], [ 108.3054972, 11.9301833 ], [ 108.3056044, 11.9301742 ], [ 108.3057117, 11.9301676 ], [ 108.3057798, 11.9301647 ], [ 108.3058478, 11.9301664 ], [ 108.3059156, 11.9301728 ], [ 108.3059794, 11.9301831 ], [ 108.306044, 11.9301856 ], [ 108.3061084, 11.9301803 ], [ 108.3061717, 11.9301671 ], [ 108.3062328, 11.9301464 ], [ 108.3062908, 11.9301184 ], [ 108.3063447, 11.9300836 ], [ 108.3063959, 11.9300406 ], [ 108.3064524, 11.9300044 ], [ 108.3065132, 11.9299757 ], [ 108.3065772, 11.9299551 ], [ 108.3066435, 11.9299427 ], [ 108.3067109, 11.9299389 ], [ 108.3067782, 11.9299437 ], [ 108.3068443, 11.929957 ], [ 108.306908, 11.9299786 ], [ 108.3069671, 11.9300074 ], [ 108.3070295, 11.9300284 ], [ 108.3070943, 11.9300411 ], [ 108.3071601, 11.9300454 ], [ 108.307226, 11.9300411 ], [ 108.3072907, 11.9300284 ], [ 108.3073532, 11.9300074 ], [ 108.3074123, 11.9299786 ], [ 108.3074554, 11.9299509 ], [ 108.3074954, 11.929919 ], [ 108.3075824, 11.9298649 ], [ 108.3076729, 11.9298165 ], [ 108.3077663, 11.9297739 ], [ 108.3078315, 11.9297484 ], [ 108.3078929, 11.9297151 ], [ 108.3079496, 11.9296746 ], [ 108.3080006, 11.9296275 ], [ 108.3080453, 11.9295745 ], [ 108.3080746, 11.9295305 ], [ 108.3080996, 11.9294839 ], [ 108.3081465, 11.9293895 ], [ 108.3081857, 11.9292918 ], [ 108.3082169, 11.9291913 ], [ 108.3082325, 11.9291264 ], [ 108.3082448, 11.9290609 ], [ 108.308277, 11.9289313 ], [ 108.3083135, 11.9288029 ], [ 108.3083672, 11.9286378 ], [ 108.3083956, 11.9285556 ], [ 108.3084281, 11.928475 ], [ 108.3084698, 11.9283851 ], [ 108.3085166, 11.9282977 ], [ 108.3085683, 11.9282129 ], [ 108.3086166, 11.9281364 ], [ 108.3086658, 11.9280738 ], [ 108.308713, 11.928021 ], [ 108.3087656, 11.9279735 ], [ 108.3088231, 11.9279317 ], [ 108.3088904, 11.9278933 ], [ 108.3089617, 11.9278627 ], [ 108.3090362, 11.9278404 ], [ 108.3091128, 11.9278267 ], [ 108.3091833, 11.9278067 ], [ 108.3092516, 11.9277802 ], [ 108.3093169, 11.9277472 ], [ 108.3093786, 11.9277083 ], [ 108.3094361, 11.9276636 ], [ 108.3094889, 11.9276137 ], [ 108.3095366, 11.927559 ], [ 108.3097526, 11.9273139 ], [ 108.3098213, 11.9272294 ], [ 108.3098942, 11.9271483 ], [ 108.3099711, 11.9270709 ], [ 108.3100761, 11.9269765 ], [ 108.3101872, 11.9268889 ], [ 108.3102476, 11.9268517 ], [ 108.3103037, 11.9268085 ], [ 108.3103612, 11.9267529 ], [ 108.3104116, 11.926691 ], [ 108.3104541, 11.9266237 ], [ 108.3104881, 11.9265519 ], [ 108.3105132, 11.9264767 ], [ 108.310529, 11.9263991 ], [ 108.3106987, 11.926417 ], [ 108.3108692, 11.9264256 ], [ 108.3110399, 11.9264249 ], [ 108.3112103, 11.9264148 ], [ 108.3113308, 11.926402 ], [ 108.3114506, 11.9263845 ], [ 108.3115106, 11.9263755 ], [ 108.3115697, 11.9263623 ], [ 108.3116479, 11.9263381 ], [ 108.3117234, 11.9263065 ], [ 108.3117954, 11.9262681 ], [ 108.3118634, 11.926223 ], [ 108.3119265, 11.9261717 ], [ 108.3119844, 11.9261148 ], [ 108.3120364, 11.9260527 ], [ 108.3120941, 11.9259954 ], [ 108.3121571, 11.9259436 ], [ 108.3122246, 11.9258978 ], [ 108.3122962, 11.9258583 ], [ 108.3123712, 11.9258254 ], [ 108.3124491, 11.9257994 ], [ 108.312529, 11.9257807 ], [ 108.3126104, 11.9257692 ], [ 108.3127351, 11.9257454 ], [ 108.3128582, 11.925714 ], [ 108.312979, 11.9256754 ], [ 108.3130972, 11.9256296 ], [ 108.3132123, 11.9255769 ], [ 108.3133239, 11.9255173 ], [ 108.3134293, 11.9254661 ], [ 108.3135366, 11.9254189 ], [ 108.3136457, 11.9253756 ], [ 108.3137551, 11.9253414 ], [ 108.3138668, 11.9253153 ], [ 108.3139801, 11.9252975 ], [ 108.3140945, 11.9252881 ], [ 108.3142094, 11.9252871 ], [ 108.3143239, 11.9252946 ], [ 108.3144376, 11.9253104 ], [ 108.3145497, 11.9253345 ], [ 108.3146597, 11.9253668 ], [ 108.3147669, 11.9254071 ], [ 108.3148826, 11.9254479 ], [ 108.3150002, 11.9254832 ], [ 108.315071, 11.9255021 ], [ 108.3151429, 11.925516 ], [ 108.3152249, 11.9255257 ], [ 108.3153073, 11.9255291 ], [ 108.3155635, 11.9255357 ], [ 108.3158934, 11.9257679 ], [ 108.3159523, 11.9258226 ], [ 108.3160061, 11.9258821 ], [ 108.31605, 11.9259395 ], [ 108.3160892, 11.9260002 ], [ 108.3161744, 11.9262151 ], [ 108.3161895, 11.9262624 ], [ 108.3161985, 11.9263112 ], [ 108.3162014, 11.9263607 ], [ 108.316198, 11.9264101 ], [ 108.3161884, 11.9264588 ], [ 108.3161708, 11.9265108 ], [ 108.3161461, 11.9265599 ], [ 108.3161148, 11.9266054 ], [ 108.3160775, 11.9266462 ], [ 108.3160349, 11.9266818 ], [ 108.3159878, 11.9267113 ], [ 108.315937, 11.9267343 ], [ 108.3154994, 11.9270304 ], [ 108.3154441, 11.9271299 ], [ 108.315383, 11.9272262 ], [ 108.3153268, 11.927305 ], [ 108.3152667, 11.9273811 ], [ 108.3152431, 11.9274236 ], [ 108.315225, 11.9274685 ], [ 108.3152126, 11.9275153 ], [ 108.3152062, 11.9275632 ], [ 108.3152058, 11.927614 ], [ 108.315212, 11.9276644 ], [ 108.3152248, 11.9277135 ], [ 108.3152713, 11.9279504 ], [ 108.3154575, 11.9282829 ], [ 108.315488, 11.9283686 ], [ 108.3155134, 11.9284559 ], [ 108.315535, 11.928551 ], [ 108.3155506, 11.9286472 ], [ 108.3155645, 11.9287019 ], [ 108.3155832, 11.9287551 ], [ 108.3156065, 11.9288066 ], [ 108.3156383, 11.9288622 ], [ 108.3156755, 11.9289145 ], [ 108.3157178, 11.9289629 ], [ 108.3157648, 11.929007 ], [ 108.316058, 11.9292621 ], [ 108.3162559, 11.9297016 ], [ 108.3163792, 11.9301508 ], [ 108.3163596, 11.9302057 ], [ 108.3163463, 11.9302624 ], [ 108.3163396, 11.9303202 ], [ 108.3163395, 11.9303784 ], [ 108.3163461, 11.9304363 ], [ 108.31636, 11.9304959 ], [ 108.3163809, 11.9305535 ], [ 108.3164086, 11.9306083 ], [ 108.3164427, 11.9306595 ], [ 108.3166027, 11.9308789 ], [ 108.3171345, 11.9319731 ], [ 108.3173536, 11.9321522 ], [ 108.3176466, 11.9326643 ], [ 108.3176668, 11.9327071 ], [ 108.3176828, 11.9327516 ], [ 108.3176943, 11.9327975 ], [ 108.3177015, 11.9328472 ], [ 108.3177036, 11.9328974 ], [ 108.3177004, 11.9329475 ], [ 108.3176661, 11.9337183 ], [ 108.3176667, 11.9338083 ], [ 108.3176761, 11.9338978 ], [ 108.3176942, 11.9339861 ], [ 108.3177209, 11.9340722 ], [ 108.3177518, 11.9341468 ], [ 108.3177891, 11.9342186 ], [ 108.3178325, 11.934287 ], [ 108.3178818, 11.9343515 ], [ 108.3179365, 11.9344117 ], [ 108.3180811, 11.9345764 ], [ 108.3181044, 11.9346146 ], [ 108.3181221, 11.9346556 ], [ 108.3181341, 11.9346985 ], [ 108.3181399, 11.9347415 ], [ 108.3181399, 11.934785 ], [ 108.3181341, 11.934828 ], [ 108.3181243, 11.9349157 ], [ 108.3181213, 11.9350038 ], [ 108.3181252, 11.935092 ], [ 108.318136, 11.9351795 ], [ 108.3181553, 11.9352732 ], [ 108.3181825, 11.935365 ], [ 108.3182173, 11.9354543 ], [ 108.318241, 11.9355059 ], [ 108.3182594, 11.9355596 ], [ 108.3182724, 11.9356148 ], [ 108.3182797, 11.935671 ], [ 108.3182813, 11.9357306 ], [ 108.3182766, 11.9357901 ], [ 108.3182656, 11.9358487 ], [ 108.3182485, 11.935906 ], [ 108.3182255, 11.9359612 ], [ 108.3179809, 11.9363599 ], [ 108.3177124, 11.9366282 ], [ 108.317355, 11.9368909 ], [ 108.3173251, 11.936906 ], [ 108.3172992, 11.936927 ], [ 108.3172785, 11.9369531 ], [ 108.3172641, 11.9369828 ], [ 108.3172566, 11.9370149 ], [ 108.3172564, 11.9370477 ], [ 108.3172634, 11.9370798 ], [ 108.3172773, 11.9371097 ], [ 108.3172974, 11.937136 ], [ 108.3173228, 11.9371574 ], [ 108.3179261, 11.9376218 ], [ 108.3181209, 11.9377217 ], [ 108.3181472, 11.937745 ], [ 108.31817, 11.9377716 ], [ 108.3181855, 11.9377949 ], [ 108.3181984, 11.9378197 ], [ 108.3182164, 11.937847 ], [ 108.3182381, 11.9378715 ], [ 108.3182597, 11.9378904 ], [ 108.3182835, 11.9379067 ], [ 108.3184953, 11.9380286 ], [ 108.318605, 11.9381176 ], [ 108.3186375, 11.9381356 ], [ 108.318673, 11.9381472 ], [ 108.3187041, 11.9381515 ], [ 108.3187354, 11.9381509 ], [ 108.3189264, 11.9381435 ], [ 108.3189893, 11.9381408 ], [ 108.3190521, 11.9381447 ], [ 108.3191141, 11.9381552 ], [ 108.3191746, 11.9381722 ], [ 108.3192283, 11.9381933 ], [ 108.3192795, 11.9382194 ], [ 108.3193278, 11.9382504 ], [ 108.3193727, 11.938286 ], [ 108.3194271, 11.9383199 ], [ 108.3194853, 11.938347 ], [ 108.3195341, 11.9383636 ], [ 108.3195844, 11.9383753 ], [ 108.3196356, 11.9383822 ], [ 108.3209688, 11.9383729 ], [ 108.3212808, 11.9383637 ], [ 108.321326, 11.9383666 ], [ 108.3213703, 11.9383753 ], [ 108.3214132, 11.9383896 ], [ 108.3214622, 11.938414 ], [ 108.3215067, 11.9384457 ], [ 108.3215456, 11.9384839 ], [ 108.3217914, 11.9387874 ], [ 108.3218563, 11.9388677 ], [ 108.3219275, 11.9389428 ], [ 108.3219839, 11.9389943 ], [ 108.3220432, 11.9390424 ], [ 108.3221053, 11.9390871 ], [ 108.3221672, 11.9391451 ], [ 108.3222226, 11.9392092 ], [ 108.3222586, 11.9392597 ], [ 108.3222906, 11.9393128 ], [ 108.3222988, 11.9393494 ], [ 108.322302, 11.9393868 ], [ 108.3222982, 11.9394369 ], [ 108.3222855, 11.9394855 ], [ 108.3222642, 11.9395311 ], [ 108.3221961, 11.9396865 ], [ 108.3222679, 11.9402305 ], [ 108.3222263, 11.9409039 ], [ 108.3222456, 11.9410391 ], [ 108.322259, 11.941175 ], [ 108.3222665, 11.9413113 ], [ 108.3222679, 11.9414479 ], [ 108.3222618, 11.9416126 ], [ 108.3222469, 11.9417768 ], [ 108.3222234, 11.9419401 ], [ 108.3221913, 11.9421019 ], [ 108.3221507, 11.9422619 ], [ 108.3221923, 11.9429909 ], [ 108.3221573, 11.9430725 ], [ 108.3221138, 11.9431501 ], [ 108.3220625, 11.943223 ], [ 108.3220164, 11.943277 ], [ 108.3219659, 11.9433272 ], [ 108.3219114, 11.9433731 ], [ 108.3218533, 11.9434146 ], [ 108.3214724, 11.943698 ], [ 108.3213311, 11.9437965 ], [ 108.3211952, 11.9439022 ], [ 108.3210652, 11.9440146 ], [ 108.3209413, 11.9441336 ], [ 108.3208396, 11.9442412 ], [ 108.320743, 11.9443533 ], [ 108.3206516, 11.9444695 ], [ 108.320613, 11.9445361 ], [ 108.320582, 11.9446065 ], [ 108.3205589, 11.9446797 ], [ 108.320544, 11.9447549 ], [ 108.3205375, 11.9448313 ], [ 108.3205394, 11.9449079 ], [ 108.3205497, 11.9449838 ], [ 108.3205687, 11.9450593 ], [ 108.320596, 11.9451323 ], [ 108.3206313, 11.9452019 ], [ 108.3206741, 11.9452674 ], [ 108.320724, 11.9453279 ], [ 108.3207804, 11.9453827 ], [ 108.3212686, 11.9456923 ], [ 108.3221456, 11.9460859 ], [ 108.322208, 11.9461097 ], [ 108.3222675, 11.9461398 ], [ 108.3223234, 11.9461759 ], [ 108.3223751, 11.9462176 ], [ 108.3224219, 11.9462644 ], [ 108.3224703, 11.9463255 ], [ 108.3225106, 11.9463921 ], [ 108.322542, 11.946463 ], [ 108.3225641, 11.9465373 ], [ 108.3228511, 11.9475134 ], [ 108.3229476, 11.9477864 ], [ 108.3229369, 11.9481117 ], [ 108.3229142, 11.9482554 ], [ 108.3228819, 11.9483973 ], [ 108.3228403, 11.9485368 ], [ 108.3227958, 11.9486581 ], [ 108.3227441, 11.9487766 ], [ 108.3226856, 11.948892 ], [ 108.3226204, 11.9490039 ], [ 108.3224273, 11.9493241 ], [ 108.3224089, 11.9493521 ], [ 108.3223962, 11.9493829 ], [ 108.3223895, 11.9494155 ], [ 108.3223892, 11.9494488 ], [ 108.3223951, 11.9494815 ], [ 108.3224072, 11.9495129 ], [ 108.3224251, 11.9495415 ], [ 108.3224482, 11.9495663 ], [ 108.3224755, 11.9495865 ], [ 108.3227062, 11.9497124 ], [ 108.3230925, 11.9500798 ], [ 108.3231441, 11.9501326 ], [ 108.3231905, 11.9501898 ], [ 108.3232314, 11.9502509 ], [ 108.3232665, 11.9503154 ], [ 108.3232953, 11.9503828 ], [ 108.3233178, 11.9504524 ], [ 108.3233352, 11.9505334 ], [ 108.323344, 11.9506157 ], [ 108.323344, 11.9506985 ], [ 108.3233352, 11.9507808 ], [ 108.3233178, 11.9508618 ], [ 108.3232105, 11.9512764 ], [ 108.3231085, 11.9516543 ], [ 108.3230915, 11.9517212 ], [ 108.3230821, 11.9517895 ], [ 108.3230807, 11.9518585 ], [ 108.3230871, 11.9519272 ], [ 108.3231011, 11.9519941 ], [ 108.3231227, 11.9520591 ], [ 108.3231515, 11.9521213 ], [ 108.3232856, 11.9522893 ], [ 108.3231997, 11.9525832 ], [ 108.323169, 11.9526655 ], [ 108.3231328, 11.9527457 ], [ 108.3230911, 11.9528233 ], [ 108.3230442, 11.9528981 ], [ 108.3229836, 11.9529806 ], [ 108.3229166, 11.9530583 ], [ 108.3228437, 11.9531306 ], [ 108.3227652, 11.9531972 ], [ 108.3223414, 11.9535436 ], [ 108.3222899, 11.953586 ], [ 108.3222439, 11.9536342 ], [ 108.3222041, 11.9536873 ], [ 108.322171, 11.9537447 ], [ 108.3221452, 11.9538056 ], [ 108.3221269, 11.953869 ], [ 108.322116, 11.9539385 ], [ 108.3221142, 11.9540089 ], [ 108.3221215, 11.9540789 ], [ 108.3226258, 11.9549501 ], [ 108.3226743, 11.9550158 ], [ 108.3227283, 11.9550774 ], [ 108.3227874, 11.9551343 ], [ 108.3228511, 11.9551862 ], [ 108.3229141, 11.9552297 ], [ 108.3229804, 11.9552683 ], [ 108.3230495, 11.9553017 ], [ 108.3233714, 11.9554749 ], [ 108.3234226, 11.9555117 ], [ 108.3234709, 11.955552 ], [ 108.3235162, 11.9555956 ], [ 108.3235593, 11.9556434 ], [ 108.3235987, 11.9556943 ], [ 108.3236343, 11.9557478 ], [ 108.3238649, 11.9561256 ], [ 108.3245569, 11.9567606 ], [ 108.3246272, 11.956836 ], [ 108.3246935, 11.9569148 ], [ 108.3247554, 11.9569968 ], [ 108.3248138, 11.9570832 ], [ 108.3248675, 11.9571725 ], [ 108.3249164, 11.9572645 ], [ 108.3249612, 11.9573376 ], [ 108.3250132, 11.9574061 ], [ 108.3250719, 11.9574691 ], [ 108.3251301, 11.9575207 ], [ 108.3251927, 11.9575671 ], [ 108.3252593, 11.9576077 ], [ 108.3253294, 11.9576423 ], [ 108.3255976, 11.9577368 ], [ 108.3262629, 11.9581908 ], [ 108.3266437, 11.9589596 ], [ 108.3266504, 11.9590113 ], [ 108.326649, 11.9590635 ], [ 108.3266396, 11.9591149 ], [ 108.3266222, 11.9591642 ], [ 108.3265964, 11.9592121 ], [ 108.3265632, 11.9592554 ], [ 108.3265235, 11.9592931 ], [ 108.3264782, 11.9593242 ], [ 108.3264284, 11.9593479 ], [ 108.3263755, 11.9593637 ], [ 108.3257854, 11.9594739 ], [ 108.3252436, 11.9597782 ], [ 108.3251746, 11.9598205 ], [ 108.3251094, 11.9598681 ], [ 108.3250482, 11.9599206 ], [ 108.3249915, 11.9599777 ], [ 108.3249368, 11.9600426 ], [ 108.324888, 11.9601118 ], [ 108.3248453, 11.9601848 ], [ 108.3248091, 11.9602611 ], [ 108.324734, 11.9605208 ], [ 108.3247121, 11.9605782 ], [ 108.324683, 11.9606324 ], [ 108.3246472, 11.9606827 ], [ 108.3246052, 11.9607281 ], [ 108.3245604, 11.9607662 ], [ 108.3245112, 11.9607987 ], [ 108.3244584, 11.9608253 ], [ 108.3244028, 11.9608456 ], [ 108.324345, 11.9608593 ], [ 108.3247501, 11.9613159 ], [ 108.3250987, 11.9617515 ], [ 108.3251385, 11.9617995 ], [ 108.3251835, 11.961843 ], [ 108.325233, 11.9618813 ], [ 108.3252865, 11.9619142 ], [ 108.3253477, 11.9619428 ], [ 108.325412, 11.9619642 ], [ 108.3254783, 11.961978 ], [ 108.3255459, 11.9619841 ], [ 108.3256137, 11.9619824 ], [ 108.3257772, 11.961971 ], [ 108.325941, 11.9619666 ], [ 108.3260825, 11.9619684 ], [ 108.3262238, 11.9619754 ], [ 108.3263648, 11.9619876 ], [ 108.3265901, 11.9619719 ], [ 108.3268475, 11.9618932 ], [ 108.3271158, 11.9620926 ], [ 108.3274645, 11.962439 ], [ 108.3277997, 11.9625675 ], [ 108.3280304, 11.9626935 ], [ 108.3284301, 11.9628483 ], [ 108.3284763, 11.9628852 ], [ 108.3285177, 11.9629274 ], [ 108.3285534, 11.9629742 ], [ 108.3285803, 11.9630195 ], [ 108.3286019, 11.9630673 ], [ 108.328618, 11.9631171 ], [ 108.3286285, 11.9631684 ], [ 108.3286539, 11.9632941 ], [ 108.3286768, 11.9634203 ], [ 108.3287065, 11.9636115 ], [ 108.3287305, 11.9638034 ], [ 108.3287385, 11.9638759 ], [ 108.3287546, 11.963947 ], [ 108.3287787, 11.9640159 ], [ 108.3288057, 11.9640731 ], [ 108.3288382, 11.9641275 ], [ 108.3288758, 11.9641785 ], [ 108.3289182, 11.9642259 ], [ 108.3291703, 11.9645066 ], [ 108.3292424, 11.9645756 ], [ 108.3293205, 11.9646378 ], [ 108.329386, 11.9646818 ], [ 108.3294546, 11.9647211 ], [ 108.3295259, 11.9647555 ], [ 108.3295995, 11.9647848 ], [ 108.3298784, 11.9648425 ], [ 108.3300375, 11.9648787 ], [ 108.3301949, 11.9649212 ], [ 108.3303362, 11.9649652 ], [ 108.3304758, 11.9650142 ], [ 108.3306134, 11.9650682 ], [ 108.3309191, 11.9652098 ], [ 108.3319759, 11.9655824 ], [ 108.3320466, 11.9656043 ], [ 108.3321195, 11.9656174 ], [ 108.3321934, 11.9656215 ], [ 108.3322674, 11.9656165 ], [ 108.3323401, 11.9656026 ], [ 108.3324104, 11.9655798 ], [ 108.3324724, 11.9655513 ], [ 108.3325305, 11.965516 ], [ 108.3325842, 11.9654744 ], [ 108.3326325, 11.965427 ], [ 108.3326749, 11.9653744 ], [ 108.3327109, 11.9653174 ], [ 108.3330381, 11.9647375 ], [ 108.3330776, 11.9646917 ], [ 108.3331235, 11.9646521 ], [ 108.3331749, 11.9646195 ], [ 108.3332192, 11.9645989 ], [ 108.3332657, 11.9645836 ], [ 108.3333138, 11.9645738 ], [ 108.3333626, 11.9645696 ], [ 108.3340627, 11.9645171 ], [ 108.3343041, 11.9645171 ], [ 108.3346367, 11.9644594 ], [ 108.3350605, 11.9643859 ], [ 108.3353448, 11.9642442 ], [ 108.3358169, 11.9642075 ], [ 108.3364552, 11.9642075 ], [ 108.3367449, 11.9638244 ], [ 108.3368615, 11.9637974 ], [ 108.3369756, 11.9637614 ], [ 108.3370792, 11.9637198 ], [ 108.3371794, 11.9636708 ], [ 108.3372756, 11.9636146 ], [ 108.3373672, 11.9635515 ], [ 108.3374195, 11.9635219 ], [ 108.3374752, 11.963499 ], [ 108.3375335, 11.9634833 ], [ 108.3375897, 11.9634753 ], [ 108.3376466, 11.9634739 ], [ 108.3377032, 11.9634792 ], [ 108.3377587, 11.9634912 ], [ 108.3378124, 11.9635095 ], [ 108.3378595, 11.9635394 ], [ 108.3379027, 11.9635745 ], [ 108.3379412, 11.9636145 ], [ 108.3379763, 11.9636615 ], [ 108.3380051, 11.9637125 ], [ 108.338027, 11.9637667 ], [ 108.3382147, 11.9639766 ], [ 108.338246, 11.964016 ], [ 108.3382695, 11.9640602 ], [ 108.3382845, 11.9641078 ], [ 108.33829, 11.964146 ], [ 108.33829, 11.9641846 ], [ 108.3382846, 11.9642229 ], [ 108.3382738, 11.96426 ], [ 108.3382201, 11.9643912 ], [ 108.3382047, 11.9644231 ], [ 108.3381949, 11.9644572 ], [ 108.3381911, 11.9644923 ], [ 108.3381933, 11.9645276 ], [ 108.3382022, 11.9645642 ], [ 108.3382175, 11.9645987 ], [ 108.3382389, 11.9646299 ], [ 108.3382621, 11.9646691 ], [ 108.3382784, 11.9647115 ], [ 108.3382872, 11.9647559 ], [ 108.3382883, 11.9648004 ], [ 108.338282, 11.9648446 ], [ 108.3382684, 11.9648871 ], [ 108.338255, 11.9649684 ], [ 108.3382452, 11.9650318 ], [ 108.3382308, 11.9650944 ], [ 108.338203, 11.9651812 ], [ 108.3381665, 11.9652649 ], [ 108.3381492, 11.9653009 ], [ 108.3381366, 11.9653387 ], [ 108.3381289, 11.9653778 ], [ 108.3381264, 11.9654274 ], [ 108.3381318, 11.9654768 ], [ 108.338145, 11.9655247 ], [ 108.3381772, 11.9656489 ], [ 108.3381998, 11.9657751 ], [ 108.3382128, 11.9659025 ], [ 108.338216, 11.9660306 ], [ 108.3382095, 11.9661585 ], [ 108.3381933, 11.9662857 ], [ 108.3381711, 11.9663959 ], [ 108.3381417, 11.9665044 ], [ 108.3381051, 11.9666109 ], [ 108.3380614, 11.9667148 ], [ 108.3380109, 11.9668157 ], [ 108.3376837, 11.9674087 ], [ 108.33763, 11.9676553 ], [ 108.337115, 11.9684268 ], [ 108.3370827, 11.9684767 ], [ 108.3370437, 11.9685219 ], [ 108.3369988, 11.9685615 ], [ 108.3369487, 11.9685947 ], [ 108.3368893, 11.968623 ], [ 108.3368263, 11.9686424 ], [ 108.336761, 11.9686524 ], [ 108.3363479, 11.9686524 ], [ 108.3361441, 11.9686104 ], [ 108.3360537, 11.9685862 ], [ 108.3359617, 11.9685685 ], [ 108.3358534, 11.9685561 ], [ 108.3357444, 11.9685527 ], [ 108.3356825, 11.968552 ], [ 108.335621, 11.9685588 ], [ 108.3355609, 11.9685731 ], [ 108.335503, 11.9685947 ], [ 108.335442, 11.9686271 ], [ 108.3353862, 11.9686676 ], [ 108.3353367, 11.9687154 ], [ 108.3350766, 11.969004 ], [ 108.3349022, 11.9691116 ], [ 108.3348619, 11.9691302 ], [ 108.3348255, 11.9691552 ], [ 108.3347939, 11.9691861 ], [ 108.3347683, 11.9692217 ], [ 108.3347493, 11.9692612 ], [ 108.3347378, 11.9693018 ], [ 108.3347334, 11.9693438 ], [ 108.3347362, 11.9693859 ], [ 108.334746, 11.9694269 ], [ 108.3347627, 11.9694658 ], [ 108.3349317, 11.9699119 ], [ 108.3351088, 11.9702215 ], [ 108.3352965, 11.9703842 ], [ 108.3357552, 11.9711163 ], [ 108.3359027, 11.971418 ], [ 108.3359255, 11.9714607 ], [ 108.3359524, 11.9715011 ], [ 108.3359832, 11.9715387 ], [ 108.3360206, 11.9715761 ], [ 108.3360619, 11.9716095 ], [ 108.3361065, 11.9716384 ], [ 108.3361734, 11.9716824 ], [ 108.3362353, 11.9717329 ], [ 108.336284, 11.971781 ], [ 108.3363282, 11.9718332 ], [ 108.3363675, 11.971889 ], [ 108.3364016, 11.971948 ], [ 108.3366752, 11.9725095 ], [ 108.3367529, 11.9727326 ], [ 108.3368844, 11.9729871 ], [ 108.3370399, 11.9731655 ], [ 108.3372545, 11.9733754 ], [ 108.3373994, 11.973685 ], [ 108.3376193, 11.9740471 ], [ 108.3376397, 11.9740888 ], [ 108.3376541, 11.9741328 ], [ 108.3376622, 11.9741783 ], [ 108.3376636, 11.9742317 ], [ 108.3376564, 11.9742846 ], [ 108.3376408, 11.9743357 ], [ 108.3376292, 11.9743717 ], [ 108.3376247, 11.9744092 ], [ 108.3376263, 11.9744403 ], [ 108.3376327, 11.9744709 ], [ 108.3376419, 11.9744863 ], [ 108.3376552, 11.9744985 ], [ 108.3376716, 11.9745063 ], [ 108.3376935, 11.974509 ], [ 108.337715, 11.9745039 ], [ 108.3377333, 11.9744918 ], [ 108.3377642, 11.9744726 ], [ 108.337799, 11.9744617 ], [ 108.3378252, 11.9744593 ], [ 108.3378513, 11.9744617 ], [ 108.3378714, 11.9744675 ], [ 108.3378889, 11.9744787 ], [ 108.3379036, 11.9744968 ], [ 108.3379115, 11.9745186 ], [ 108.3379117, 11.9745417 ], [ 108.3378902, 11.9746585 ], [ 108.3378863, 11.97469 ], [ 108.3378872, 11.9747217 ], [ 108.3378929, 11.9747529 ], [ 108.3379041, 11.974785 ], [ 108.3379203, 11.974815 ], [ 108.3379412, 11.9748421 ], [ 108.3380029, 11.9749392 ], [ 108.3380237, 11.9749695 ], [ 108.3380404, 11.9750022 ], [ 108.3380544, 11.9750434 ], [ 108.3380619, 11.9750861 ], [ 108.3380653, 11.9751063 ], [ 108.3380747, 11.9751245 ], [ 108.3380892, 11.9751393 ], [ 108.3381075, 11.9751491 ], [ 108.3381295, 11.9751533 ], [ 108.3381517, 11.9751505 ], [ 108.3381719, 11.9751409 ], [ 108.3381879, 11.9751255 ], [ 108.3382577, 11.9750652 ], [ 108.3382742, 11.9750506 ], [ 108.3382945, 11.9750416 ], [ 108.3383167, 11.9750389 ], [ 108.3383367, 11.9750423 ], [ 108.338355, 11.9750509 ], [ 108.3383702, 11.9750641 ], [ 108.338381, 11.9750809 ], [ 108.3383878, 11.9751104 ], [ 108.3383875, 11.9751287 ], [ 108.3383928, 11.9751463 ], [ 108.3384032, 11.9751616 ], [ 108.3384217, 11.9751752 ], [ 108.3384441, 11.9751813 ], [ 108.3385165, 11.9752252 ], [ 108.3385488, 11.9752509 ], [ 108.3385764, 11.9752815 ], [ 108.3385985, 11.9753161 ], [ 108.3386144, 11.9753538 ], [ 108.3386243, 11.975397 ], [ 108.3386261, 11.9754412 ], [ 108.3386198, 11.975485 ], [ 108.3386151, 11.9755347 ], [ 108.3386144, 11.9755847 ], [ 108.3386184, 11.9756405 ], [ 108.3386273, 11.9756957 ], [ 108.3386412, 11.97575 ], [ 108.338652, 11.9758418 ], [ 108.3386546, 11.9759258 ], [ 108.3386655, 11.9759646 ], [ 108.3386817, 11.9760015 ], [ 108.3387029, 11.976036 ], [ 108.3387323, 11.9760708 ], [ 108.3387668, 11.9761008 ], [ 108.3388056, 11.9761253 ], [ 108.3388478, 11.9761436 ], [ 108.3389233, 11.9761681 ], [ 108.3390008, 11.9761864 ], [ 108.3390795, 11.9761984 ], [ 108.3391589, 11.9762039 ], [ 108.3392385, 11.976203 ], [ 108.3393177, 11.9761956 ], [ 108.339396, 11.9761819 ], [ 108.3394729, 11.9761619 ], [ 108.3395478, 11.9761357 ], [ 108.3400708, 11.9759678 ], [ 108.340175, 11.9759429 ], [ 108.3402806, 11.9759253 ], [ 108.3403873, 11.9759153 ], [ 108.3405022, 11.9759128 ], [ 108.340617, 11.9759191 ], [ 108.3407309, 11.9759339 ], [ 108.3408433, 11.9759573 ], [ 108.3421147, 11.9763613 ], [ 108.3428389, 11.9774371 ], [ 108.3431339, 11.9778254 ], [ 108.3435845, 11.9783502 ], [ 108.3440459, 11.9783187 ], [ 108.3446172, 11.9782347 ], [ 108.3447167, 11.9782203 ], [ 108.3448171, 11.9782151 ], [ 108.3449176, 11.978219 ], [ 108.3450044, 11.9782298 ], [ 108.3450901, 11.9782475 ], [ 108.345174, 11.978272 ], [ 108.3452556, 11.978303 ], [ 108.3453404, 11.9783472 ], [ 108.3454226, 11.9783962 ], [ 108.3455016, 11.9784497 ], [ 108.3455774, 11.9785076 ], [ 108.345653, 11.9785728 ], [ 108.3457244, 11.9786424 ], [ 108.3457914, 11.9787161 ], [ 108.3458537, 11.9787936 ], [ 108.3459082, 11.9788709 ], [ 108.3459583, 11.978951 ], [ 108.3459991, 11.9790249 ], [ 108.3460361, 11.9791006 ], [ 108.3461112, 11.9794469 ], [ 108.3461488, 11.9796181 ], [ 108.3461916, 11.979788 ], [ 108.3462473, 11.9799819 ], [ 108.3463097, 11.9801737 ], [ 108.34635, 11.9802444 ], [ 108.3463982, 11.9803102 ], [ 108.3464441, 11.9803609 ], [ 108.3464947, 11.9804072 ], [ 108.3470178, 11.980465 ], [ 108.347149, 11.9804766 ], [ 108.3472806, 11.9804807 ], [ 108.3474177, 11.9804769 ], [ 108.3475542, 11.980465 ], [ 108.3482194, 11.98036 ], [ 108.3489919, 11.9803285 ], [ 108.3495015, 11.9800189 ], [ 108.3500433, 11.9795939 ], [ 108.351084, 11.9789064 ], [ 108.3518779, 11.9782452 ], [ 108.352586, 11.977626 ], [ 108.3526509, 11.9775685 ], [ 108.3527213, 11.9775175 ], [ 108.3527965, 11.9774736 ], [ 108.3528757, 11.9774371 ], [ 108.3529521, 11.9774103 ], [ 108.3530306, 11.9773905 ], [ 108.3531107, 11.9773778 ], [ 108.3531916, 11.9773723 ], [ 108.3532727, 11.9773741 ], [ 108.3538842, 11.9773321 ], [ 108.3544367, 11.9771013 ], [ 108.354882, 11.9765817 ], [ 108.3548924, 11.9764886 ], [ 108.3548941, 11.976395 ], [ 108.354887, 11.9763015 ], [ 108.3548713, 11.9762092 ], [ 108.3548479, 11.9761215 ], [ 108.3548166, 11.9760362 ], [ 108.3547778, 11.9759539 ], [ 108.3547317, 11.9758753 ], [ 108.3546787, 11.975801 ], [ 108.3546191, 11.9757316 ], [ 108.3549088, 11.975485 ], [ 108.3556223, 11.9752698 ], [ 108.3557481, 11.9752542 ], [ 108.3558744, 11.9752436 ], [ 108.3560219, 11.9752375 ], [ 108.3561695, 11.9752383 ], [ 108.3565181, 11.9751071 ], [ 108.3566415, 11.97485 ], [ 108.3566576, 11.974404 ], [ 108.3567488, 11.9739474 ], [ 108.3567113, 11.9735013 ], [ 108.356714, 11.9734522 ], [ 108.3567231, 11.9734039 ], [ 108.3567383, 11.973357 ], [ 108.3567595, 11.9733124 ], [ 108.3567887, 11.9732677 ], [ 108.3568238, 11.9732274 ], [ 108.3568643, 11.9731921 ], [ 108.3569093, 11.9731625 ], [ 108.356958, 11.9731393 ], [ 108.3570774, 11.9730669 ], [ 108.3571932, 11.9729891 ], [ 108.357305, 11.972906 ], [ 108.3574127, 11.9728178 ], [ 108.3575159, 11.9727247 ], [ 108.3576354, 11.9726049 ], [ 108.3577477, 11.9724786 ], [ 108.3578523, 11.9723462 ], [ 108.3579489, 11.972208 ], [ 108.3580371, 11.9720647 ], [ 108.3581167, 11.9719165 ], [ 108.358224, 11.9716909 ], [ 108.3582624, 11.9716538 ], [ 108.3583056, 11.9716221 ], [ 108.3583528, 11.9715964 ], [ 108.3584096, 11.9715753 ], [ 108.3584691, 11.971563 ], [ 108.3585298, 11.9715597 ], [ 108.3586501, 11.9715601 ], [ 108.3587702, 11.9715688 ], [ 108.3588892, 11.9715859 ], [ 108.3589873, 11.9716065 ], [ 108.359084, 11.9716328 ], [ 108.3591789, 11.9716646 ], [ 108.3592345, 11.9716879 ], [ 108.3592866, 11.9717178 ], [ 108.3593345, 11.9717539 ], [ 108.3593683, 11.9717859 ], [ 108.3593988, 11.971821 ], [ 108.3594257, 11.9718588 ], [ 108.3595447, 11.9718947 ], [ 108.3596663, 11.9719216 ], [ 108.3597895, 11.9719395 ], [ 108.3599138, 11.971948 ], [ 108.3600275, 11.9719477 ], [ 108.3601408, 11.9719398 ], [ 108.3602533, 11.9719241 ], [ 108.3603644, 11.9719008 ], [ 108.3604519, 11.9718635 ], [ 108.3605361, 11.9718197 ], [ 108.3606166, 11.9717696 ], [ 108.3606889, 11.9717166 ], [ 108.3607571, 11.9716584 ], [ 108.3608207, 11.9715955 ], [ 108.3608794, 11.9715282 ], [ 108.3611476, 11.9712343 ], [ 108.3620167, 11.9707358 ], [ 108.3628803, 11.9703999 ], [ 108.3629681, 11.9703693 ], [ 108.3630532, 11.9703322 ], [ 108.3631352, 11.9702889 ], [ 108.3632137, 11.9702397 ], [ 108.363288, 11.9701848 ], [ 108.3633644, 11.9701185 ], [ 108.3634349, 11.9700462 ], [ 108.363499, 11.9699684 ], [ 108.3635563, 11.9698857 ], [ 108.3637762, 11.9694816 ], [ 108.3642429, 11.9691615 ], [ 108.3646613, 11.9688623 ], [ 108.3655357, 11.9686052 ], [ 108.3662599, 11.968579 ], [ 108.3668607, 11.9694606 ], [ 108.3671611, 11.9697964 ], [ 108.3674133, 11.9702215 ], [ 108.3681267, 11.9704367 ], [ 108.368209, 11.970481 ], [ 108.3682877, 11.9705311 ], [ 108.368368, 11.9705911 ], [ 108.3684432, 11.9706571 ], [ 108.3688134, 11.9709614 ], [ 108.3694062, 11.9713025 ], [ 108.3699077, 11.9708093 ], [ 108.3701867, 11.9704577 ], [ 108.3703208, 11.9700903 ], [ 108.3709162, 11.9692874 ], [ 108.3711898, 11.9686734 ], [ 108.3712035, 11.9686127 ], [ 108.3712117, 11.968551 ], [ 108.3712143, 11.9684889 ], [ 108.3712113, 11.9684268 ], [ 108.3712008, 11.9683551 ], [ 108.3711828, 11.9682849 ], [ 108.3711576, 11.9682169 ], [ 108.3710879, 11.9680752 ], [ 108.3710626, 11.9680162 ], [ 108.3710447, 11.9679547 ], [ 108.3710343, 11.9678915 ], [ 108.3710315, 11.9678358 ], [ 108.3710346, 11.9677801 ], [ 108.3710436, 11.967725 ], [ 108.3710584, 11.9676711 ], [ 108.3710833, 11.9675758 ], [ 108.371104, 11.9674795 ], [ 108.3711174, 11.9674023 ], [ 108.3711281, 11.9673247 ], [ 108.3720481, 11.9668577 ], [ 108.3721511, 11.9667737 ], [ 108.3722483, 11.9666833 ], [ 108.3723393, 11.966587 ], [ 108.3724236, 11.9664851 ], [ 108.3724973, 11.9663836 ], [ 108.3725644, 11.9662779 ], [ 108.3726247, 11.9661683 ], [ 108.372678, 11.9660553 ], [ 108.3727241, 11.9659393 ], [ 108.3727498, 11.965875 ], [ 108.3727821, 11.9658135 ], [ 108.3728206, 11.9657556 ], [ 108.3728713, 11.965695 ], [ 108.3729288, 11.9656406 ], [ 108.3729923, 11.9655929 ], [ 108.3737326, 11.9650891 ], [ 108.373772, 11.9650506 ], [ 108.3738061, 11.9650076 ], [ 108.3738345, 11.9649606 ], [ 108.3738566, 11.9649106 ], [ 108.373872, 11.9648582 ], [ 108.3738812, 11.9647977 ], [ 108.3738816, 11.9647364 ], [ 108.3738731, 11.9646757 ], [ 108.3738559, 11.9646168 ], [ 108.3738238, 11.9644437 ], [ 108.3738122, 11.9643852 ], [ 108.3738074, 11.9643259 ], [ 108.3738095, 11.9642664 ], [ 108.3738184, 11.9642075 ], [ 108.3738335, 11.9641514 ], [ 108.3738548, 11.9640973 ], [ 108.3738821, 11.9640458 ], [ 108.373915, 11.9639976 ], [ 108.3740222, 11.9638428 ], [ 108.3740484, 11.963795 ], [ 108.37407, 11.963745 ], [ 108.3740866, 11.9636932 ], [ 108.3740992, 11.9636345 ], [ 108.3741055, 11.9635748 ], [ 108.3741054, 11.9635148 ], [ 108.374092, 11.9627984 ], [ 108.373687, 11.9622999 ], [ 108.3738425, 11.9620978 ], [ 108.3750629, 11.9616413 ], [ 108.3761358, 11.9614891 ], [ 108.3766025, 11.9614733 ], [ 108.3773857, 11.9610955 ], [ 108.3783942, 11.9604657 ], [ 108.3793116, 11.960471 ], [ 108.3793734, 11.9604651 ], [ 108.379434, 11.9604516 ], [ 108.3794924, 11.9604307 ], [ 108.3795476, 11.9604027 ], [ 108.3796039, 11.9603642 ], [ 108.3796541, 11.9603184 ], [ 108.3796973, 11.9602662 ], [ 108.3797608, 11.9601771 ], [ 108.3801028, 11.9605025 ], [ 108.3801595, 11.9605479 ], [ 108.3802204, 11.9605878 ], [ 108.380285, 11.9606217 ], [ 108.3803526, 11.9606494 ], [ 108.3804226, 11.9606705 ], [ 108.3804944, 11.9606848 ], [ 108.3805734, 11.9606926 ], [ 108.3806528, 11.9606923 ], [ 108.3807317, 11.9606838 ], [ 108.3808093, 11.9606673 ], [ 108.3808847, 11.9606428 ], [ 108.3809993, 11.9605924 ], [ 108.3811113, 11.9605366 ], [ 108.3812335, 11.9604677 ], [ 108.3813516, 11.9603924 ], [ 108.3814654, 11.9603109 ], [ 108.3816635, 11.9601925 ], [ 108.3818637, 11.9600774 ], [ 108.3821117, 11.959941 ], [ 108.3823626, 11.9598097 ], [ 108.3824523, 11.9597617 ], [ 108.3825371, 11.9597055 ], [ 108.382616, 11.9596418 ], [ 108.3826775, 11.9595827 ], [ 108.382734, 11.959519 ], [ 108.3827852, 11.9594511 ], [ 108.3828306, 11.9593794 ], [ 108.3829218, 11.9592272 ], [ 108.3829624, 11.9591881 ], [ 108.3830088, 11.9591559 ], [ 108.3830599, 11.9591314 ], [ 108.3831111, 11.959116 ], [ 108.3831641, 11.9591084 ], [ 108.3832176, 11.9591086 ], [ 108.3832705, 11.9591168 ], [ 108.3833215, 11.9591327 ], [ 108.3834698, 11.959198 ], [ 108.3836165, 11.9592666 ], [ 108.3837717, 11.9593435 ], [ 108.383925, 11.959424 ], [ 108.3839677, 11.9594531 ], [ 108.3840054, 11.9594883 ], [ 108.3840297, 11.9595179 ], [ 108.3840503, 11.9595499 ], [ 108.3841959, 11.9597887 ], [ 108.3842339, 11.9598311 ], [ 108.3842764, 11.9598691 ], [ 108.3843229, 11.9599024 ], [ 108.3843729, 11.9599304 ], [ 108.3844344, 11.9599561 ], [ 108.3844987, 11.9599739 ], [ 108.3845649, 11.9599835 ], [ 108.3846317, 11.9599849 ], [ 108.3850797, 11.9599396 ], [ 108.3851125, 11.9599378 ], [ 108.3851454, 11.9599396 ], [ 108.385179, 11.9599453 ], [ 108.3852118, 11.9599547 ], [ 108.3852413, 11.9599686 ], [ 108.3852726, 11.9599783 ], [ 108.385305, 11.9599836 ], [ 108.3853412, 11.9599841 ], [ 108.385377, 11.959979 ], [ 108.3854116, 11.9599685 ], [ 108.3855128, 11.9599245 ], [ 108.3855785, 11.959897 ], [ 108.3856035, 11.9598792 ], [ 108.3856235, 11.9598563 ], [ 108.3856354, 11.9598347 ], [ 108.3856428, 11.9598112 ], [ 108.3856456, 11.9597868 ], [ 108.3856872, 11.9595342 ], [ 108.3857047, 11.9594587 ], [ 108.3857254, 11.959384 ], [ 108.3857475, 11.959315 ], [ 108.3857723, 11.9592469 ], [ 108.3857872, 11.9591587 ], [ 108.3858106, 11.9590724 ], [ 108.3858363, 11.9590027 ], [ 108.3858677, 11.9589352 ], [ 108.3859044, 11.9588703 ], [ 108.3859983, 11.9587391 ], [ 108.3860204, 11.958694 ], [ 108.3860385, 11.9586473 ], [ 108.3860573, 11.9585791 ], [ 108.3860852, 11.9585325 ], [ 108.386119, 11.9584899 ], [ 108.3861621, 11.9584483 ], [ 108.3862107, 11.9584131 ], [ 108.3862638, 11.9583849 ], [ 108.3863582, 11.9583458 ], [ 108.3864544, 11.9583113 ], [ 108.3865522, 11.9582813 ], [ 108.3866582, 11.9582543 ], [ 108.3867654, 11.9582327 ], [ 108.386799, 11.9582312 ], [ 108.386832, 11.9582376 ], [ 108.3868625, 11.9582515 ], [ 108.3868888, 11.9582721 ], [ 108.3869098, 11.958299 ], [ 108.3869235, 11.9583302 ], [ 108.3869289, 11.9583637 ], [ 108.3869258, 11.9583975 ], [ 108.3869143, 11.9584295 ], [ 108.3867922, 11.9587418 ], [ 108.3866823, 11.9590461 ], [ 108.3866701, 11.9590845 ], [ 108.3866649, 11.9591243 ], [ 108.3866667, 11.9591644 ], [ 108.3866756, 11.9592036 ], [ 108.3866918, 11.9592419 ], [ 108.3867147, 11.9592769 ], [ 108.3867436, 11.9593073 ], [ 108.3867775, 11.9593322 ], [ 108.3868381, 11.9593601 ], [ 108.3869009, 11.9593833 ], [ 108.3869673, 11.9594021 ], [ 108.387035, 11.9594155 ], [ 108.3870888, 11.9594314 ], [ 108.3871408, 11.9594522 ], [ 108.3871905, 11.9594778 ], [ 108.3872414, 11.9595106 ], [ 108.3872885, 11.9595483 ], [ 108.3873314, 11.9595906 ], [ 108.3874175, 11.9596525 ], [ 108.3875084, 11.9597074 ], [ 108.3876088, 11.9597575 ], [ 108.3877133, 11.9597991 ], [ 108.3878209, 11.959832 ], [ 108.3881253, 11.9599003 ], [ 108.388427, 11.9599764 ], [ 108.388491, 11.9600051 ], [ 108.3885504, 11.9600421 ], [ 108.3886041, 11.9600866 ], [ 108.3886406, 11.9601251 ], [ 108.388673, 11.9601671 ], [ 108.3887006, 11.9602121 ], [ 108.3887234, 11.9602597 ], [ 108.3888991, 11.9605953 ], [ 108.388923, 11.9606422 ], [ 108.3889419, 11.9606912 ], [ 108.3889554, 11.9607419 ], [ 108.3889642, 11.9607997 ], [ 108.3889662, 11.960858 ], [ 108.3889725, 11.9609034 ], [ 108.3889863, 11.9609472 ], [ 108.3890101, 11.9609928 ], [ 108.3890421, 11.9610334 ], [ 108.3890811, 11.9610675 ], [ 108.3891258, 11.9610942 ], [ 108.389215, 11.9611342 ], [ 108.3893055, 11.9611716 ], [ 108.3894121, 11.9612115 ], [ 108.38952, 11.9612477 ], [ 108.3895897, 11.9612748 ], [ 108.3896567, 11.9613076 ], [ 108.3897206, 11.9613459 ], [ 108.3897809, 11.9613894 ], [ 108.3898329, 11.9614337 ], [ 108.3898811, 11.961482 ], [ 108.3899254, 11.9615337 ], [ 108.3899653, 11.9615888 ], [ 108.3900021, 11.9616292 ], [ 108.3900437, 11.9616648 ], [ 108.3900894, 11.9616952 ], [ 108.3901387, 11.9617198 ], [ 108.3901906, 11.9617384 ], [ 108.390253, 11.9617518 ], [ 108.3903168, 11.9617564 ], [ 108.3903806, 11.9617521 ], [ 108.3904431, 11.961739 ], [ 108.3905031, 11.9617174 ], [ 108.3905557, 11.9616978 ], [ 108.39061, 11.9616829 ], [ 108.3906653, 11.9616728 ], [ 108.3907321, 11.961667 ], [ 108.3907991, 11.9616682 ], [ 108.3908656, 11.9616762 ], [ 108.3909309, 11.9616911 ], [ 108.3911374, 11.9617488 ], [ 108.3912095, 11.961758 ], [ 108.3912823, 11.961758 ], [ 108.3913388, 11.9617517 ], [ 108.3913944, 11.9617399 ], [ 108.3914486, 11.9617226 ], [ 108.3915158, 11.9617058 ], [ 108.3915842, 11.9616945 ], [ 108.3916534, 11.961689 ], [ 108.3917228, 11.9616892 ], [ 108.3917951, 11.9616954 ], [ 108.3918666, 11.9617079 ], [ 108.3919367, 11.9617265 ], [ 108.3920319, 11.9617598 ], [ 108.3921238, 11.961801 ], [ 108.3922116, 11.9618499 ], [ 108.392278, 11.9618937 ], [ 108.3923411, 11.9619419 ], [ 108.3924007, 11.9619942 ], [ 108.3924099, 11.9620123 ], [ 108.3924153, 11.9620318 ], [ 108.3924168, 11.9620519 ], [ 108.392413, 11.9620772 ], [ 108.392403, 11.9621009 ], [ 108.3923873, 11.9621215 ], [ 108.3923364, 11.9621713 ], [ 108.392315, 11.9621965 ], [ 108.3923005, 11.9622259 ], [ 108.3922935, 11.9622579 ], [ 108.3922941, 11.9622881 ], [ 108.3923015, 11.9623174 ], [ 108.3923153, 11.9623445 ], [ 108.3923348, 11.9623679 ], [ 108.3923942, 11.9624336 ], [ 108.3924579, 11.9624954 ], [ 108.3925255, 11.9625531 ], [ 108.3926014, 11.9626096 ], [ 108.3926811, 11.9626608 ], [ 108.3927642, 11.9627066 ], [ 108.3928374, 11.9627359 ], [ 108.3929126, 11.96276 ], [ 108.3929893, 11.9627787 ], [ 108.3930673, 11.9627919 ], [ 108.3931542, 11.9628 ], [ 108.3932416, 11.9628013 ], [ 108.3936594, 11.9628011 ], [ 108.3936879, 11.9628074 ], [ 108.3937137, 11.962821 ], [ 108.3937349, 11.9628408 ], [ 108.3937499, 11.9628653 ], [ 108.393757, 11.9628888 ], [ 108.3937585, 11.9629132 ], [ 108.3937542, 11.9629372 ], [ 108.3937445, 11.9629597 ], [ 108.3937298, 11.9629795 ], [ 108.3937079, 11.9630092 ], [ 108.3936912, 11.963042 ], [ 108.3936801, 11.963077 ], [ 108.3936748, 11.9631133 ], [ 108.3936764, 11.9631576 ], [ 108.3936868, 11.9632007 ], [ 108.3937055, 11.963241 ], [ 108.3937317, 11.9632771 ], [ 108.3937646, 11.9633075 ], [ 108.3938043, 11.9633287 ], [ 108.3938472, 11.9633424 ], [ 108.393892, 11.9633482 ], [ 108.3939369, 11.9633457 ], [ 108.3939806, 11.9633352 ], [ 108.3940215, 11.963317 ], [ 108.3940583, 11.9632917 ], [ 108.3942139, 11.9631946 ], [ 108.3942487, 11.9631813 ], [ 108.3942852, 11.9631734 ], [ 108.3943225, 11.963171 ], [ 108.3943635, 11.9631749 ], [ 108.3944032, 11.9631855 ], [ 108.3944406, 11.9632025 ], [ 108.3945123, 11.9632202 ], [ 108.3945854, 11.9632314 ], [ 108.3946719, 11.963236 ], [ 108.3947584, 11.9632314 ], [ 108.3948576, 11.9632294 ], [ 108.3949569, 11.9632314 ], [ 108.3950783, 11.9632394 ], [ 108.3951991, 11.9632534 ], [ 108.395319, 11.9632734 ], [ 108.3954448, 11.9632837 ], [ 108.395571, 11.9632872 ], [ 108.3956972, 11.9632839 ], [ 108.3958173, 11.9632743 ], [ 108.3959368, 11.9632585 ], [ 108.3960553, 11.9632366 ], [ 108.396158, 11.9632238 ], [ 108.3962614, 11.9632168 ], [ 108.396365, 11.9632156 ], [ 108.3964551, 11.9632193 ], [ 108.3965448, 11.9632274 ], [ 108.3965852, 11.9632411 ], [ 108.3966239, 11.9632589 ], [ 108.3966635, 11.963283 ], [ 108.3966999, 11.9633116 ], [ 108.3967325, 11.9633442 ], [ 108.3969417, 11.9635489 ], [ 108.3970119, 11.9636012 ], [ 108.3970866, 11.9636473 ], [ 108.3971502, 11.9636799 ], [ 108.3972319, 11.9637183 ], [ 108.3973105, 11.9637625 ], [ 108.3973856, 11.9638123 ], [ 108.3974566, 11.963867 ], [ 108.3975233, 11.9639267 ], [ 108.3975855, 11.963991 ], [ 108.3978201, 11.9642232 ], [ 108.3978866, 11.9642714 ], [ 108.397958, 11.964312 ], [ 108.3980337, 11.9643446 ], [ 108.3981125, 11.9643689 ], [ 108.3981922, 11.9643842 ], [ 108.3982731, 11.964391 ], [ 108.3983544, 11.9643891 ], [ 108.3984349, 11.9643786 ], [ 108.3984993, 11.9643713 ], [ 108.3985641, 11.9643693 ], [ 108.3986288, 11.9643728 ], [ 108.3986895, 11.964387 ], [ 108.3987486, 11.9644063 ], [ 108.3988059, 11.9644305 ], [ 108.3988666, 11.9644631 ], [ 108.3989239, 11.9645013 ], [ 108.3989771, 11.9645447 ], [ 108.3990257, 11.964593 ], [ 108.3990694, 11.9646457 ], [ 108.3991329, 11.9647303 ], [ 108.3992007, 11.9648117 ], [ 108.3992726, 11.9648897 ], [ 108.3993444, 11.9649605 ], [ 108.3994195, 11.9650279 ], [ 108.3994979, 11.9650918 ], [ 108.3995839, 11.9651575 ], [ 108.3996722, 11.9652203 ], [ 108.3997657, 11.9652823 ], [ 108.3998613, 11.965341 ], [ 108.3999677, 11.9654098 ], [ 108.4000691, 11.9654853 ], [ 108.4001651, 11.9655673 ], [ 108.4002427, 11.9656424 ], [ 108.4003157, 11.9657218 ], [ 108.4003841, 11.9658051 ], [ 108.4004474, 11.9658921 ], [ 108.4006349, 11.9662152 ], [ 108.4006598, 11.9662514 ], [ 108.4006904, 11.9662833 ], [ 108.4007258, 11.9663099 ], [ 108.4007652, 11.9663305 ], [ 108.4008075, 11.9663447 ], [ 108.4008517, 11.966352 ], [ 108.4008966, 11.9663522 ], [ 108.4009409, 11.9663452 ], [ 108.4009834, 11.9663313 ], [ 108.4010231, 11.9663108 ], [ 108.4010589, 11.9662843 ], [ 108.4015068, 11.9658973 ], [ 108.4015414, 11.9658737 ], [ 108.40158, 11.965857 ], [ 108.4016211, 11.965848 ], [ 108.4016632, 11.9658469 ], [ 108.4017048, 11.9658538 ], [ 108.4017442, 11.9658684 ], [ 108.4017778, 11.9658886 ], [ 108.4018072, 11.9659145 ], [ 108.4018312, 11.9659451 ], [ 108.4018492, 11.9659794 ], [ 108.4018606, 11.9660164 ], [ 108.4018649, 11.9660547 ], [ 108.4018421, 11.9666215 ], [ 108.4018339, 11.9667204 ], [ 108.4018357, 11.9668196 ], [ 108.4018474, 11.9669181 ], [ 108.4018689, 11.9670151 ], [ 108.4018986, 11.9671059 ], [ 108.4019369, 11.9671935 ], [ 108.4019835, 11.9672772 ], [ 108.4020379, 11.9673562 ], [ 108.4020675, 11.967388 ], [ 108.4021016, 11.9674151 ], [ 108.4021394, 11.9674371 ], [ 108.4021801, 11.9674533 ], [ 108.4022277, 11.9674642 ], [ 108.4022766, 11.9674673 ], [ 108.4023253, 11.9674626 ], [ 108.4023725, 11.96745 ], [ 108.4027648, 11.967288 ], [ 108.4028458, 11.9672562 ], [ 108.4029291, 11.9672308 ], [ 108.4030142, 11.9672119 ], [ 108.4031157, 11.9671981 ], [ 108.4032181, 11.9671935 ], [ 108.4032607, 11.9671964 ], [ 108.4033022, 11.9672061 ], [ 108.4033415, 11.9672224 ], [ 108.403373, 11.9672415 ], [ 108.4034013, 11.9672648 ], [ 108.403426, 11.9672919 ], [ 108.4034495, 11.9673222 ], [ 108.4034787, 11.9673472 ], [ 108.4035126, 11.967366 ], [ 108.4035496, 11.9673777 ], [ 108.4035882, 11.9673818 ], [ 108.403629, 11.9673778 ], [ 108.403668, 11.9673654 ], [ 108.4037034, 11.9673452 ], [ 108.4037336, 11.9673181 ], [ 108.4037572, 11.9672854 ], [ 108.4037807, 11.9672463 ], [ 108.4038092, 11.9672106 ], [ 108.4038423, 11.9671788 ], [ 108.4038793, 11.9671515 ], [ 108.4039202, 11.9671289 ], [ 108.4039639, 11.9671118 ], [ 108.4040095, 11.9671004 ], [ 108.4040563, 11.9670951 ], [ 108.4040936, 11.9670944 ], [ 108.4041306, 11.9670992 ], [ 108.4041665, 11.9671094 ], [ 108.4042004, 11.9671246 ], [ 108.4042362, 11.9671482 ], [ 108.4042672, 11.9671774 ], [ 108.4042927, 11.9672115 ], [ 108.4043118, 11.9672493 ], [ 108.4043279, 11.9672704 ], [ 108.4043488, 11.9672871 ], [ 108.4043732, 11.9672985 ], [ 108.4043996, 11.9673037 ], [ 108.4044287, 11.9673023 ], [ 108.4044564, 11.9672935 ], [ 108.4044808, 11.9672781 ], [ 108.4045003, 11.9672569 ], [ 108.4045136, 11.9672316 ], [ 108.4045961, 11.9669082 ], [ 108.4046059, 11.9668608 ], [ 108.404622, 11.966815 ], [ 108.4046441, 11.9667718 ], [ 108.4046718, 11.9667317 ], [ 108.4047035, 11.9666967 ], [ 108.4047395, 11.9666659 ], [ 108.4047791, 11.9666399 ], [ 108.4048188, 11.9666306 ], [ 108.4048596, 11.9666294 ], [ 108.4048989, 11.9666361 ], [ 108.404936, 11.9666502 ], [ 108.4049696, 11.9666714 ], [ 108.405014, 11.9666964 ], [ 108.4050618, 11.9667149 ], [ 108.4051117, 11.9667265 ], [ 108.4051647, 11.9667308 ], [ 108.4052178, 11.9667273 ], [ 108.4052697, 11.966716 ], [ 108.4053193, 11.9666973 ], [ 108.4053909, 11.9666686 ], [ 108.4054645, 11.9666451 ], [ 108.4055395, 11.9666268 ], [ 108.4056269, 11.9666123 ], [ 108.4057151, 11.9666048 ], [ 108.4058037, 11.9666045 ], [ 108.4058791, 11.9666116 ], [ 108.4059539, 11.9666228 ], [ 108.4060296, 11.9666385 ], [ 108.4061041, 11.9666582 ], [ 108.4062077, 11.9666719 ], [ 108.406312, 11.9666779 ], [ 108.4064002, 11.966677 ], [ 108.4064882, 11.9666705 ], [ 108.4065756, 11.9666586 ], [ 108.406662, 11.9666412 ], [ 108.407059, 11.9665034 ], [ 108.4071432, 11.9664559 ], [ 108.4072226, 11.9664011 ], [ 108.4072937, 11.9663423 ], [ 108.4073594, 11.9662778 ], [ 108.4074053, 11.9662368 ], [ 108.4074566, 11.9662024 ], [ 108.4075123, 11.9661754 ], [ 108.407574, 11.9661557 ], [ 108.4076379, 11.9661449 ], [ 108.4077027, 11.9661433 ], [ 108.4078369, 11.9661597 ], [ 108.4078839, 11.9661698 ], [ 108.4079286, 11.9661875 ], [ 108.4079696, 11.9662122 ], [ 108.4080021, 11.9662395 ], [ 108.40803, 11.9662712 ], [ 108.4080528, 11.9663066 ], [ 108.4081399, 11.9664615 ], [ 108.4081618, 11.9664844 ], [ 108.408187, 11.9665038 ], [ 108.408215, 11.9665192 ], [ 108.4082469, 11.9665306 ], [ 108.4082803, 11.9665368 ], [ 108.4083143, 11.9665375 ], [ 108.4084403, 11.9665244 ], [ 108.4084684, 11.9665032 ], [ 108.4084925, 11.9664777 ], [ 108.4085119, 11.9664486 ], [ 108.4085262, 11.9664168 ], [ 108.4085354, 11.9663796 ], [ 108.4085376, 11.9663414 ], [ 108.4085326, 11.9663034 ], [ 108.4085206, 11.9662669 ], [ 108.408502, 11.9662332 ], [ 108.4083089, 11.9658894 ], [ 108.4082799, 11.9657997 ], [ 108.4082602, 11.9657075 ], [ 108.4082499, 11.9656139 ], [ 108.4082491, 11.9655232 ], [ 108.4082572, 11.9654329 ], [ 108.4082741, 11.9653437 ], [ 108.4083039, 11.9652756 ], [ 108.4083392, 11.96521 ], [ 108.4083799, 11.9651475 ], [ 108.4084256, 11.9650885 ], [ 108.4084766, 11.9650327 ], [ 108.4085322, 11.9649812 ], [ 108.4085919, 11.9649343 ], [ 108.4086553, 11.9648923 ], [ 108.408722, 11.9648556 ], [ 108.4087504, 11.9648274 ], [ 108.4087747, 11.9647957 ], [ 108.4087944, 11.9647611 ], [ 108.4088117, 11.9647159 ], [ 108.4088212, 11.9646684 ], [ 108.4088226, 11.9646201 ], [ 108.4088159, 11.9645722 ], [ 108.4087971, 11.9643361 ], [ 108.4087837, 11.9641944 ], [ 108.4087726, 11.9641563 ], [ 108.4087545, 11.9641209 ], [ 108.40873, 11.9640894 ], [ 108.4086979, 11.9640614 ], [ 108.4086608, 11.9640401 ], [ 108.4086201, 11.9640264 ], [ 108.4083894, 11.9640068 ], [ 108.408352, 11.9639904 ], [ 108.4083187, 11.963967 ], [ 108.408291, 11.9639375 ], [ 108.40827, 11.9639031 ], [ 108.4082566, 11.9638653 ], [ 108.4082513, 11.9638255 ], [ 108.4082544, 11.9637856 ], [ 108.4082657, 11.963747 ], [ 108.4082848, 11.9637116 ], [ 108.4085852, 11.9633075 ], [ 108.4086374, 11.963217 ], [ 108.4086844, 11.9631238 ], [ 108.4087372, 11.9630008 ], [ 108.408781, 11.9628745 ], [ 108.4088452, 11.9627387 ], [ 108.4089178, 11.9626069 ], [ 108.4089971, 11.9624818 ], [ 108.4090841, 11.9623615 ], [ 108.4091813, 11.9624005 ], [ 108.4092817, 11.9624307 ], [ 108.4093845, 11.9624521 ], [ 108.4094735, 11.9624631 ], [ 108.409563, 11.9624675 ], [ 108.4096527, 11.9624652 ], [ 108.4097274, 11.9624579 ], [ 108.4098008, 11.9624425 ], [ 108.409872, 11.9624193 ], [ 108.40994, 11.9623884 ], [ 108.4101436, 11.9622736 ], [ 108.4103206, 11.9621713 ], [ 108.4103686, 11.962131 ], [ 108.4104116, 11.9620858 ], [ 108.4104493, 11.9620362 ], [ 108.4104767, 11.9619911 ], [ 108.4104995, 11.9619437 ], [ 108.4105177, 11.9618945 ], [ 108.410629, 11.9616308 ], [ 108.4106633, 11.9615255 ], [ 108.4106907, 11.9614182 ], [ 108.4107059, 11.9613411 ], [ 108.4107175, 11.9612634 ], [ 108.4107226, 11.961217 ], [ 108.4107325, 11.9611714 ], [ 108.410747, 11.961127 ], [ 108.4107688, 11.961079 ], [ 108.4107959, 11.9610338 ], [ 108.4108282, 11.9609919 ], [ 108.4108651, 11.9609538 ], [ 108.4110468, 11.9608218 ], [ 108.4112325, 11.9606953 ], [ 108.4114331, 11.9605679 ], [ 108.4116377, 11.9604469 ], [ 108.4118463, 11.9603326 ], [ 108.4120587, 11.960225 ], [ 108.4121206, 11.9601969 ], [ 108.4121794, 11.9601629 ], [ 108.4122345, 11.9601234 ], [ 108.4122853, 11.9600787 ], [ 108.4123403, 11.9600184 ], [ 108.4123874, 11.959952 ], [ 108.4124261, 11.9598806 ], [ 108.4124565, 11.9598345 ], [ 108.4124933, 11.9597931 ], [ 108.4125356, 11.9597573 ], [ 108.4125828, 11.9597276 ], [ 108.4126337, 11.9597048 ], [ 108.4126875, 11.9596893 ], [ 108.4127429, 11.9596813 ], [ 108.4127989, 11.9596812 ], [ 108.4128594, 11.9596898 ], [ 108.4129177, 11.9597075 ], [ 108.4129726, 11.9597337 ], [ 108.4130227, 11.959768 ], [ 108.4130668, 11.9598094 ], [ 108.4131038, 11.9598569 ], [ 108.4131329, 11.9599094 ], [ 108.4133059, 11.9602243 ], [ 108.4133502, 11.9602915 ], [ 108.4133997, 11.9603553 ], [ 108.4134538, 11.9604152 ], [ 108.4135124, 11.960471 ], [ 108.4135886, 11.9605324 ], [ 108.4136702, 11.9605867 ], [ 108.4140971, 11.9608764 ], [ 108.4141267, 11.9608961 ], [ 108.4141594, 11.9609103 ], [ 108.4141942, 11.9609187 ], [ 108.4142299, 11.960921 ], [ 108.4142622, 11.9609176 ], [ 108.4142936, 11.9609093 ], [ 108.4143232, 11.9608961 ], [ 108.4143502, 11.9608784 ], [ 108.4144114, 11.9608268 ], [ 108.4144672, 11.9607698 ], [ 108.4145173, 11.9607078 ], [ 108.4145611, 11.9606415 ], [ 108.4146022, 11.9605631 ], [ 108.4146346, 11.9604808 ], [ 108.4146579, 11.9603956 ], [ 108.4146718, 11.9603085 ], [ 108.4146763, 11.9602205 ], [ 108.4146711, 11.9601325 ], [ 108.4146502, 11.9600369 ], [ 108.4146212, 11.9599434 ], [ 108.4145843, 11.9598526 ], [ 108.4145397, 11.9597651 ], [ 108.4144697, 11.9596523 ], [ 108.4144044, 11.9595368 ], [ 108.4143439, 11.9594188 ], [ 108.4142784, 11.9592754 ], [ 108.41422, 11.9591291 ], [ 108.414169, 11.9589802 ], [ 108.4141253, 11.9588291 ], [ 108.4140891, 11.9586762 ], [ 108.4140615, 11.9585472 ], [ 108.4140426, 11.9584166 ], [ 108.4140328, 11.9582852 ], [ 108.4140316, 11.9581611 ], [ 108.4140384, 11.9580372 ], [ 108.4140531, 11.957914 ], [ 108.4140757, 11.9577919 ], [ 108.41409, 11.9577111 ], [ 108.4140952, 11.9576293 ], [ 108.4140913, 11.9575475 ], [ 108.4140784, 11.9574665 ], [ 108.414061, 11.9574013 ], [ 108.4140378, 11.9573379 ], [ 108.4140088, 11.9572768 ], [ 108.4139744, 11.9572185 ], [ 108.4138356, 11.957087 ], [ 108.413795, 11.9570363 ], [ 108.4137613, 11.9569809 ], [ 108.4137352, 11.9569218 ], [ 108.413717, 11.9568599 ], [ 108.413707, 11.9567962 ], [ 108.4137055, 11.9567318 ], [ 108.4137123, 11.9566686 ], [ 108.4137272, 11.9566067 ], [ 108.4137499, 11.9565472 ], [ 108.4137802, 11.956491 ], [ 108.4138174, 11.956439 ], [ 108.4138611, 11.956392 ], [ 108.4139041, 11.9563246 ], [ 108.4139416, 11.9562542 ], [ 108.4139691, 11.9561919 ], [ 108.4139924, 11.956128 ], [ 108.4140113, 11.9560626 ], [ 108.4141374, 11.9555982 ], [ 108.4141494, 11.9555585 ], [ 108.4141696, 11.9555221 ], [ 108.4141971, 11.9554906 ], [ 108.4142306, 11.9554653 ], [ 108.4142688, 11.9554473 ], [ 108.4143033, 11.9554384 ], [ 108.4143388, 11.9554356 ], [ 108.4143743, 11.9554389 ], [ 108.4144087, 11.9554481 ], [ 108.4144409, 11.9554631 ], [ 108.41447, 11.9554834 ], [ 108.4146094, 11.9555686 ], [ 108.4147516, 11.9556494 ], [ 108.4149216, 11.9557384 ], [ 108.4150949, 11.9558212 ], [ 108.4152069, 11.9558467 ], [ 108.4153204, 11.9558642 ], [ 108.4154349, 11.9558737 ], [ 108.415547, 11.9558753 ], [ 108.4156589, 11.9558691 ], [ 108.4157702, 11.9558553 ], [ 108.415972, 11.9558186 ], [ 108.4163294, 11.9557524 ], [ 108.4163696, 11.9557366 ], [ 108.4164076, 11.9557161 ], [ 108.4164427, 11.9556913 ], [ 108.4164809, 11.9556559 ], [ 108.4165133, 11.9556154 ], [ 108.4165393, 11.9555706 ], [ 108.4165939, 11.9554656 ], [ 108.416656, 11.9553647 ], [ 108.4166988, 11.9553033 ], [ 108.4167445, 11.955244 ], [ 108.4167605, 11.9552126 ], [ 108.4167709, 11.955179 ], [ 108.4167753, 11.9551442 ], [ 108.4167733, 11.955107 ], [ 108.4167643, 11.9550707 ], [ 108.4167488, 11.9550367 ], [ 108.4166619, 11.9548583 ], [ 108.4165681, 11.9546834 ], [ 108.41648, 11.9545326 ], [ 108.4163868, 11.9543849 ], [ 108.4162885, 11.9542403 ], [ 108.4162807, 11.9542224 ], [ 108.4162771, 11.9542033 ], [ 108.4162778, 11.9541838 ], [ 108.416283, 11.9541644 ], [ 108.4162925, 11.9541466 ], [ 108.4163059, 11.9541314 ], [ 108.41641, 11.9540569 ], [ 108.4165192, 11.9539897 ], [ 108.416619, 11.9539367 ], [ 108.4167219, 11.9538899 ], [ 108.4168276, 11.9538493 ], [ 108.4168935, 11.9538234 ], [ 108.4169575, 11.9537934 ], [ 108.4170194, 11.9537594 ], [ 108.4171048, 11.9537032 ], [ 108.4171844, 11.9536394 ], [ 108.4172487, 11.9536958 ], [ 108.4173547, 11.9540251 ], [ 108.417356, 11.9541196 ], [ 108.4174472, 11.954218 ], [ 108.4176658, 11.9541904 ], [ 108.4177838, 11.95413 ], [ 108.418052, 11.954462 ], [ 108.4182525, 11.9549035 ], [ 108.4182733, 11.9549447 ], [ 108.4182996, 11.9549828 ], [ 108.418331, 11.955017 ], [ 108.4183699, 11.9550487 ], [ 108.4184131, 11.9550745 ], [ 108.4184597, 11.9550937 ], [ 108.418677, 11.955156 ], [ 108.4187303, 11.9551646 ], [ 108.4187843, 11.9551652 ], [ 108.418826, 11.9551603 ], [ 108.4188669, 11.9551506 ], [ 108.4189063, 11.9551364 ], [ 108.4190069, 11.9550944 ], [ 108.4190535, 11.9550828 ], [ 108.4191015, 11.9550799 ], [ 108.4191505, 11.9550862 ], [ 108.4191974, 11.9551016 ], [ 108.4192771, 11.955137 ], [ 108.419321, 11.9551452 ], [ 108.4193657, 11.9551456 ], [ 108.4194061, 11.955139 ], [ 108.4194449, 11.9551259 ], [ 108.419481, 11.9551068 ], [ 108.419601, 11.955036 ], [ 108.4196305, 11.9550234 ], [ 108.419662, 11.955017 ], [ 108.4196942, 11.955017 ], [ 108.4197254, 11.9550233 ], [ 108.4197547, 11.9550358 ], [ 108.4197807, 11.9550537 ], [ 108.4198786, 11.9551534 ], [ 108.4198968, 11.9551799 ], [ 108.4199112, 11.9552085 ], [ 108.4199215, 11.9552387 ], [ 108.4199288, 11.9552805 ], [ 108.4199283, 11.955323 ], [ 108.4199202, 11.9553647 ], [ 108.4199014, 11.9554303 ], [ 108.4198692, 11.9555221 ], [ 108.4197754, 11.9557386 ], [ 108.4200865, 11.9558921 ], [ 108.420226, 11.9559734 ], [ 108.4202712, 11.9559921 ], [ 108.4203185, 11.9560049 ], [ 108.4203739, 11.9560122 ], [ 108.4204298, 11.9560115 ], [ 108.420568, 11.9560146 ], [ 108.4207061, 11.9560207 ], [ 108.4209082, 11.9560351 ], [ 108.4211098, 11.9560561 ], [ 108.4211955, 11.9560615 ], [ 108.4212814, 11.95606 ], [ 108.4213739, 11.9560508 ], [ 108.4214652, 11.9560338 ], [ 108.4216496, 11.9559931 ], [ 108.4217294, 11.9559836 ], [ 108.4218098, 11.95598 ], [ 108.4219067, 11.9559833 ], [ 108.4220029, 11.9559951 ], [ 108.4223117, 11.9560148 ], [ 108.4224656, 11.9569961 ], [ 108.4224686, 11.9572553 ], [ 108.4226346, 11.9570001 ], [ 108.4226606, 11.9570205 ], [ 108.4226829, 11.9570447 ], [ 108.4227025, 11.957075 ], [ 108.4227164, 11.9571083 ], [ 108.4228465, 11.957519 ], [ 108.4227553, 11.9576476 ], [ 108.4228197, 11.957805 ], [ 108.4228273, 11.9578566 ], [ 108.422843, 11.9579065 ], [ 108.4228666, 11.9579533 ], [ 108.4228963, 11.9579945 ], [ 108.422932, 11.9580309 ], [ 108.4229729, 11.9580615 ], [ 108.4230182, 11.9580858 ], [ 108.4230611, 11.9581986 ], [ 108.4234956, 11.958587 ], [ 108.4235439, 11.9586552 ], [ 108.4236552, 11.9587391 ], [ 108.4236994, 11.9587103 ], [ 108.4237732, 11.9587706 ], [ 108.4239288, 11.9588284 ], [ 108.4240562, 11.9585765 ], [ 108.4241997, 11.9586263 ], [ 108.4244706, 11.9588795 ], [ 108.4244585, 11.9588953 ], [ 108.4246704, 11.9591065 ], [ 108.4246724, 11.9592364 ], [ 108.424712, 11.9592429 ], [ 108.4247352, 11.9592509 ], [ 108.4247572, 11.9592616 ], [ 108.4250057, 11.9593932 ], [ 108.4251285, 11.9591874 ], [ 108.4251631, 11.9591349 ], [ 108.4252032, 11.9590862 ], [ 108.4252545, 11.9590361 ], [ 108.4253114, 11.9589924 ], [ 108.4264058, 11.9597743 ], [ 108.4265573, 11.9596274 ], [ 108.4268846, 11.9598504 ], [ 108.4269241, 11.9598091 ], [ 108.427012, 11.9598701 ], [ 108.427484, 11.9600538 ], [ 108.4279323, 11.9594739 ], [ 108.4285314, 11.9591577 ], [ 108.4285851, 11.9591212 ], [ 108.4286361, 11.9590814 ], [ 108.4286843, 11.9590383 ], [ 108.4287412, 11.9589792 ], [ 108.4287927, 11.9589156 ], [ 108.4288386, 11.958848 ], [ 108.4290357, 11.9585312 ], [ 108.4293049, 11.9580526 ], [ 108.4304841, 11.9557163 ], [ 108.4314001, 11.9561361 ], [ 108.4318179, 11.9551098 ], [ 108.4319653, 11.9551918 ], [ 108.4323955, 11.9554168 ], [ 108.4324709, 11.955464 ], [ 108.432543, 11.9555159 ], [ 108.4326077, 11.9555688 ], [ 108.4326691, 11.9556254 ], [ 108.4328739, 11.9558291 ], [ 108.4329893, 11.9559459 ], [ 108.4331194, 11.9560666 ], [ 108.4334761, 11.9563516 ], [ 108.4339535, 11.9569535 ], [ 108.43427, 11.9573169 ], [ 108.4343438, 11.9574023 ], [ 108.4344132, 11.9574911 ], [ 108.4344779, 11.9575833 ], [ 108.434545, 11.9576905 ], [ 108.4346059, 11.9578013 ], [ 108.4346603, 11.9579152 ], [ 108.4347099, 11.9580263 ], [ 108.4347535, 11.9581398 ], [ 108.4347912, 11.9582553 ], [ 108.4348227, 11.9583725 ], [ 108.434848, 11.9584912 ], [ 108.4348679, 11.9586167 ], [ 108.4348807, 11.958743 ], [ 108.4348867, 11.9588699 ], [ 108.4348856, 11.9589968 ], [ 108.4348775, 11.9591236 ], [ 108.4348592, 11.9592834 ], [ 108.4348317, 11.959442 ], [ 108.4347951, 11.9595988 ], [ 108.4347495, 11.9597533 ], [ 108.4347021, 11.9598866 ], [ 108.4346481, 11.9600175 ], [ 108.4345875, 11.9601456 ], [ 108.4341252, 11.9612421 ], [ 108.4341386, 11.9614117 ], [ 108.4341721, 11.9619207 ], [ 108.4342439, 11.9627082 ], [ 108.4342015, 11.9627249 ], [ 108.4341624, 11.9627482 ], [ 108.4341277, 11.9627773 ], [ 108.4340982, 11.9628115 ], [ 108.4340748, 11.9628499 ], [ 108.4340581, 11.9628916 ], [ 108.43405, 11.962926 ], [ 108.4340464, 11.9629612 ], [ 108.4340474, 11.9629965 ], [ 108.4340511, 11.9630246 ], [ 108.4340514, 11.963053 ], [ 108.4340488, 11.9630787 ], [ 108.4340434, 11.9631041 ], [ 108.433918, 11.9633711 ], [ 108.4339056, 11.963415 ], [ 108.4338995, 11.9634601 ], [ 108.4338999, 11.9635056 ], [ 108.433906, 11.9635478 ], [ 108.4339177, 11.963589 ], [ 108.4339347, 11.9636283 ], [ 108.4340876, 11.9638664 ], [ 108.4344001, 11.9643164 ], [ 108.4344112, 11.9651836 ], [ 108.4344578, 11.965627 ], [ 108.4344616, 11.9657313 ], [ 108.4344605, 11.9658356 ], [ 108.434452, 11.9659672 ], [ 108.4344357, 11.966098 ], [ 108.43442, 11.9661943 ], [ 108.4343978, 11.9662894 ], [ 108.4343693, 11.9663827 ], [ 108.4343359, 11.9664705 ], [ 108.4342968, 11.9665559 ], [ 108.434321, 11.9667475 ], [ 108.4344014, 11.9670151 ], [ 108.4344247, 11.9670572 ], [ 108.4344554, 11.9670943 ], [ 108.4344926, 11.9671253 ], [ 108.434527, 11.9671454 ], [ 108.4345641, 11.9671601 ], [ 108.434603, 11.9671692 ], [ 108.4346428, 11.9671725 ], [ 108.43472, 11.967193 ], [ 108.4347952, 11.9672193 ], [ 108.4348682, 11.9672513 ], [ 108.4349344, 11.9672864 ], [ 108.4349979, 11.9673263 ], [ 108.4350581, 11.9673706 ], [ 108.4351149, 11.9674192 ], [ 108.4351881, 11.9674837 ], [ 108.4352641, 11.967545 ], [ 108.4353429, 11.9676029 ], [ 108.4354469, 11.9676714 ], [ 108.4355548, 11.9677341 ], [ 108.4358042, 11.9679702 ], [ 108.4362374, 11.9683257 ], [ 108.4361848, 11.9683802 ], [ 108.436136, 11.968438 ], [ 108.4360912, 11.9684989 ], [ 108.4360437, 11.9685748 ], [ 108.4360025, 11.9686541 ], [ 108.4359679, 11.9687364 ], [ 108.4359197, 11.9688394 ], [ 108.4358651, 11.9689392 ], [ 108.4358042, 11.9690355 ], [ 108.4357453, 11.9691176 ], [ 108.4356817, 11.9691964 ], [ 108.4356138, 11.9692717 ], [ 108.4355671, 11.9693122 ], [ 108.4355272, 11.9693593 ], [ 108.4354951, 11.9694118 ], [ 108.4354717, 11.9694685 ], [ 108.4354579, 11.9695243 ], [ 108.4354525, 11.9695816 ], [ 108.4354556, 11.969639 ], [ 108.4354958, 11.9700483 ], [ 108.4355012, 11.9704668 ], [ 108.4354643, 11.9705698 ], [ 108.435528, 11.9708945 ], [ 108.4355414, 11.9711609 ], [ 108.4356755, 11.9711714 ], [ 108.4356567, 11.9714547 ], [ 108.4355172, 11.9716541 ], [ 108.4353617, 11.9719401 ], [ 108.4356138, 11.9721055 ], [ 108.4356031, 11.9721396 ], [ 108.4357345, 11.9723232 ], [ 108.4356663, 11.9723457 ], [ 108.4356012, 11.9723757 ], [ 108.4355402, 11.9724129 ], [ 108.4354839, 11.9724568 ], [ 108.4354332, 11.9725067 ], [ 108.4353887, 11.9725621 ], [ 108.4353511, 11.9726221 ], [ 108.4353209, 11.972686 ], [ 108.4352983, 11.9727528 ], [ 108.4352839, 11.9728218 ], [ 108.4352776, 11.9728964 ], [ 108.4352807, 11.9729712 ], [ 108.4352932, 11.973045 ], [ 108.4353149, 11.9731168 ], [ 108.4353455, 11.9731854 ], [ 108.4353844, 11.9732499 ], [ 108.4354312, 11.9733091 ], [ 108.4354851, 11.9733623 ], [ 108.4355908, 11.9734567 ], [ 108.4357004, 11.9735469 ], [ 108.4358136, 11.9736327 ], [ 108.4359303, 11.9737139 ], [ 108.4360619, 11.9737975 ], [ 108.4361971, 11.9738753 ], [ 108.4363357, 11.9739472 ], [ 108.4364775, 11.974013 ], [ 108.436554, 11.974048 ], [ 108.4366328, 11.9740777 ], [ 108.4367135, 11.9741022 ], [ 108.4368053, 11.9741231 ], [ 108.4368985, 11.9741371 ], [ 108.4369925, 11.9741442 ], [ 108.4371266, 11.9742334 ], [ 108.4376281, 11.9743541 ], [ 108.4380358, 11.9744748 ], [ 108.4387118, 11.97448 ], [ 108.4394252, 11.9745535 ], [ 108.4400421, 11.9746611 ], [ 108.4402272, 11.9747418 ], [ 108.4403332, 11.9747464 ], [ 108.4405544, 11.9750337 ], [ 108.4401628, 11.9751859 ], [ 108.4400635, 11.9752152 ], [ 108.4399619, 11.9752356 ], [ 108.4398588, 11.9752468 ], [ 108.4397551, 11.9752488 ], [ 108.4396509, 11.9752415 ], [ 108.4395478, 11.9752248 ], [ 108.4394467, 11.975199 ], [ 108.4393589, 11.975174 ], [ 108.4392697, 11.9751544 ], [ 108.4391775, 11.9751398 ], [ 108.4390846, 11.9751308 ], [ 108.439106, 11.9755873 ], [ 108.4386367, 11.9756896 ], [ 108.4383228, 11.9757762 ], [ 108.4382692, 11.9754666 ], [ 108.4379527, 11.9754719 ], [ 108.4378347, 11.9755611 ], [ 108.4374163, 11.9755978 ], [ 108.4373486, 11.975611 ], [ 108.437283, 11.9756321 ], [ 108.4372205, 11.9756608 ], [ 108.437165, 11.9756944 ], [ 108.4371138, 11.9757339 ], [ 108.4370676, 11.9757788 ], [ 108.4367135, 11.9761567 ], [ 108.4366679, 11.9763351 ], [ 108.4364265, 11.976629 ], [ 108.436102, 11.9766001 ], [ 108.4360503, 11.9767069 ], [ 108.4360056, 11.9768167 ], [ 108.4359683, 11.976929 ], [ 108.4359384, 11.9770435 ], [ 108.4359178, 11.9771485 ], [ 108.4359035, 11.9772544 ], [ 108.4358954, 11.977361 ], [ 108.4358563, 11.977419 ], [ 108.4358231, 11.9774804 ], [ 108.4357962, 11.9775447 ], [ 108.4357752, 11.9776134 ], [ 108.4357613, 11.9776837 ], [ 108.4357548, 11.9777554 ], [ 108.4357548, 11.9778273 ], [ 108.4357613, 11.9778989 ], [ 108.4357745, 11.9779705 ], [ 108.4357942, 11.9780407 ], [ 108.4358203, 11.9781088 ], [ 108.4358525, 11.9781744 ], [ 108.4359893, 11.9783974 ], [ 108.4360027, 11.9786808 ], [ 108.4361556, 11.9793184 ], [ 108.4361781, 11.9793844 ], [ 108.4362093, 11.9794469 ], [ 108.4362496, 11.9795063 ], [ 108.4362978, 11.9795598 ], [ 108.436684, 11.979914 ], [ 108.4373009, 11.9805017 ], [ 108.4378722, 11.9810028 ], [ 108.4386501, 11.9817769 ], [ 108.4386626, 11.9818403 ], [ 108.4386796, 11.9819028 ], [ 108.4387059, 11.9819762 ], [ 108.4387386, 11.9820471 ], [ 108.4388115, 11.9821691 ], [ 108.4388888, 11.9822885 ], [ 108.4389672, 11.9824006 ], [ 108.4390495, 11.9825099 ], [ 108.4391355, 11.9826165 ], [ 108.4391908, 11.9826778 ], [ 108.4392509, 11.9827345 ], [ 108.4392993, 11.9827741 ], [ 108.4393501, 11.9828106 ], [ 108.4394068, 11.98284 ], [ 108.4394606, 11.9828742 ], [ 108.4395111, 11.9829129 ], [ 108.4395633, 11.9829617 ], [ 108.4396103, 11.9830153 ], [ 108.4396532, 11.9830662 ], [ 108.4397015, 11.9831124 ], [ 108.4397405, 11.9831432 ], [ 108.4397755, 11.9831784 ], [ 108.4398061, 11.9832173 ], [ 108.4398305, 11.9832571 ], [ 108.4398503, 11.9832992 ], [ 108.4398651, 11.9833432 ], [ 108.4398795, 11.9834001 ], [ 108.4398992, 11.9834553 ], [ 108.4399241, 11.9835085 ], [ 108.4399551, 11.983561 ], [ 108.4399912, 11.9836103 ], [ 108.4400319, 11.9836559 ], [ 108.440077, 11.9836974 ], [ 108.4401197, 11.9837584 ], [ 108.4401543, 11.983824 ], [ 108.4401805, 11.9838932 ], [ 108.4401977, 11.9839651 ], [ 108.4402058, 11.9840385 ], [ 108.4402049, 11.9841072 ], [ 108.440196, 11.9841752 ], [ 108.4401792, 11.9842418 ], [ 108.4401548, 11.9843062 ], [ 108.4401172, 11.9844164 ], [ 108.4401021, 11.9845206 ], [ 108.440093, 11.9846256 ], [ 108.44009, 11.9847309 ], [ 108.4400931, 11.9848362 ], [ 108.440098, 11.9849008 ], [ 108.4401092, 11.9849647 ], [ 108.4401245, 11.9850214 ], [ 108.4401447, 11.9850766 ], [ 108.4401846, 11.9851749 ], [ 108.4402178, 11.9852756 ], [ 108.440243, 11.9853727 ], [ 108.4402621, 11.9854711 ], [ 108.440139, 11.9855086 ], [ 108.4400147, 11.9855419 ], [ 108.4398892, 11.9855708 ], [ 108.4397809, 11.9855921 ], [ 108.439672, 11.9856102 ], [ 108.4396248, 11.985619 ], [ 108.439579, 11.985633 ], [ 108.4395352, 11.9856521 ], [ 108.4394912, 11.9856778 ], [ 108.4394508, 11.9857086 ], [ 108.4394145, 11.985744 ], [ 108.4393448, 11.9858358 ], [ 108.4392697, 11.9859276 ], [ 108.438872, 11.9863704 ], [ 108.4382826, 11.987069 ], [ 108.4382204, 11.9871396 ], [ 108.4381524, 11.987205 ], [ 108.4380791, 11.9872647 ], [ 108.438001, 11.9873182 ], [ 108.4379175, 11.9873657 ], [ 108.4378303, 11.9874063 ], [ 108.4377399, 11.9874395 ], [ 108.4376469, 11.9874651 ], [ 108.4380358, 11.9882732 ], [ 108.4380605, 11.9883284 ], [ 108.4380802, 11.9883853 ], [ 108.4380949, 11.9884438 ], [ 108.438105, 11.9885102 ], [ 108.4381086, 11.9885774 ], [ 108.4381056, 11.9886445 ], [ 108.4380994, 11.9886863 ], [ 108.4380991, 11.9887285 ], [ 108.4381048, 11.9887704 ], [ 108.4381163, 11.9888111 ], [ 108.4381339, 11.9888508 ], [ 108.4381571, 11.9888877 ], [ 108.4381854, 11.9889211 ], [ 108.4382182, 11.9889502 ], [ 108.4382471, 11.9889809 ], [ 108.4382714, 11.9890152 ], [ 108.4382907, 11.9890525 ], [ 108.4383036, 11.989089 ], [ 108.4383117, 11.9891268 ], [ 108.4383148, 11.9891653 ], [ 108.4383248, 11.9892117 ], [ 108.4383389, 11.9892571 ], [ 108.4383605, 11.9893082 ], [ 108.4383872, 11.9893568 ], [ 108.4384999, 11.9895615 ], [ 108.4385392, 11.9896401 ], [ 108.4385723, 11.9897215 ], [ 108.4386001, 11.9898098 ], [ 108.4386206, 11.9898999 ], [ 108.4386504, 11.9900228 ], [ 108.438688, 11.9901437 ], [ 108.4387332, 11.990262 ], [ 108.438775, 11.9903552 ], [ 108.4388216, 11.9904462 ], [ 108.4388727, 11.9905349 ], [ 108.4391355, 11.9909337 ], [ 108.4391626, 11.9909793 ], [ 108.4391818, 11.9910286 ], [ 108.4391925, 11.9910803 ], [ 108.4391946, 11.9911331 ], [ 108.4391888, 11.9911807 ], [ 108.439176, 11.991227 ], [ 108.4391563, 11.9912709 ], [ 108.4391302, 11.9913115 ], [ 108.4388888, 11.9915896 ], [ 108.4388149, 11.9916914 ], [ 108.4387466, 11.9917969 ], [ 108.4386816, 11.9919106 ], [ 108.4386232, 11.9920277 ], [ 108.4384274, 11.9925499 ], [ 108.4384149, 11.9926086 ], [ 108.4384095, 11.9926683 ], [ 108.4384114, 11.9927283 ], [ 108.4384217, 11.9927934 ], [ 108.4384406, 11.9928568 ], [ 108.4384677, 11.9929172 ], [ 108.4389263, 11.9935783 ], [ 108.4391087, 11.993783 ] ] ] } },
{ "type": "Feature", "properties": { "id": "4cee4933-86f2-4df7-928c-d98ffcccaaa1", "region_name": "Phường Xuân Hương - Đà Lạt", "country": "VN", "subtype": "locality", "class": "land" }, "geometry": { "type": "Polygon", "coordinates": [ [ [ 108.471137, 11.9468758 ], [ 108.4710993, 11.9469291 ], [ 108.4710679, 11.9469862 ], [ 108.4710431, 11.9470464 ], [ 108.4708634, 11.9470647 ], [ 108.4707411, 11.9470837 ], [ 108.4706203, 11.9471099 ], [ 108.4705013, 11.9471434 ], [ 108.4703914, 11.9471815 ], [ 108.470284, 11.9472257 ], [ 108.4701794, 11.947276 ], [ 108.4701054, 11.9473111 ], [ 108.4700285, 11.9473396 ], [ 108.4699492, 11.9473611 ], [ 108.4698683, 11.9473757 ], [ 108.4697939, 11.9473827 ], [ 108.4697191, 11.9473837 ], [ 108.4696445, 11.9473787 ], [ 108.4691361, 11.9473193 ], [ 108.4690259, 11.9473015 ], [ 108.4689149, 11.9472901 ], [ 108.4688035, 11.9472851 ], [ 108.4687039, 11.9472862 ], [ 108.4686046, 11.9472923 ], [ 108.4685057, 11.9473035 ], [ 108.4684683, 11.94731 ], [ 108.4684303, 11.9473113 ], [ 108.4683924, 11.9473073 ], [ 108.4683555, 11.9472983 ], [ 108.468323, 11.9472855 ], [ 108.4682925, 11.9472688 ], [ 108.4682643, 11.9472484 ], [ 108.4681891, 11.9472116 ], [ 108.4681115, 11.9471802 ], [ 108.4680292, 11.9471536 ], [ 108.4679452, 11.947133 ], [ 108.4678736, 11.9471038 ], [ 108.4678057, 11.9470673 ], [ 108.4677458, 11.9470269 ], [ 108.4676903, 11.9469808 ], [ 108.467465, 11.9467787 ], [ 108.4673991, 11.9467165 ], [ 108.4673283, 11.9466595 ], [ 108.4672531, 11.9466081 ], [ 108.4671892, 11.9465708 ], [ 108.467123, 11.9465375 ], [ 108.4670547, 11.9465084 ], [ 108.466938, 11.9464651 ], [ 108.4669474, 11.9463273 ], [ 108.4669489, 11.9462957 ], [ 108.466945, 11.9462642 ], [ 108.4669356, 11.9462339 ], [ 108.4669184, 11.946201 ], [ 108.4668948, 11.9461721 ], [ 108.4668659, 11.9461483 ], [ 108.4666738, 11.946017 ], [ 108.4665576, 11.9459449 ], [ 108.4664458, 11.9458665 ], [ 108.4663596, 11.9457993 ], [ 108.4662765, 11.9457284 ], [ 108.4661192, 11.9455126 ], [ 108.4658946, 11.9456385 ], [ 108.465625, 11.9457192 ], [ 108.4652611, 11.9458548 ], [ 108.4651788, 11.9458658 ], [ 108.465131, 11.9458716 ], [ 108.4650846, 11.9458845 ], [ 108.4650398, 11.9459048 ], [ 108.4649988, 11.9459318 ], [ 108.4648231, 11.9460925 ], [ 108.4646004, 11.9462027 ], [ 108.4648881, 11.9467734 ], [ 108.4640124, 11.9475731 ], [ 108.4618818, 11.9453913 ], [ 108.4617778, 11.9452904 ], [ 108.4616693, 11.9451941 ], [ 108.4616093, 11.9451456 ], [ 108.4615564, 11.9451028 ], [ 108.4614395, 11.9450166 ], [ 108.4613032, 11.9449259 ], [ 108.4611624, 11.9448422 ], [ 108.4610175, 11.9447655 ], [ 108.4608687, 11.9446962 ], [ 108.4607165, 11.9446345 ], [ 108.4605613, 11.9445804 ], [ 108.4604035, 11.9445341 ], [ 108.4593071, 11.9442038 ], [ 108.4582555, 11.9438547 ], [ 108.4579858, 11.9437489 ], [ 108.4577197, 11.9436348 ], [ 108.4574574, 11.9435125 ], [ 108.4572592, 11.9440745 ], [ 108.4572461, 11.9441003 ], [ 108.457228, 11.9441231 ], [ 108.4572057, 11.9441419 ], [ 108.45718, 11.9441561 ], [ 108.4571519, 11.9441651 ], [ 108.4571178, 11.9441685 ], [ 108.4570838, 11.9441641 ], [ 108.4570517, 11.9441523 ], [ 108.4570232, 11.9441336 ], [ 108.4566034, 11.9438475 ], [ 108.45647, 11.9438282 ], [ 108.4563954, 11.9437518 ], [ 108.4563178, 11.9436783 ], [ 108.4562302, 11.9436017 ], [ 108.4561394, 11.9435287 ], [ 108.4539641, 11.9420132 ], [ 108.4539117, 11.9419849 ], [ 108.4538561, 11.941963 ], [ 108.4537982, 11.9419479 ], [ 108.4537388, 11.9419398 ], [ 108.4536733, 11.941939 ], [ 108.4536082, 11.9419468 ], [ 108.4534559, 11.9419692 ], [ 108.4533657, 11.9419812 ], [ 108.4532748, 11.9419857 ], [ 108.4531865, 11.941983 ], [ 108.4530988, 11.9419733 ], [ 108.4530121, 11.9419567 ], [ 108.4529945, 11.942155 ], [ 108.4529835, 11.942251 ], [ 108.452969, 11.9423465 ], [ 108.4529382, 11.9425014 ], [ 108.452921, 11.9425693 ], [ 108.4529112, 11.9426387 ], [ 108.4529087, 11.9427087 ], [ 108.4529121, 11.9427644 ], [ 108.4529201, 11.9428196 ], [ 108.4529328, 11.942874 ], [ 108.4529626, 11.9429472 ], [ 108.4529972, 11.9430183 ], [ 108.4530509, 11.94311 ], [ 108.4531125, 11.9431968 ], [ 108.453303, 11.9434382 ], [ 108.4530991, 11.943614 ], [ 108.4529261, 11.9438147 ], [ 108.4530026, 11.9439158 ], [ 108.4527773, 11.9441861 ], [ 108.4529234, 11.944354 ], [ 108.4523079, 11.9447384 ], [ 108.4518734, 11.9445639 ], [ 108.4517253, 11.9449156 ], [ 108.4515106, 11.944972 ], [ 108.4515498, 11.945028 ], [ 108.4516963, 11.945195 ], [ 108.4518868, 11.9454168 ], [ 108.4519083, 11.9454416 ], [ 108.4519342, 11.9454622 ], [ 108.4519634, 11.9454778 ], [ 108.4519951, 11.945488 ], [ 108.4520266, 11.9454922 ], [ 108.4520583, 11.945491 ], [ 108.4520894, 11.9454844 ], [ 108.4521188, 11.9454725 ], [ 108.4524648, 11.9453066 ], [ 108.4525734, 11.9452695 ], [ 108.4526847, 11.9452412 ], [ 108.4527981, 11.9452218 ], [ 108.4529126, 11.9452115 ], [ 108.4530277, 11.9452104 ], [ 108.4531424, 11.9452184 ], [ 108.4532183, 11.9452163 ], [ 108.4532458, 11.9452185 ], [ 108.4533744, 11.9452532 ], [ 108.4534234, 11.9452739 ], [ 108.4534741, 11.9452954 ], [ 108.4535771, 11.9453372 ], [ 108.4536765, 11.9453868 ], [ 108.4537715, 11.9454439 ], [ 108.4538616, 11.9455082 ], [ 108.4539463, 11.9455793 ], [ 108.454025, 11.9456566 ], [ 108.4540972, 11.9457398 ], [ 108.4541624, 11.9458283 ], [ 108.4542204, 11.9459216 ], [ 108.4542627, 11.9460037 ], [ 108.4542706, 11.946019 ], [ 108.4547058, 11.9470398 ], [ 108.4547214, 11.9470758 ], [ 108.4547429, 11.9471089 ], [ 108.4547695, 11.9471382 ], [ 108.4547975, 11.9471607 ], [ 108.4548285, 11.947179 ], [ 108.454862, 11.9471926 ], [ 108.4551242, 11.947276 ], [ 108.455147, 11.9473713 ], [ 108.4551631, 11.947468 ], [ 108.4551721, 11.9475656 ], [ 108.4551739, 11.9476807 ], [ 108.4551661, 11.9477955 ], [ 108.4551568, 11.9479033 ], [ 108.4551538, 11.9480115 ], [ 108.4551571, 11.9481196 ], [ 108.4551693, 11.9482497 ], [ 108.4551906, 11.9483787 ], [ 108.455216, 11.9484845 ], [ 108.4552449, 11.9485893 ], [ 108.4552755, 11.9486879 ], [ 108.4553093, 11.9487855 ], [ 108.4547641, 11.9488511 ], [ 108.4544054, 11.9488675 ], [ 108.4543943, 11.9492506 ], [ 108.4543678, 11.9496239 ], [ 108.4543018, 11.9496286 ], [ 108.4542361, 11.9496367 ], [ 108.4541664, 11.9496488 ], [ 108.4540976, 11.9496645 ], [ 108.4540327, 11.9496834 ], [ 108.4539707, 11.94971 ], [ 108.4539125, 11.9497439 ], [ 108.4538594, 11.9497844 ], [ 108.4538119, 11.9498309 ], [ 108.4537706, 11.9498829 ], [ 108.4537362, 11.9499394 ], [ 108.4533718, 11.9506733 ], [ 108.4533413, 11.950718 ], [ 108.4533037, 11.9507571 ], [ 108.4532601, 11.9507896 ], [ 108.4532108, 11.9508148 ], [ 108.453158, 11.9508316 ], [ 108.453103, 11.9508395 ], [ 108.4530475, 11.9508382 ], [ 108.4529802, 11.9508268 ], [ 108.4529142, 11.9508102 ], [ 108.4528497, 11.9507883 ], [ 108.4527905, 11.9507629 ], [ 108.4527335, 11.9507331 ], [ 108.452679, 11.9506991 ], [ 108.4524627, 11.9507844 ], [ 108.4523411, 11.950835 ], [ 108.4521247, 11.9509288 ], [ 108.4517071, 11.9511019 ], [ 108.4513758, 11.9506125 ], [ 108.4506959, 11.9499499 ], [ 108.4506383, 11.9498984 ], [ 108.4505779, 11.9498502 ], [ 108.4505038, 11.9497985 ], [ 108.4504263, 11.9497518 ], [ 108.4497162, 11.9493628 ], [ 108.4494714, 11.9492483 ], [ 108.4487989, 11.949537 ], [ 108.4487363, 11.9495674 ], [ 108.4486759, 11.9496018 ], [ 108.4486178, 11.9496399 ], [ 108.448543, 11.9496977 ], [ 108.4484737, 11.9497616 ], [ 108.4483446, 11.949903 ], [ 108.4482819, 11.949966 ], [ 108.448213, 11.9500222 ], [ 108.4481444, 11.9500678 ], [ 108.4480717, 11.9501067 ], [ 108.4474745, 11.9503809 ], [ 108.447346, 11.9504434 ], [ 108.4472197, 11.9505102 ], [ 108.4470605, 11.9506026 ], [ 108.4469058, 11.9507019 ], [ 108.4467557, 11.950808 ], [ 108.4466658, 11.9508722 ], [ 108.44658, 11.9509415 ], [ 108.4464985, 11.9510158 ], [ 108.4464218, 11.9510947 ], [ 108.4463622, 11.951163 ], [ 108.4463062, 11.9512341 ], [ 108.4462538, 11.9513079 ], [ 108.4459195, 11.9518084 ], [ 108.4455963, 11.9521784 ], [ 108.4449335, 11.9531727 ], [ 108.4448757, 11.9532555 ], [ 108.4448124, 11.9533343 ], [ 108.444732, 11.9534208 ], [ 108.4446448, 11.9535009 ], [ 108.4440105, 11.9540238 ], [ 108.4435974, 11.9543098 ], [ 108.4435171, 11.9543512 ], [ 108.4434335, 11.9543858 ], [ 108.4433473, 11.9544134 ], [ 108.4432631, 11.9544331 ], [ 108.4431775, 11.954446 ], [ 108.4430911, 11.9544521 ], [ 108.4424575, 11.9544751 ], [ 108.442325, 11.9544703 ], [ 108.4421931, 11.9544575 ], [ 108.4420622, 11.9544367 ], [ 108.4419329, 11.954408 ], [ 108.4418057, 11.9543715 ], [ 108.4416874, 11.9543298 ], [ 108.4415719, 11.9542814 ], [ 108.4414594, 11.9542264 ], [ 108.4413505, 11.9541651 ], [ 108.4412454, 11.9540976 ], [ 108.4406295, 11.9537181 ], [ 108.440556, 11.9536748 ], [ 108.4404857, 11.9536266 ], [ 108.440419, 11.9535738 ], [ 108.4403538, 11.9535142 ], [ 108.4402931, 11.9534503 ], [ 108.4402373, 11.9533822 ], [ 108.4398544, 11.9529099 ], [ 108.4397224, 11.9527488 ], [ 108.4395981, 11.9525821 ], [ 108.4394816, 11.95241 ], [ 108.4393953, 11.9522707 ], [ 108.4393142, 11.9521285 ], [ 108.4392383, 11.9519835 ], [ 108.4391523, 11.9518019 ], [ 108.4390311, 11.9518823 ], [ 108.4389134, 11.9519675 ], [ 108.4387993, 11.9520573 ], [ 108.438689, 11.9521515 ], [ 108.4385788, 11.9522538 ], [ 108.4384731, 11.9523605 ], [ 108.4383721, 11.9524714 ], [ 108.4383027, 11.952551 ], [ 108.4383577, 11.9526855 ], [ 108.4384114, 11.9528902 ], [ 108.4387332, 11.9534071 ], [ 108.4386943, 11.9534425 ], [ 108.4389612, 11.9538506 ], [ 108.4391677, 11.9541917 ], [ 108.4395406, 11.954546 ], [ 108.4397605, 11.9549028 ], [ 108.4398624, 11.955118 ], [ 108.4398249, 11.9551436 ], [ 108.4399174, 11.9552754 ], [ 108.4399912, 11.9554158 ], [ 108.4399724, 11.9554342 ], [ 108.4402349, 11.9557737 ], [ 108.4394437, 11.9563713 ], [ 108.4393388, 11.9564426 ], [ 108.4392301, 11.9565081 ], [ 108.4391121, 11.9565705 ], [ 108.4389907, 11.9566262 ], [ 108.4387553, 11.9567213 ], [ 108.4386997, 11.9567378 ], [ 108.4386424, 11.9567474 ], [ 108.4385844, 11.9567498 ], [ 108.4385311, 11.9567457 ], [ 108.4384786, 11.9567355 ], [ 108.4384278, 11.9567194 ], [ 108.4379373, 11.9565304 ], [ 108.4378662, 11.9565163 ], [ 108.437794, 11.9565104 ], [ 108.4377216, 11.9565127 ], [ 108.4376499, 11.9565231 ], [ 108.4375799, 11.9565415 ], [ 108.4375102, 11.9565688 ], [ 108.4374443, 11.9566041 ], [ 108.4373832, 11.9566468 ], [ 108.4373277, 11.9566963 ], [ 108.4371593, 11.9568668 ], [ 108.4371079, 11.9569056 ], [ 108.4370531, 11.9569397 ], [ 108.4369955, 11.9569689 ], [ 108.4369297, 11.956995 ], [ 108.4368617, 11.9570146 ], [ 108.436792, 11.9570276 ], [ 108.436391, 11.9570998 ], [ 108.4362857, 11.9571071 ], [ 108.4361801, 11.9571058 ], [ 108.4360751, 11.9570958 ], [ 108.4359712, 11.9570772 ], [ 108.4358854, 11.9570549 ], [ 108.4358014, 11.9570268 ], [ 108.4357197, 11.9569929 ], [ 108.4356406, 11.9569535 ], [ 108.4355161, 11.9568822 ], [ 108.4353939, 11.9568072 ], [ 108.4352531, 11.9567141 ], [ 108.4341522, 11.9559191 ], [ 108.4341025, 11.9558906 ], [ 108.4340494, 11.9558688 ], [ 108.4339938, 11.955854 ], [ 108.4339425, 11.955847 ], [ 108.4338907, 11.955846 ], [ 108.4338573, 11.9558488 ], [ 108.4338251, 11.9558576 ], [ 108.4337947, 11.9558726 ], [ 108.4337678, 11.9558931 ], [ 108.4337269, 11.9559424 ], [ 108.4336883, 11.9559934 ], [ 108.4336263, 11.9560869 ], [ 108.4334761, 11.9563516 ], [ 108.4331194, 11.9560666 ], [ 108.4329893, 11.9559459 ], [ 108.4328739, 11.9558291 ], [ 108.4326691, 11.9556254 ], [ 108.4326077, 11.9555688 ], [ 108.432543, 11.9555159 ], [ 108.4324709, 11.955464 ], [ 108.4323955, 11.9554168 ], [ 108.4319653, 11.9551918 ], [ 108.4318179, 11.9551098 ], [ 108.4316039, 11.9549907 ], [ 108.430926, 11.9546922 ], [ 108.4309883, 11.9543032 ], [ 108.4310205, 11.9541589 ], [ 108.4310459, 11.9540621 ], [ 108.4310742, 11.953966 ], [ 108.4313028, 11.9534006 ], [ 108.4315307, 11.9529092 ], [ 108.4315557, 11.9528584 ], [ 108.4315865, 11.9528108 ], [ 108.4316288, 11.9527603 ], [ 108.4316777, 11.9527157 ], [ 108.4317568, 11.9526606 ], [ 108.431795, 11.9526193 ], [ 108.4318173, 11.9525887 ], [ 108.4318366, 11.9525563 ], [ 108.4319767, 11.9523149 ], [ 108.4320076, 11.9522596 ], [ 108.4320333, 11.9522018 ], [ 108.4320535, 11.952142 ], [ 108.4320708, 11.9520658 ], [ 108.4320792, 11.9519882 ], [ 108.432088, 11.9517592 ], [ 108.432093, 11.9517168 ], [ 108.4321028, 11.9516752 ], [ 108.4321176, 11.9516346 ], [ 108.432137, 11.9515959 ], [ 108.4321914, 11.951501 ], [ 108.4322105, 11.9514618 ], [ 108.4322269, 11.9514214 ], [ 108.43224, 11.9513808 ], [ 108.4322503, 11.9513394 ], [ 108.4322855, 11.9512037 ], [ 108.4322993, 11.951159 ], [ 108.4323133, 11.9511305 ], [ 108.4323308, 11.9511039 ], [ 108.4323992, 11.9510087 ], [ 108.43242, 11.9509818 ], [ 108.4324448, 11.9509546 ], [ 108.43265, 11.9507489 ], [ 108.4327307, 11.9506447 ], [ 108.4328055, 11.9505364 ], [ 108.432868, 11.9504351 ], [ 108.4329252, 11.9503309 ], [ 108.4329772, 11.9502241 ], [ 108.4330712, 11.9500342 ], [ 108.4330954, 11.9499921 ], [ 108.4331301, 11.9499375 ], [ 108.4332561, 11.9497374 ], [ 108.4332907, 11.949666 ], [ 108.4333219, 11.949593 ], [ 108.4333514, 11.949513 ], [ 108.4333768, 11.9494317 ], [ 108.4334325, 11.9492595 ], [ 108.433456, 11.9491843 ], [ 108.4334854, 11.9491108 ], [ 108.4335173, 11.9490384 ], [ 108.4335807, 11.9488753 ], [ 108.4336106, 11.948843 ], [ 108.4336347, 11.9488067 ], [ 108.4336632, 11.9487737 ], [ 108.4337018, 11.9487396 ], [ 108.4337452, 11.9487114 ], [ 108.4337923, 11.9486898 ], [ 108.4338422, 11.9486753 ], [ 108.4340125, 11.9486169 ], [ 108.4340507, 11.9485995 ], [ 108.4340865, 11.9485779 ], [ 108.4341195, 11.9485523 ], [ 108.4341576, 11.9485132 ], [ 108.434189, 11.9484687 ], [ 108.434213, 11.9484201 ], [ 108.4342694, 11.9482954 ], [ 108.4342858, 11.9482419 ], [ 108.4342968, 11.9481871 ], [ 108.4343022, 11.9481314 ], [ 108.4342978, 11.9480683 ], [ 108.4342951, 11.9480134 ], [ 108.4342821, 11.9479555 ], [ 108.4342103, 11.9476693 ], [ 108.4342017, 11.9476343 ], [ 108.4341963, 11.9475987 ], [ 108.4341941, 11.9475604 ], [ 108.4341956, 11.947522 ], [ 108.4342103, 11.9473401 ], [ 108.4342164, 11.9472845 ], [ 108.4342164, 11.9472254 ], [ 108.4342129, 11.9471915 ], [ 108.4342068, 11.9471579 ], [ 108.4339062, 11.9460459 ], [ 108.4338794, 11.9459545 ], [ 108.4338563, 11.9458622 ], [ 108.4338275, 11.9457153 ], [ 108.4337893, 11.9454911 ], [ 108.4337456, 11.9452292 ], [ 108.4337078, 11.9447542 ], [ 108.4337022, 11.9447162 ], [ 108.4336917, 11.9446793 ], [ 108.4336766, 11.944644 ], [ 108.4336583, 11.9446127 ], [ 108.4336362, 11.9445838 ], [ 108.4336109, 11.9445577 ], [ 108.43358, 11.9445278 ], [ 108.4335549, 11.9444931 ], [ 108.433523, 11.9444449 ], [ 108.4335148, 11.9444052 ], [ 108.4334908, 11.9441631 ], [ 108.433484, 11.944116 ], [ 108.4334721, 11.9440699 ], [ 108.4334583, 11.9440329 ], [ 108.4334412, 11.9439971 ], [ 108.4329671, 11.9432328 ], [ 108.4328015, 11.942912 ], [ 108.4327597, 11.9428371 ], [ 108.4327104, 11.9427666 ], [ 108.432654, 11.9427014 ], [ 108.4325995, 11.9426495 ], [ 108.4325406, 11.9426025 ], [ 108.4324776, 11.9425607 ], [ 108.4320471, 11.942317 ], [ 108.4314933, 11.9420654 ], [ 108.4319841, 11.9412634 ], [ 108.4315711, 11.9408298 ], [ 108.4311221, 11.9403537 ], [ 108.4310484, 11.9404279 ], [ 108.4309692, 11.9404967 ], [ 108.4308851, 11.9405595 ], [ 108.4308043, 11.9406114 ], [ 108.4307201, 11.9406578 ], [ 108.4306329, 11.9406986 ], [ 108.4293676, 11.9412201 ], [ 108.4291819, 11.9412969 ], [ 108.4289688, 11.9413721 ], [ 108.4287527, 11.9414386 ], [ 108.4285505, 11.9414922 ], [ 108.4283464, 11.9415383 ], [ 108.4280124, 11.9415908 ], [ 108.4279383, 11.9415981 ], [ 108.4278638, 11.9415972 ], [ 108.4277898, 11.9415881 ], [ 108.427729, 11.9415744 ], [ 108.4276698, 11.9415551 ], [ 108.4276128, 11.9415304 ], [ 108.4271233, 11.9412982 ], [ 108.4270267, 11.9412513 ], [ 108.4269275, 11.9412103 ], [ 108.4268232, 11.9411743 ], [ 108.4267169, 11.9411447 ], [ 108.4257815, 11.9409439 ], [ 108.4256909, 11.9409277 ], [ 108.4255993, 11.9409176 ], [ 108.4255072, 11.9409137 ], [ 108.4254205, 11.9409157 ], [ 108.4253341, 11.9409232 ], [ 108.4252484, 11.940936 ], [ 108.4250003, 11.9409951 ], [ 108.4254979, 11.9398851 ], [ 108.4255803, 11.9395885 ], [ 108.4254489, 11.9395695 ], [ 108.425355, 11.939561 ], [ 108.4252967, 11.9395595 ], [ 108.4252384, 11.939561 ], [ 108.4250727, 11.9390691 ], [ 108.4250421, 11.9389916 ], [ 108.4250048, 11.9389169 ], [ 108.4249687, 11.9388572 ], [ 108.4249282, 11.9388002 ], [ 108.4248836, 11.9387462 ], [ 108.4239791, 11.9376483 ], [ 108.4239199, 11.9375863 ], [ 108.423858, 11.9375271 ], [ 108.4237766, 11.9374568 ], [ 108.4236908, 11.9373918 ], [ 108.4236009, 11.9373323 ], [ 108.4235073, 11.9372786 ], [ 108.4234103, 11.9372309 ], [ 108.4232962, 11.937184 ], [ 108.4231788, 11.9371454 ], [ 108.4230589, 11.9371153 ], [ 108.4228536, 11.9370764 ], [ 108.4227692, 11.9370636 ], [ 108.4226842, 11.9370555 ], [ 108.4225759, 11.9370522 ], [ 108.4224676, 11.9370566 ], [ 108.4224106, 11.9370519 ], [ 108.422355, 11.9370388 ], [ 108.422302, 11.9370178 ], [ 108.4222573, 11.9369923 ], [ 108.4222166, 11.936961 ], [ 108.4221806, 11.9369247 ], [ 108.42215, 11.9368839 ], [ 108.4221253, 11.9368394 ], [ 108.4218398, 11.9362456 ], [ 108.4216035, 11.9356805 ], [ 108.4215641, 11.9355984 ], [ 108.4215196, 11.9355225 ], [ 108.4214692, 11.9354502 ], [ 108.4212436, 11.935206 ], [ 108.4212049, 11.9351573 ], [ 108.4211721, 11.9351046 ], [ 108.4211456, 11.9350487 ], [ 108.421127, 11.9349943 ], [ 108.4211143, 11.9349383 ], [ 108.4211078, 11.9348814 ], [ 108.421091, 11.9344575 ], [ 108.4210893, 11.9343874 ], [ 108.421078, 11.9343181 ], [ 108.4210571, 11.9342509 ], [ 108.421032, 11.934196 ], [ 108.4210005, 11.9341443 ], [ 108.420963, 11.9340966 ], [ 108.4209202, 11.9340535 ], [ 108.4208573, 11.9339934 ], [ 108.4207892, 11.9339389 ], [ 108.4207204, 11.9338928 ], [ 108.4206478, 11.9338525 ], [ 108.4205721, 11.9338183 ], [ 108.4204937, 11.9337903 ], [ 108.4201681, 11.9336809 ], [ 108.4198372, 11.9335292 ], [ 108.4195615, 11.9333711 ], [ 108.4195262, 11.9333463 ], [ 108.4194945, 11.9333172 ], [ 108.4194669, 11.9332843 ], [ 108.4194466, 11.9332533 ], [ 108.41943, 11.9332202 ], [ 108.4194173, 11.9331854 ], [ 108.4193201, 11.9330372 ], [ 108.4192925, 11.9330024 ], [ 108.4192606, 11.9329714 ], [ 108.4192248, 11.9329447 ], [ 108.4191765, 11.9329184 ], [ 108.4191246, 11.9329001 ], [ 108.4188665, 11.9328469 ], [ 108.4186529, 11.9327954 ], [ 108.4185713, 11.9327808 ], [ 108.4184886, 11.9327748 ], [ 108.4184037, 11.9327775 ], [ 108.4183196, 11.9327892 ], [ 108.4182593, 11.9328029 ], [ 108.4181982, 11.9328123 ], [ 108.4181365, 11.9328174 ], [ 108.4180474, 11.932817 ], [ 108.4179588, 11.9328076 ], [ 108.4173979, 11.9326901 ], [ 108.4173158, 11.9326702 ], [ 108.4172322, 11.9326571 ], [ 108.4171479, 11.9326508 ], [ 108.4170633, 11.9326515 ], [ 108.416979, 11.932659 ], [ 108.4168923, 11.932674 ], [ 108.4168072, 11.9326964 ], [ 108.4167244, 11.9327259 ], [ 108.4166446, 11.9327623 ], [ 108.4164018, 11.9329028 ], [ 108.4157883, 11.9332884 ], [ 108.4157066, 11.9333282 ], [ 108.4156219, 11.9333616 ], [ 108.4155349, 11.9333884 ], [ 108.415446, 11.9334084 ], [ 108.4153558, 11.9334216 ], [ 108.415259, 11.933428 ], [ 108.415162, 11.9334265 ], [ 108.4150656, 11.9334172 ], [ 108.4147189, 11.9333446 ], [ 108.4143715, 11.9332404 ], [ 108.4141856, 11.9331914 ], [ 108.4141338, 11.9331606 ], [ 108.4140871, 11.9331228 ], [ 108.414004, 11.9330458 ], [ 108.4139241, 11.9329657 ], [ 108.4138388, 11.9328727 ], [ 108.4137578, 11.9327761 ], [ 108.4137295, 11.9327137 ], [ 108.4137104, 11.9326481 ], [ 108.413701, 11.9325805 ], [ 108.4137015, 11.9325123 ], [ 108.4137109, 11.932449 ], [ 108.4137288, 11.9323875 ], [ 108.4137549, 11.9323289 ], [ 108.4137887, 11.9322742 ], [ 108.4139919, 11.9319993 ], [ 108.4140167, 11.9319573 ], [ 108.4140348, 11.9319121 ], [ 108.4140455, 11.9318648 ], [ 108.4140487, 11.9318183 ], [ 108.4140449, 11.9317718 ], [ 108.4140341, 11.9317264 ], [ 108.4139, 11.9314803 ], [ 108.4138627, 11.9314064 ], [ 108.4138208, 11.9313348 ], [ 108.4137746, 11.9312658 ], [ 108.4137165, 11.9311903 ], [ 108.4136531, 11.9311189 ], [ 108.4135848, 11.9310519 ], [ 108.4135556, 11.9310261 ], [ 108.4135317, 11.9309956 ], [ 108.413514, 11.9309612 ], [ 108.4135029, 11.9309243 ], [ 108.4134989, 11.930886 ], [ 108.4135021, 11.9308476 ], [ 108.4135124, 11.9308105 ], [ 108.4135321, 11.9307716 ], [ 108.4135596, 11.9307375 ], [ 108.4135937, 11.9307097 ], [ 108.4136329, 11.9306893 ], [ 108.4136755, 11.9306772 ], [ 108.4137198, 11.930674 ], [ 108.413849, 11.9306701 ], [ 108.413939, 11.9306621 ], [ 108.4140285, 11.9306499 ], [ 108.4141172, 11.9306334 ], [ 108.4141547, 11.9306235 ], [ 108.4141902, 11.9306081 ], [ 108.4142229, 11.9305876 ], [ 108.414252, 11.9305625 ], [ 108.4142774, 11.9305327 ], [ 108.4142976, 11.9304994 ], [ 108.4143124, 11.9304634 ], [ 108.4143237, 11.9303995 ], [ 108.4143288, 11.9303348 ], [ 108.4143278, 11.9302699 ], [ 108.4143202, 11.9302028 ], [ 108.4143059, 11.9301367 ], [ 108.4142851, 11.9300722 ], [ 108.4142581, 11.9300101 ], [ 108.4140723, 11.9297017 ], [ 108.4140217, 11.929631 ], [ 108.4139761, 11.9295571 ], [ 108.4139468, 11.9295026 ], [ 108.4139203, 11.9294469 ], [ 108.4138986, 11.9293733 ], [ 108.4138835, 11.9292982 ], [ 108.4138752, 11.9292222 ], [ 108.4138737, 11.9291409 ], [ 108.4138799, 11.9290599 ], [ 108.4138938, 11.9289797 ], [ 108.4139151, 11.9289012 ], [ 108.4140341, 11.9286704 ], [ 108.4140622, 11.9286027 ], [ 108.4140851, 11.9285331 ], [ 108.4141028, 11.9284621 ], [ 108.4141155, 11.9283876 ], [ 108.4141223, 11.9283123 ], [ 108.4141233, 11.9282367 ], [ 108.414114, 11.9281874 ], [ 108.4140962, 11.9281403 ], [ 108.4140703, 11.928097 ], [ 108.4140506, 11.9280725 ], [ 108.4140283, 11.9280503 ], [ 108.4139814, 11.9280083 ], [ 108.4139301, 11.9279715 ], [ 108.4138752, 11.9279402 ], [ 108.413811, 11.9279126 ], [ 108.4137439, 11.9278926 ], [ 108.4136749, 11.9278806 ], [ 108.4136049, 11.9278765 ], [ 108.4132974, 11.9278612 ], [ 108.413234, 11.9278563 ], [ 108.4131718, 11.9278437 ], [ 108.4131183, 11.9278262 ], [ 108.4130671, 11.9278029 ], [ 108.4130189, 11.9277742 ], [ 108.4128958, 11.9276551 ], [ 108.4128331, 11.927614 ], [ 108.412767, 11.9275782 ], [ 108.412698, 11.927548 ], [ 108.4126267, 11.9275236 ], [ 108.4125535, 11.9275052 ], [ 108.4124765, 11.9274927 ], [ 108.4123986, 11.9274868 ], [ 108.4123205, 11.9274875 ], [ 108.4122427, 11.927495 ], [ 108.4121659, 11.9275091 ], [ 108.4120895, 11.9275323 ], [ 108.4120151, 11.9275612 ], [ 108.4119433, 11.9275958 ], [ 108.4118589, 11.9276457 ], [ 108.4117797, 11.9277033 ], [ 108.4117264, 11.9277503 ], [ 108.4116691, 11.9277924 ], [ 108.411608, 11.9278293 ], [ 108.4115346, 11.9278646 ], [ 108.4114578, 11.9278923 ], [ 108.4114213, 11.9279039 ], [ 108.4113885, 11.9279235 ], [ 108.4113613, 11.92795 ], [ 108.4113459, 11.9279726 ], [ 108.4113346, 11.9279973 ], [ 108.4113277, 11.9280235 ], [ 108.411309, 11.9280989 ], [ 108.4112974, 11.9281757 ], [ 108.4112929, 11.9282531 ], [ 108.4112948, 11.9283209 ], [ 108.4113023, 11.9283883 ], [ 108.4113063, 11.9284122 ], [ 108.4113026, 11.9284362 ], [ 108.4112915, 11.9284578 ], [ 108.4112789, 11.9284713 ], [ 108.4112635, 11.9284816 ], [ 108.4112459, 11.928488 ], [ 108.4112063, 11.9284819 ], [ 108.4111682, 11.9284696 ], [ 108.411131, 11.9284507 ], [ 108.4110976, 11.928426 ], [ 108.4110689, 11.9283962 ], [ 108.4108812, 11.9282072 ], [ 108.4108255, 11.9281618 ], [ 108.4107642, 11.9281237 ], [ 108.4106985, 11.9280937 ], [ 108.4106294, 11.9280723 ], [ 108.410558, 11.9280597 ], [ 108.4104855, 11.9280563 ], [ 108.410424, 11.9280606 ], [ 108.4103634, 11.9280715 ], [ 108.4103043, 11.9280888 ], [ 108.4102475, 11.9281124 ], [ 108.4101937, 11.9281419 ], [ 108.4101436, 11.928177 ], [ 108.4097178, 11.9286396 ], [ 108.4096704, 11.9286897 ], [ 108.4096168, 11.9287335 ], [ 108.4095579, 11.9287702 ], [ 108.4094946, 11.9287992 ], [ 108.4094281, 11.92882 ], [ 108.4093605, 11.9288321 ], [ 108.409292, 11.9288357 ], [ 108.4092235, 11.9288308 ], [ 108.409185, 11.9288251 ], [ 108.4091483, 11.9288121 ], [ 108.4091149, 11.9287924 ], [ 108.4090852, 11.9287659 ], [ 108.4090615, 11.9287341 ], [ 108.4090448, 11.9286983 ], [ 108.4090358, 11.9286599 ], [ 108.4090181, 11.9285492 ], [ 108.4090036, 11.9284946 ], [ 108.4089779, 11.9284261 ], [ 108.4089446, 11.9283607 ], [ 108.4089163, 11.9283174 ], [ 108.408893, 11.9282712 ], [ 108.4088749, 11.928223 ], [ 108.4088603, 11.9281631 ], [ 108.4088537, 11.9281019 ], [ 108.4088552, 11.9280404 ], [ 108.4088648, 11.9279796 ], [ 108.4089071, 11.927706 ], [ 108.4089122, 11.927636 ], [ 108.4089103, 11.9275659 ], [ 108.4089014, 11.9274962 ], [ 108.4088856, 11.9274278 ], [ 108.4088627, 11.9273603 ], [ 108.408833, 11.9272955 ], [ 108.408797, 11.9272338 ], [ 108.4087548, 11.9271759 ], [ 108.4087394, 11.9271543 ], [ 108.4087308, 11.9271293 ], [ 108.4087297, 11.927103 ], [ 108.4087347, 11.9270813 ], [ 108.4087448, 11.9270613 ], [ 108.4087595, 11.9270443 ], [ 108.4087954, 11.9270217 ], [ 108.4088213, 11.9270113 ], [ 108.4088484, 11.9270046 ], [ 108.4091961, 11.9269095 ], [ 108.4092674, 11.9268814 ], [ 108.4093349, 11.9268452 ], [ 108.4093787, 11.9268157 ], [ 108.4094199, 11.9267829 ], [ 108.4094582, 11.9267468 ], [ 108.4095535, 11.9266523 ], [ 108.4095844, 11.9266247 ], [ 108.4096198, 11.9266028 ], [ 108.4096587, 11.9265874 ], [ 108.4096996, 11.9265788 ], [ 108.409746, 11.9265778 ], [ 108.4097916, 11.9265856 ], [ 108.4098348, 11.9266019 ], [ 108.409874, 11.9266261 ], [ 108.4099237, 11.9266662 ], [ 108.409978, 11.9267001 ], [ 108.4100363, 11.9267271 ], [ 108.4100904, 11.926745 ], [ 108.4101462, 11.9267569 ], [ 108.4102031, 11.9267628 ], [ 108.4102602, 11.9267625 ], [ 108.4108222, 11.9267481 ], [ 108.4109343, 11.9267217 ], [ 108.4110454, 11.9266909 ], [ 108.4111551, 11.9266559 ], [ 108.4112833, 11.926609 ], [ 108.4114091, 11.9265562 ], [ 108.4115323, 11.9264978 ], [ 108.4117139, 11.9262734 ], [ 108.4117877, 11.9261911 ], [ 108.4118706, 11.9261088 ], [ 108.4119583, 11.9260315 ], [ 108.4120506, 11.9259595 ], [ 108.4120857, 11.9259276 ], [ 108.4121141, 11.9258898 ], [ 108.4121347, 11.9258475 ], [ 108.4121469, 11.9258022 ], [ 108.4121502, 11.9257554 ], [ 108.4121445, 11.9257089 ], [ 108.4121325, 11.9256702 ], [ 108.4121143, 11.925634 ], [ 108.4120904, 11.9256011 ], [ 108.4120613, 11.9255724 ], [ 108.4119165, 11.9254569 ], [ 108.4118669, 11.9254232 ], [ 108.4118199, 11.9253861 ], [ 108.4117769, 11.9253468 ], [ 108.4117368, 11.9253047 ], [ 108.4115651, 11.9250738 ], [ 108.4115138, 11.9250163 ], [ 108.4114574, 11.9249636 ], [ 108.4113961, 11.9249163 ], [ 108.4113396, 11.9248799 ], [ 108.4112802, 11.924848 ], [ 108.4112184, 11.9248209 ], [ 108.4109759, 11.9247367 ], [ 108.4109448, 11.9247244 ], [ 108.4109179, 11.9247046 ], [ 108.4108972, 11.9246788 ], [ 108.4108838, 11.9246486 ], [ 108.4108791, 11.9246219 ], [ 108.4108803, 11.9245948 ], [ 108.4108874, 11.9245685 ], [ 108.4108999, 11.9245443 ], [ 108.4110884, 11.9243639 ], [ 108.4111196, 11.924327 ], [ 108.4111459, 11.9242865 ], [ 108.4111668, 11.9242432 ], [ 108.4111832, 11.9241933 ], [ 108.4111926, 11.9241417 ], [ 108.4111948, 11.9240893 ], [ 108.4111896, 11.9240372 ], [ 108.4111682, 11.923822 ], [ 108.411164, 11.9237634 ], [ 108.4111649, 11.9237046 ], [ 108.4111708, 11.9236462 ], [ 108.411183, 11.9235834 ], [ 108.4112009, 11.923522 ], [ 108.4112245, 11.9234624 ], [ 108.4112491, 11.9234132 ], [ 108.4112669, 11.9233611 ], [ 108.4112775, 11.9233073 ], [ 108.4112808, 11.9232525 ], [ 108.4112774, 11.9232035 ], [ 108.4112682, 11.9231552 ], [ 108.4112531, 11.9231083 ], [ 108.4112325, 11.9230635 ], [ 108.4110609, 11.9227775 ], [ 108.4110272, 11.9227203 ], [ 108.4109875, 11.922667 ], [ 108.4109422, 11.9226182 ], [ 108.4108918, 11.9225743 ], [ 108.4108369, 11.9225361 ], [ 108.4107711, 11.9225004 ], [ 108.4107015, 11.9224727 ], [ 108.410629, 11.9224533 ], [ 108.4105923, 11.9224478 ], [ 108.4105553, 11.9224458 ], [ 108.410518, 11.9224475 ], [ 108.410481, 11.9224527 ], [ 108.4104086, 11.9224691 ], [ 108.410338, 11.9224917 ], [ 108.4102696, 11.9225203 ], [ 108.4102016, 11.9225561 ], [ 108.4101373, 11.9225978 ], [ 108.4100771, 11.922645 ], [ 108.4100215, 11.9226975 ], [ 108.4098351, 11.9229113 ], [ 108.4098121, 11.9229435 ], [ 108.4097839, 11.9229714 ], [ 108.4097511, 11.9229941 ], [ 108.4097149, 11.923011 ], [ 108.4096763, 11.9230216 ], [ 108.4096364, 11.9230256 ], [ 108.4095964, 11.9230229 ], [ 108.4095554, 11.9230128 ], [ 108.409517, 11.9229957 ], [ 108.4094824, 11.9229721 ], [ 108.4094526, 11.9229428 ], [ 108.4094287, 11.9229087 ], [ 108.4094092, 11.922868 ], [ 108.4093872, 11.9228287 ], [ 108.4093413, 11.9227616 ], [ 108.4092879, 11.9227001 ], [ 108.4092619, 11.9226732 ], [ 108.4092322, 11.9226503 ], [ 108.4091994, 11.9226318 ], [ 108.4091634, 11.922618 ], [ 108.4091257, 11.9226095 ], [ 108.4090705, 11.9226035 ], [ 108.4090151, 11.9226068 ], [ 108.408961, 11.9226194 ], [ 108.4089234, 11.9226342 ], [ 108.408888, 11.9226536 ], [ 108.4088554, 11.9226771 ], [ 108.4088289, 11.9227013 ], [ 108.4087972, 11.9227186 ], [ 108.4087622, 11.922728 ], [ 108.408726, 11.9227291 ], [ 108.4086905, 11.9227217 ], [ 108.4086593, 11.9227072 ], [ 108.4086322, 11.9226862 ], [ 108.4086107, 11.9226597 ], [ 108.4085959, 11.9226292 ], [ 108.4085731, 11.9225531 ], [ 108.4085572, 11.9225291 ], [ 108.4085356, 11.9225098 ], [ 108.4085148, 11.9224987 ], [ 108.4084921, 11.922492 ], [ 108.4084685, 11.9224901 ], [ 108.4084406, 11.922487 ], [ 108.4084135, 11.9224796 ], [ 108.4083798, 11.9224633 ], [ 108.4083505, 11.9224403 ], [ 108.4082405, 11.9223314 ], [ 108.4081693, 11.9222687 ], [ 108.4080936, 11.9222113 ], [ 108.4080139, 11.9221595 ], [ 108.4079358, 11.9221161 ], [ 108.407855, 11.9220781 ], [ 108.4078214, 11.9220591 ], [ 108.4077911, 11.9220356 ], [ 108.4077647, 11.9220079 ], [ 108.4077426, 11.9219767 ], [ 108.4077247, 11.9219408 ], [ 108.4077126, 11.9219025 ], [ 108.4077068, 11.9218629 ], [ 108.4077403, 11.9214811 ], [ 108.407722, 11.9211727 ], [ 108.4077223, 11.9211184 ], [ 108.4077276, 11.9210644 ], [ 108.4077419, 11.9209955 ], [ 108.4077644, 11.9209286 ], [ 108.4077986, 11.9208422 ], [ 108.4078251, 11.9207532 ], [ 108.4078436, 11.9206623 ], [ 108.4078507, 11.9206083 ], [ 108.407855, 11.920554 ], [ 108.4078591, 11.9205079 ], [ 108.4078711, 11.9204631 ], [ 108.4078923, 11.9204181 ], [ 108.4079213, 11.9203775 ], [ 108.4081145, 11.9201925 ], [ 108.4081343, 11.9201647 ], [ 108.4081503, 11.9201345 ], [ 108.4081621, 11.9201026 ], [ 108.4081697, 11.9200681 ], [ 108.4081724, 11.9200329 ], [ 108.4081746, 11.9199625 ], [ 108.4081687, 11.9198915 ], [ 108.4081545, 11.9198215 ], [ 108.4081323, 11.9197536 ], [ 108.4081024, 11.9196886 ], [ 108.4079227, 11.9193921 ], [ 108.4079008, 11.919355 ], [ 108.407874, 11.9193212 ], [ 108.4078426, 11.9192914 ], [ 108.4078073, 11.9192661 ], [ 108.4077611, 11.9192424 ], [ 108.4077114, 11.9192266 ], [ 108.4076598, 11.9192189 ], [ 108.407405, 11.9192294 ], [ 108.4073586, 11.9192318 ], [ 108.4073122, 11.9192279 ], [ 108.4072669, 11.9192175 ], [ 108.4072284, 11.9192032 ], [ 108.4071919, 11.9191843 ], [ 108.4071583, 11.9191611 ], [ 108.4069732, 11.9189879 ], [ 108.4069046, 11.9189404 ], [ 108.4068322, 11.9188985 ], [ 108.4067566, 11.9188627 ], [ 108.4066781, 11.9188331 ], [ 108.4065846, 11.9188068 ], [ 108.4064889, 11.9187895 ], [ 108.4063919, 11.9187811 ], [ 108.4062946, 11.9187819 ], [ 108.4062291, 11.9187424 ], [ 108.4061591, 11.918711 ], [ 108.4060911, 11.9186895 ], [ 108.406021, 11.9186756 ], [ 108.4058148, 11.9186503 ], [ 108.4057195, 11.9186339 ], [ 108.4056229, 11.918627 ], [ 108.4055261, 11.9186297 ], [ 108.405456, 11.9186377 ], [ 108.4053867, 11.9186507 ], [ 108.4053272, 11.9186765 ], [ 108.4052649, 11.9186951 ], [ 108.4052009, 11.9187063 ], [ 108.4051359, 11.9187097 ], [ 108.4050663, 11.9187049 ], [ 108.404998, 11.9186912 ], [ 108.404932, 11.918669 ], [ 108.4048594, 11.9186398 ], [ 108.4047845, 11.9186166 ], [ 108.4046985, 11.918598 ], [ 108.404611, 11.9185875 ], [ 108.404523, 11.9185851 ], [ 108.40448, 11.9185806 ], [ 108.4044387, 11.918568 ], [ 108.4044007, 11.9185477 ], [ 108.4043675, 11.9185205 ], [ 108.4043404, 11.9184875 ], [ 108.4043205, 11.9184499 ], [ 108.4043086, 11.9184099 ], [ 108.4043048, 11.9183684 ], [ 108.4043092, 11.918327 ], [ 108.4043218, 11.9182872 ], [ 108.4043419, 11.9182505 ], [ 108.4045404, 11.9179697 ], [ 108.4045895, 11.917893 ], [ 108.4046323, 11.9178128 ], [ 108.4046732, 11.9177177 ], [ 108.4046918, 11.9176389 ], [ 108.404704, 11.9175589 ], [ 108.4047096, 11.9174836 ], [ 108.4047094, 11.917408 ], [ 108.4047062, 11.9173422 ], [ 108.4046975, 11.9172769 ], [ 108.4046833, 11.9172125 ], [ 108.4046638, 11.9171495 ], [ 108.4046321, 11.9170735 ], [ 108.4045926, 11.9170011 ], [ 108.4045458, 11.916933 ], [ 108.4045101, 11.9168711 ], [ 108.4044805, 11.9168062 ], [ 108.4044573, 11.9167388 ], [ 108.4044404, 11.9166686 ], [ 108.4044304, 11.9165971 ], [ 108.4044304, 11.9165246 ], [ 108.404439, 11.9164525 ], [ 108.4044559, 11.9163819 ], [ 108.4044779, 11.916321 ], [ 108.4045062, 11.9162626 ], [ 108.4045404, 11.9162074 ], [ 108.4045575, 11.9161797 ], [ 108.4045685, 11.9161492 ], [ 108.404573, 11.9161172 ], [ 108.4045707, 11.916085 ], [ 108.4045619, 11.9160538 ], [ 108.4045452, 11.9160228 ], [ 108.4045221, 11.9159962 ], [ 108.4044935, 11.9159751 ], [ 108.4044515, 11.9159624 ], [ 108.4044085, 11.915954 ], [ 108.4043647, 11.9159502 ], [ 108.4043151, 11.9159512 ], [ 108.404266, 11.9159581 ], [ 108.404218, 11.9159706 ], [ 108.404172, 11.9159886 ], [ 108.4040402, 11.9160568 ], [ 108.4039879, 11.9160833 ], [ 108.403932, 11.9161012 ], [ 108.4038739, 11.9161103 ], [ 108.4038315, 11.9161111 ], [ 108.4037893, 11.9161071 ], [ 108.4037478, 11.9160985 ], [ 108.4036281, 11.9160647 ], [ 108.4035062, 11.9160395 ], [ 108.4033827, 11.9160229 ], [ 108.4032583, 11.9160151 ], [ 108.4031467, 11.9160156 ], [ 108.4030353, 11.9160231 ], [ 108.4029247, 11.9160377 ], [ 108.4028153, 11.9160592 ], [ 108.4027075, 11.9160876 ], [ 108.4026649, 11.9160991 ], [ 108.402621, 11.9161033 ], [ 108.4025769, 11.9161 ], [ 108.4025341, 11.9160893 ], [ 108.4024966, 11.9160729 ], [ 108.4024623, 11.9160509 ], [ 108.4024321, 11.9160237 ], [ 108.4024067, 11.9159922 ], [ 108.4023701, 11.915949 ], [ 108.4023292, 11.9159095 ], [ 108.4022847, 11.9158741 ], [ 108.4022215, 11.9158345 ], [ 108.4021536, 11.9158032 ], [ 108.4020823, 11.9157806 ], [ 108.4020557, 11.9157641 ], [ 108.4020342, 11.9157415 ], [ 108.4020193, 11.9157144 ], [ 108.4020118, 11.9156844 ], [ 108.4020122, 11.9156539 ], [ 108.4020204, 11.9156244 ], [ 108.4020359, 11.9155978 ], [ 108.4020664, 11.915559 ], [ 108.4020902, 11.9155158 ], [ 108.4021061, 11.9154721 ], [ 108.402115, 11.9154264 ], [ 108.4021195, 11.9153883 ], [ 108.4021291, 11.9153511 ], [ 108.4021437, 11.9153153 ], [ 108.402163, 11.9152816 ], [ 108.402333, 11.9150933 ], [ 108.4023628, 11.9150608 ], [ 108.402388, 11.9150247 ], [ 108.4024081, 11.9149857 ], [ 108.4024249, 11.9149362 ], [ 108.4024335, 11.9148847 ], [ 108.4024363, 11.9148399 ], [ 108.4024435, 11.9147956 ], [ 108.402455, 11.9147521 ], [ 108.402478, 11.9146939 ], [ 108.4025086, 11.9146393 ], [ 108.4025368, 11.9145847 ], [ 108.4025605, 11.9145282 ], [ 108.4025797, 11.91447 ], [ 108.4025979, 11.914392 ], [ 108.4026079, 11.9143125 ], [ 108.4026077, 11.9142698 ], [ 108.4026014, 11.9142276 ], [ 108.4025891, 11.9141866 ], [ 108.402571, 11.9141478 ], [ 108.4025475, 11.9141118 ], [ 108.402517, 11.9140773 ], [ 108.4024815, 11.9140477 ], [ 108.4024418, 11.9140237 ], [ 108.4023989, 11.9140057 ], [ 108.4023537, 11.9139943 ], [ 108.4018383, 11.913871 ], [ 108.4018105, 11.9138645 ], [ 108.4017844, 11.913853 ], [ 108.401761, 11.9138369 ], [ 108.4017375, 11.9138122 ], [ 108.4017203, 11.9137831 ], [ 108.4017103, 11.9137509 ], [ 108.4016772, 11.9135987 ], [ 108.4016593, 11.9135489 ], [ 108.4016357, 11.9135015 ], [ 108.4016066, 11.9134571 ], [ 108.4015726, 11.9134163 ], [ 108.4015318, 11.9133778 ], [ 108.4014865, 11.9133444 ], [ 108.4014374, 11.9133166 ], [ 108.4013853, 11.9132949 ], [ 108.4013275, 11.9132684 ], [ 108.4012741, 11.9132342 ], [ 108.401226, 11.9131932 ], [ 108.4011841, 11.913146 ], [ 108.4011538, 11.9131011 ], [ 108.4011292, 11.9130531 ], [ 108.4011105, 11.9130025 ], [ 108.4010983, 11.9129501 ], [ 108.4010924, 11.9128967 ], [ 108.401079, 11.9125109 ], [ 108.401078, 11.9124701 ], [ 108.4010684, 11.9124305 ], [ 108.4010506, 11.9123937 ], [ 108.4010254, 11.9123613 ], [ 108.4009993, 11.9123385 ], [ 108.4009695, 11.9123205 ], [ 108.400937, 11.9123078 ], [ 108.4009027, 11.9123009 ], [ 108.4008418, 11.9122805 ], [ 108.4007838, 11.9122532 ], [ 108.4007386, 11.9122257 ], [ 108.4006962, 11.912194 ], [ 108.4006573, 11.9121585 ], [ 108.40045, 11.9118941 ], [ 108.4004258, 11.9118485 ], [ 108.40041, 11.9117994 ], [ 108.4004031, 11.9117485 ], [ 108.4004049, 11.9116998 ], [ 108.4004149, 11.9116522 ], [ 108.4004326, 11.9116067 ], [ 108.4005332, 11.9114086 ], [ 108.4005545, 11.9113499 ], [ 108.4005672, 11.9112888 ], [ 108.4005708, 11.9112266 ], [ 108.4005654, 11.9111645 ], [ 108.4005504, 11.911102 ], [ 108.4005263, 11.9110422 ], [ 108.4004935, 11.9109866 ], [ 108.4004527, 11.9109362 ], [ 108.4003644, 11.9108693 ], [ 108.4002731, 11.9108063 ], [ 108.4001791, 11.9107472 ], [ 108.4000494, 11.9106745 ], [ 108.3999156, 11.9106092 ], [ 108.3997782, 11.9105517 ], [ 108.3997767, 11.9104715 ], [ 108.399771, 11.9103914 ], [ 108.3997573, 11.9102866 ], [ 108.3997366, 11.910183 ], [ 108.3999699, 11.9099231 ], [ 108.4001738, 11.9097499 ], [ 108.4002382, 11.9095557 ], [ 108.4003052, 11.9094323 ], [ 108.4003786, 11.9093123 ], [ 108.4004581, 11.9091962 ], [ 108.4005523, 11.909073 ], [ 108.4006534, 11.9089552 ], [ 108.4007611, 11.9088431 ], [ 108.4008749, 11.9087369 ], [ 108.4009945, 11.9086372 ], [ 108.4010781, 11.9084889 ], [ 108.4011662, 11.9083432 ], [ 108.4012909, 11.9081526 ], [ 108.4014233, 11.907967 ], [ 108.4015632, 11.9077868 ], [ 108.4023625, 11.9077238 ], [ 108.4028292, 11.9078131 ], [ 108.4029089, 11.9078269 ], [ 108.4029896, 11.9078339 ], [ 108.4030706, 11.9078341 ], [ 108.4031466, 11.9078279 ], [ 108.4032219, 11.9078156 ], [ 108.4032959, 11.9077973 ], [ 108.4036875, 11.9076031 ], [ 108.404417, 11.9069864 ], [ 108.4053183, 11.9069391 ], [ 108.4039557, 11.9059234 ], [ 108.4038847, 11.9058125 ], [ 108.403822, 11.9056968 ], [ 108.4037679, 11.905577 ], [ 108.4037262, 11.9054638 ], [ 108.4036921, 11.9053482 ], [ 108.403666, 11.9052306 ], [ 108.4036231, 11.9046322 ], [ 108.4033361, 11.9037162 ], [ 108.403307, 11.9036459 ], [ 108.4032706, 11.9035788 ], [ 108.4032273, 11.9035159 ], [ 108.4031776, 11.9034576 ], [ 108.403122, 11.9034047 ], [ 108.403061, 11.9033578 ], [ 108.4029955, 11.9033173 ], [ 108.4029208, 11.9032815 ], [ 108.4028425, 11.903254 ], [ 108.4027615, 11.9032353 ], [ 108.402679, 11.9032254 ], [ 108.4020621, 11.9031887 ], [ 108.401996, 11.9031827 ], [ 108.4019307, 11.9031711 ], [ 108.4018667, 11.9031538 ], [ 108.4018046, 11.9031309 ], [ 108.4017466, 11.9031038 ], [ 108.4016912, 11.9030718 ], [ 108.4016389, 11.9030353 ], [ 108.40159, 11.9029945 ], [ 108.4014291, 11.9026323 ], [ 108.4006727, 11.9016244 ], [ 108.4005654, 11.9012938 ], [ 108.4004044, 11.9002859 ], [ 108.3999324, 11.9002649 ], [ 108.3998603, 11.9002646 ], [ 108.3997885, 11.9002576 ], [ 108.3997178, 11.9002439 ], [ 108.3996541, 11.9002256 ], [ 108.3995924, 11.9002018 ], [ 108.399533, 11.9001729 ], [ 108.3994764, 11.9001389 ], [ 108.3993316, 11.89995 ], [ 108.3990875, 11.8997349 ], [ 108.3990361, 11.8996873 ], [ 108.3989903, 11.8996346 ], [ 108.3989507, 11.8995773 ], [ 108.3989152, 11.8995109 ], [ 108.3988879, 11.8994408 ], [ 108.3988693, 11.8993682 ], [ 108.3988595, 11.8992938 ], [ 108.3983499, 11.8983752 ], [ 108.3980173, 11.8979448 ], [ 108.3975989, 11.8975511 ], [ 108.3962417, 11.8966378 ], [ 108.3961661, 11.8965875 ], [ 108.3960965, 11.8965296 ], [ 108.3960336, 11.8964649 ], [ 108.395978, 11.8963939 ], [ 108.3959305, 11.8963176 ], [ 108.3958924, 11.8962387 ], [ 108.3958629, 11.8961563 ], [ 108.3958423, 11.8960714 ], [ 108.3958308, 11.8959849 ], [ 108.3958286, 11.8958976 ], [ 108.3958232, 11.8955039 ], [ 108.3963275, 11.8950315 ], [ 108.3966386, 11.8948058 ], [ 108.3967105, 11.8947499 ], [ 108.3967774, 11.8946885 ], [ 108.3968389, 11.8946219 ], [ 108.3968947, 11.8945506 ], [ 108.3969444, 11.8944751 ], [ 108.3969836, 11.8944038 ], [ 108.3970174, 11.8943299 ], [ 108.3970455, 11.8942538 ], [ 108.3970678, 11.8941759 ], [ 108.3972126, 11.8934357 ], [ 108.3976123, 11.8931654 ], [ 108.3976465, 11.8931412 ], [ 108.3976755, 11.8931111 ], [ 108.3976981, 11.8930762 ], [ 108.397711, 11.893046 ], [ 108.3977191, 11.8930142 ], [ 108.3977222, 11.8929817 ], [ 108.3977169, 11.8925958 ], [ 108.3973092, 11.8913413 ], [ 108.3970302, 11.8907953 ], [ 108.3966708, 11.8903859 ], [ 108.3965313, 11.8901654 ], [ 108.396247, 11.8898557 ], [ 108.3960271, 11.8891995 ], [ 108.3958608, 11.8887901 ], [ 108.3957937, 11.8880919 ], [ 108.3958232, 11.8874226 ], [ 108.396467, 11.8865801 ], [ 108.3964831, 11.8859344 ], [ 108.3959788, 11.8854462 ], [ 108.3951259, 11.8849843 ], [ 108.3949844, 11.8849325 ], [ 108.3948413, 11.8848852 ], [ 108.3946967, 11.8848426 ], [ 108.3944966, 11.8847917 ], [ 108.3942944, 11.8847497 ], [ 108.3940905, 11.8847166 ], [ 108.3940271, 11.8847014 ], [ 108.3939661, 11.8846787 ], [ 108.3939084, 11.8846488 ], [ 108.3938548, 11.8846123 ], [ 108.3938062, 11.8845696 ], [ 108.3937673, 11.8845264 ], [ 108.3937335, 11.8844792 ], [ 108.3937052, 11.8844286 ], [ 108.3936828, 11.8843754 ], [ 108.3936468, 11.8843022 ], [ 108.3936024, 11.8842336 ], [ 108.3935681, 11.8841906 ], [ 108.3935304, 11.8841502 ], [ 108.3934897, 11.8841129 ], [ 108.3926153, 11.883441 ], [ 108.3923095, 11.8829738 ], [ 108.392213, 11.8826378 ], [ 108.3920467, 11.8823281 ], [ 108.3920215, 11.8819901 ], [ 108.3917507, 11.8816263 ], [ 108.3916953, 11.8815588 ], [ 108.3916463, 11.8814867 ], [ 108.3916038, 11.8814107 ], [ 108.3915725, 11.8813417 ], [ 108.3915467, 11.8812705 ], [ 108.3915265, 11.8811975 ], [ 108.391512, 11.8811233 ], [ 108.3914937, 11.8796862 ], [ 108.3914978, 11.8795788 ], [ 108.3915116, 11.8794723 ], [ 108.391535, 11.8793673 ], [ 108.3915653, 11.8792715 ], [ 108.3916037, 11.8791785 ], [ 108.3916497, 11.8790889 ], [ 108.3918699, 11.8787857 ], [ 108.3925885, 11.8787925 ], [ 108.3936212, 11.8781783 ], [ 108.3941871, 11.8778423 ], [ 108.3947262, 11.8774303 ], [ 108.3951581, 11.8771835 ], [ 108.3958984, 11.8766638 ], [ 108.3959843, 11.8765834 ], [ 108.3960644, 11.8764973 ], [ 108.3961383, 11.8764061 ], [ 108.3962055, 11.87631 ], [ 108.3962658, 11.8762097 ], [ 108.396323, 11.876097 ], [ 108.3963713, 11.8759803 ], [ 108.3964107, 11.8758605 ], [ 108.3964409, 11.8757381 ], [ 108.3964616, 11.8756139 ], [ 108.3965971, 11.8756429 ], [ 108.396734, 11.8756639 ], [ 108.396872, 11.8756769 ], [ 108.3969888, 11.8756816 ], [ 108.3971058, 11.8756805 ], [ 108.3972225, 11.8756737 ], [ 108.3973387, 11.8756612 ], [ 108.3974258, 11.8756396 ], [ 108.3975109, 11.8756115 ], [ 108.3975935, 11.8755772 ], [ 108.3976744, 11.875536 ], [ 108.3977517, 11.8754889 ], [ 108.397825, 11.875436 ], [ 108.3978939, 11.8753777 ], [ 108.3981219, 11.8750811 ], [ 108.3981793, 11.8749739 ], [ 108.3982292, 11.8748632 ], [ 108.3982652, 11.8747678 ], [ 108.3982956, 11.8746706 ], [ 108.3983204, 11.8745719 ], [ 108.3983794, 11.8742359 ], [ 108.3983861, 11.8741822 ], [ 108.3983987, 11.8741295 ], [ 108.398417, 11.8740784 ], [ 108.3984463, 11.8740196 ], [ 108.3984832, 11.8739651 ], [ 108.3985269, 11.8739157 ], [ 108.3985995, 11.8738489 ], [ 108.3986691, 11.8737792 ], [ 108.3987419, 11.8736993 ], [ 108.3988108, 11.8736161 ], [ 108.3988756, 11.8735298 ], [ 108.3989262, 11.8734725 ], [ 108.3989817, 11.8734199 ], [ 108.3990419, 11.8733723 ], [ 108.3991122, 11.8733268 ], [ 108.3991866, 11.8732881 ], [ 108.3992645, 11.8732568 ], [ 108.3995086, 11.8731676 ], [ 108.3997359, 11.8730416 ], [ 108.3997866, 11.873017 ], [ 108.3998399, 11.8729983 ], [ 108.3998903, 11.8729865 ], [ 108.3999418, 11.8729799 ], [ 108.4000203, 11.8729702 ], [ 108.4000971, 11.8729518 ], [ 108.4001713, 11.872925 ], [ 108.4002419, 11.87289 ], [ 108.4003079, 11.8728474 ], [ 108.4003684, 11.8727978 ], [ 108.4004226, 11.8727418 ], [ 108.40047, 11.8726801 ], [ 108.40051, 11.8726136 ], [ 108.4005419, 11.872543 ], [ 108.4005654, 11.8724694 ], [ 108.4005912, 11.87238 ], [ 108.4006258, 11.8722934 ], [ 108.4006689, 11.8722106 ], [ 108.40072, 11.8721322 ], [ 108.4007752, 11.872063 ], [ 108.4008367, 11.8719991 ], [ 108.4009039, 11.871941 ], [ 108.4009763, 11.8718891 ], [ 108.4010532, 11.871844 ], [ 108.4011222, 11.8718149 ], [ 108.4011874, 11.8717782 ], [ 108.4012478, 11.8717344 ], [ 108.4013027, 11.8716842 ], [ 108.4013513, 11.8716281 ], [ 108.4013905, 11.8715711 ], [ 108.4014233, 11.8715103 ], [ 108.4014492, 11.8714463 ], [ 108.401468, 11.8713801 ], [ 108.4014831, 11.8713381 ], [ 108.4015015, 11.8712974 ], [ 108.401531, 11.8712452 ], [ 108.4015659, 11.8711963 ], [ 108.4019441, 11.8707711 ], [ 108.4020246, 11.8707021 ], [ 108.4021106, 11.8706398 ], [ 108.4022016, 11.8705847 ], [ 108.4023024, 11.8705347 ], [ 108.4024072, 11.8704935 ], [ 108.4025154, 11.8704614 ], [ 108.4028828, 11.870359 ], [ 108.4030379, 11.8703093 ], [ 108.40319, 11.8702515 ], [ 108.4033388, 11.8701858 ], [ 108.4034837, 11.8701123 ], [ 108.4036033, 11.870044 ], [ 108.4037196, 11.8699705 ], [ 108.4038323, 11.8698918 ], [ 108.4039133, 11.8698169 ], [ 108.4039902, 11.8697381 ], [ 108.404063, 11.8696555 ], [ 108.4041363, 11.869563 ], [ 108.4042043, 11.8694666 ], [ 108.4042669, 11.8693668 ], [ 108.404464, 11.8690387 ], [ 108.40452, 11.8689378 ], [ 108.4045673, 11.8688326 ], [ 108.4046012, 11.8687379 ], [ 108.4046281, 11.8686411 ], [ 108.4046477, 11.8685426 ], [ 108.4046549, 11.868462 ], [ 108.4046704, 11.8683825 ], [ 108.4046943, 11.8683051 ], [ 108.4047262, 11.8682304 ], [ 108.4047657, 11.8681594 ], [ 108.4048117, 11.8680938 ], [ 108.4048643, 11.8680331 ], [ 108.4049228, 11.867978 ], [ 108.4049867, 11.8679289 ], [ 108.4050554, 11.8678864 ], [ 108.4051578, 11.8678399 ], [ 108.405258, 11.8677891 ], [ 108.4053558, 11.8677341 ], [ 108.4054538, 11.8676733 ], [ 108.405549, 11.8676082 ], [ 108.4056155, 11.8675688 ], [ 108.4056854, 11.8675354 ], [ 108.4057582, 11.8675084 ], [ 108.4058276, 11.8674892 ], [ 108.4058985, 11.8674757 ], [ 108.4059703, 11.8674681 ], [ 108.4060425, 11.8674664 ], [ 108.4063214, 11.8674454 ], [ 108.4074158, 11.8668889 ], [ 108.4081722, 11.8665424 ], [ 108.4094489, 11.8658757 ], [ 108.4095868, 11.8658155 ], [ 108.4097282, 11.8657634 ], [ 108.4098724, 11.8657195 ], [ 108.410019, 11.865684 ], [ 108.4101675, 11.865657 ], [ 108.4103174, 11.8656387 ], [ 108.4104681, 11.865629 ], [ 108.4106209, 11.865628 ], [ 108.4107735, 11.865636 ], [ 108.4109253, 11.8656529 ], [ 108.4110758, 11.8656786 ], [ 108.4112244, 11.865713 ], [ 108.4113708, 11.865756 ], [ 108.4115142, 11.8658075 ], [ 108.4119755, 11.8660227 ], [ 108.4120573, 11.8660569 ], [ 108.4121415, 11.8660849 ], [ 108.4122277, 11.8661067 ], [ 108.4123216, 11.866123 ], [ 108.4124166, 11.8661317 ], [ 108.412512, 11.866133 ], [ 108.4128446, 11.8661067 ], [ 108.4129105, 11.8660988 ], [ 108.4129753, 11.8660847 ], [ 108.4130385, 11.8660645 ], [ 108.4130994, 11.8660385 ], [ 108.4131681, 11.8660002 ], [ 108.4132318, 11.8659545 ], [ 108.4132898, 11.865902 ], [ 108.4133266, 11.865848 ], [ 108.4133595, 11.8657917 ], [ 108.4133915, 11.8657272 ], [ 108.4134186, 11.8656605 ], [ 108.4135312, 11.8653875 ], [ 108.4135913, 11.8652748 ], [ 108.41366, 11.865167 ], [ 108.4137196, 11.8650863 ], [ 108.413784, 11.8650092 ], [ 108.4138531, 11.864936 ], [ 108.4146846, 11.8641748 ], [ 108.4148028, 11.8640837 ], [ 108.4149246, 11.8639973 ], [ 108.4150497, 11.8639156 ], [ 108.4151781, 11.8638388 ], [ 108.4152974, 11.8637733 ], [ 108.4154191, 11.863712 ], [ 108.4155429, 11.8636551 ], [ 108.4160578, 11.8634398 ], [ 108.4161702, 11.8633868 ], [ 108.4162793, 11.8633279 ], [ 108.4163851, 11.8632633 ], [ 108.416487, 11.8631931 ], [ 108.4165979, 11.8631068 ], [ 108.4167031, 11.8630139 ], [ 108.4168022, 11.8629148 ], [ 108.4168948, 11.8628099 ], [ 108.4174177, 11.8621484 ], [ 108.417461, 11.8620686 ], [ 108.4174971, 11.8619855 ], [ 108.4175256, 11.8618997 ], [ 108.4175465, 11.8618117 ], [ 108.4175582, 11.8617335 ], [ 108.4175638, 11.8616546 ], [ 108.4175633, 11.8615755 ], [ 108.4175566, 11.8614967 ], [ 108.4174083, 11.8603503 ], [ 108.4174015, 11.8602905 ], [ 108.4174008, 11.8602304 ], [ 108.4174062, 11.8601705 ], [ 108.4174177, 11.8601114 ], [ 108.4174385, 11.8600446 ], [ 108.417467, 11.8599805 ], [ 108.4175029, 11.8599201 ], [ 108.4175457, 11.8598642 ], [ 108.4175947, 11.8598135 ], [ 108.4180923, 11.8593357 ], [ 108.4181468, 11.8592624 ], [ 108.4181947, 11.8591847 ], [ 108.4182358, 11.8591034 ], [ 108.4182682, 11.859023 ], [ 108.4182939, 11.8589402 ], [ 108.4183126, 11.8588557 ], [ 108.4183243, 11.85877 ], [ 108.4183409, 11.8586579 ], [ 108.4183645, 11.8585469 ], [ 108.4183939, 11.8584416 ], [ 108.4184297, 11.8583383 ], [ 108.4184718, 11.8582372 ], [ 108.4186676, 11.8577437 ], [ 108.4187026, 11.8576544 ], [ 108.4187435, 11.8575675 ], [ 108.41879, 11.8574834 ], [ 108.418842, 11.8574024 ], [ 108.4189031, 11.85732 ], [ 108.4189699, 11.8572419 ], [ 108.4190421, 11.8571685 ], [ 108.4191193, 11.8571001 ], [ 108.4192011, 11.8570371 ], [ 108.4192872, 11.8569798 ], [ 108.4197754, 11.8566674 ], [ 108.4199125, 11.8565865 ], [ 108.4200521, 11.8565095 ], [ 108.4201938, 11.8564364 ], [ 108.4203905, 11.8563434 ], [ 108.4205908, 11.8562579 ], [ 108.4212828, 11.8559902 ], [ 108.4243083, 11.8545674 ], [ 108.4254134, 11.8536775 ], [ 108.4258238, 11.8535935 ], [ 108.4263972, 11.853522 ], [ 108.4286737, 11.8593433 ], [ 108.42864, 11.8594653 ], [ 108.428612, 11.8595886 ], [ 108.4285896, 11.8597131 ], [ 108.428573, 11.8598384 ], [ 108.4285602, 11.8599974 ], [ 108.4285566, 11.8601568 ], [ 108.4285623, 11.8603161 ], [ 108.4285766, 11.8603881 ], [ 108.4285981, 11.8604584 ], [ 108.4286267, 11.8605261 ], [ 108.4286575, 11.8605834 ], [ 108.4286933, 11.8606378 ], [ 108.4287339, 11.8606889 ], [ 108.428911, 11.8609304 ], [ 108.4289522, 11.8610027 ], [ 108.4289888, 11.8610774 ], [ 108.4290191, 11.8611501 ], [ 108.4290451, 11.8612244 ], [ 108.4291121, 11.8614449 ], [ 108.4294099, 11.8618557 ], [ 108.4315717, 11.8632561 ], [ 108.4322101, 11.8634976 ], [ 108.4323089, 11.8635367 ], [ 108.4324039, 11.8635841 ], [ 108.4324944, 11.8636393 ], [ 108.43257, 11.8636944 ], [ 108.4326411, 11.863755 ], [ 108.4327072, 11.8638208 ], [ 108.432768, 11.8638913 ], [ 108.433353, 11.8646207 ], [ 108.4334855, 11.8646398 ], [ 108.4336167, 11.8646664 ], [ 108.433746, 11.8647004 ], [ 108.4338731, 11.8647418 ], [ 108.4340034, 11.8647928 ], [ 108.4341303, 11.8648515 ], [ 108.4342533, 11.8649177 ], [ 108.4343719, 11.8649911 ], [ 108.4347823, 11.865314 ], [ 108.4348206, 11.865343 ], [ 108.4348619, 11.8653676 ], [ 108.4349057, 11.8653875 ], [ 108.4349475, 11.8654014 ], [ 108.4349906, 11.8654111 ], [ 108.4350345, 11.8654164 ], [ 108.4352624, 11.865419 ], [ 108.4353147, 11.8654217 ], [ 108.4353657, 11.8654328 ], [ 108.4354017, 11.865446 ], [ 108.4354359, 11.8654634 ], [ 108.4354676, 11.8654846 ], [ 108.4357046, 11.8657002 ], [ 108.4360591, 11.8660227 ], [ 108.4362642, 11.8663298 ], [ 108.4363321, 11.8664285 ], [ 108.4364069, 11.8665223 ], [ 108.4364882, 11.8666107 ], [ 108.4365754, 11.8666931 ], [ 108.4366684, 11.8667694 ], [ 108.4370615, 11.867091 ], [ 108.4371396, 11.8671592 ], [ 108.4372132, 11.8672319 ], [ 108.4372821, 11.8673089 ], [ 108.4373422, 11.8673845 ], [ 108.4373976, 11.8674633 ], [ 108.4374484, 11.8675452 ], [ 108.4375337, 11.8676776 ], [ 108.4376259, 11.8678056 ], [ 108.4377246, 11.8679288 ], [ 108.4378298, 11.8680468 ], [ 108.4379411, 11.8681593 ], [ 108.4380581, 11.8682661 ], [ 108.4381807, 11.8683667 ], [ 108.4383092, 11.8684616 ], [ 108.4384426, 11.8685499 ], [ 108.4385805, 11.8686312 ], [ 108.4387225, 11.8687054 ], [ 108.439393, 11.8692408 ], [ 108.4394727, 11.8693193 ], [ 108.4395462, 11.8694035 ], [ 108.439613, 11.8694928 ], [ 108.4396746, 11.8695901 ], [ 108.4397284, 11.8696918 ], [ 108.4397739, 11.8697973 ], [ 108.4398249, 11.8699089 ], [ 108.4398846, 11.8700162 ], [ 108.4399528, 11.8701187 ], [ 108.4400289, 11.8702156 ], [ 108.4401125, 11.8703064 ], [ 108.4402031, 11.8703905 ], [ 108.4402931, 11.8704623 ], [ 108.4403882, 11.8705275 ], [ 108.4404879, 11.8705857 ], [ 108.4405917, 11.8706368 ], [ 108.440699, 11.8706802 ], [ 108.4408092, 11.870716 ], [ 108.4413403, 11.8708787 ], [ 108.4414262, 11.8709101 ], [ 108.4415088, 11.8709488 ], [ 108.4415877, 11.8709944 ], [ 108.4416622, 11.8710467 ], [ 108.4417331, 11.8711065 ], [ 108.4417982, 11.8711723 ], [ 108.441857, 11.8712436 ], [ 108.441909, 11.8713197 ], [ 108.4422174, 11.8719077 ], [ 108.4422703, 11.8719934 ], [ 108.4423288, 11.8720755 ], [ 108.4423926, 11.8721538 ], [ 108.4424615, 11.8722279 ], [ 108.4425411, 11.8723028 ], [ 108.4426258, 11.872372 ], [ 108.4427153, 11.8724353 ], [ 108.4428091, 11.8724924 ], [ 108.4429067, 11.8725429 ], [ 108.4432179, 11.8727161 ], [ 108.4432682, 11.8727553 ], [ 108.4433131, 11.8728004 ], [ 108.443352, 11.8728506 ], [ 108.4433842, 11.8729051 ], [ 108.4434085, 11.8729613 ], [ 108.4434257, 11.87302 ], [ 108.4434355, 11.8730803 ], [ 108.4434378, 11.8731413 ], [ 108.4434432, 11.8733146 ], [ 108.4434483, 11.8733732 ], [ 108.443459, 11.8734312 ], [ 108.4434754, 11.8734878 ], [ 108.4435008, 11.8735506 ], [ 108.4435331, 11.8736104 ], [ 108.4435719, 11.8736663 ], [ 108.4436631, 11.8738002 ], [ 108.4436971, 11.8738679 ], [ 108.4437221, 11.8739393 ], [ 108.4437359, 11.8740006 ], [ 108.4437431, 11.8740629 ], [ 108.4437436, 11.8741256 ], [ 108.4437704, 11.8744065 ], [ 108.4437731, 11.8750601 ], [ 108.4438562, 11.8755982 ], [ 108.4441405, 11.8758396 ], [ 108.4441721, 11.8758746 ], [ 108.4441978, 11.8759138 ], [ 108.444217, 11.8759564 ], [ 108.4442273, 11.875992 ], [ 108.4442332, 11.8760285 ], [ 108.4442344, 11.8760654 ], [ 108.4442344, 11.8762202 ], [ 108.4442431, 11.8762597 ], [ 108.4442584, 11.8762971 ], [ 108.4442798, 11.8763315 ], [ 108.4443068, 11.876362 ], [ 108.4443439, 11.876391 ], [ 108.4443859, 11.8764125 ], [ 108.4444313, 11.8764258 ], [ 108.4444785, 11.8764302 ], [ 108.4446046, 11.8764394 ], [ 108.4446657, 11.8764498 ], [ 108.4447253, 11.876467 ], [ 108.4447919, 11.8764955 ], [ 108.444854, 11.8765326 ], [ 108.4450096, 11.8766481 ], [ 108.445068, 11.8766831 ], [ 108.4451303, 11.8767111 ], [ 108.445187, 11.8767293 ], [ 108.4452453, 11.8767416 ], [ 108.4453046, 11.8767478 ], [ 108.445994, 11.8767531 ], [ 108.4460667, 11.8767548 ], [ 108.4461392, 11.8767609 ], [ 108.4462112, 11.8767714 ], [ 108.4462896, 11.8767881 ], [ 108.4463666, 11.87681 ], [ 108.4464419, 11.8768371 ], [ 108.4466913, 11.8769788 ], [ 108.4468389, 11.8771074 ], [ 108.447319, 11.8773935 ], [ 108.4473655, 11.8774238 ], [ 108.4474067, 11.8774607 ], [ 108.4474415, 11.8775035 ], [ 108.4474692, 11.877551 ], [ 108.4474894, 11.8776038 ], [ 108.4475008, 11.8776591 ], [ 108.447503, 11.8777155 ], [ 108.447496, 11.8777715 ], [ 108.4474851, 11.8778631 ], [ 108.4474799, 11.8779552 ], [ 108.4474806, 11.8780551 ], [ 108.4474879, 11.8781547 ], [ 108.4474901, 11.8781885 ], [ 108.4474989, 11.8782213 ], [ 108.4475139, 11.8782518 ], [ 108.4475347, 11.878279 ], [ 108.4475604, 11.8783017 ], [ 108.4475951, 11.8783215 ], [ 108.4476334, 11.8783332 ], [ 108.4476735, 11.8783363 ], [ 108.4477133, 11.8783306 ], [ 108.4478414, 11.8783035 ], [ 108.4479681, 11.8782702 ], [ 108.4481048, 11.8782266 ], [ 108.448239, 11.8781757 ], [ 108.4482778, 11.8781598 ], [ 108.4483189, 11.8781509 ], [ 108.4483609, 11.8781492 ], [ 108.4484026, 11.8781547 ], [ 108.4484387, 11.8781657 ], [ 108.4484726, 11.8781822 ], [ 108.4485035, 11.8782038 ], [ 108.4485304, 11.8782298 ], [ 108.4485528, 11.8782597 ], [ 108.4485942, 11.8783236 ], [ 108.4486418, 11.8783833 ], [ 108.4486949, 11.8784382 ], [ 108.4487563, 11.8784902 ], [ 108.4488227, 11.8785358 ], [ 108.4488934, 11.8785747 ], [ 108.4489632, 11.8786324 ], [ 108.4490062, 11.8786744 ], [ 108.4490463, 11.878719 ], [ 108.4494379, 11.8791679 ], [ 108.449623, 11.8793595 ], [ 108.4498225, 11.8796269 ], [ 108.4498628, 11.8796804 ], [ 108.4499089, 11.8797293 ], [ 108.4499602, 11.8797729 ], [ 108.4500202, 11.879813 ], [ 108.4500845, 11.8798459 ], [ 108.4501524, 11.8798711 ], [ 108.4502078, 11.8799035 ], [ 108.4502615, 11.8799385 ], [ 108.4503292, 11.8799883 ], [ 108.4503934, 11.8800424 ], [ 108.4504462, 11.8800737 ], [ 108.450496, 11.8801094 ], [ 108.4505426, 11.880149 ], [ 108.4505737, 11.8801797 ], [ 108.4506028, 11.8802122 ], [ 108.4506189, 11.8802368 ], [ 108.4506417, 11.8802556 ], [ 108.4506692, 11.880267 ], [ 108.4506989, 11.8802698 ], [ 108.450727, 11.8802642 ], [ 108.4507523, 11.880251 ], [ 108.4507727, 11.8802312 ], [ 108.4507864, 11.8802066 ], [ 108.4508053, 11.8801743 ], [ 108.4508266, 11.8801434 ], [ 108.4508623, 11.8801008 ], [ 108.4509027, 11.8800623 ], [ 108.4509471, 11.8800283 ], [ 108.4511278, 11.8799301 ], [ 108.4511671, 11.8799137 ], [ 108.4512086, 11.8799043 ], [ 108.4512512, 11.879902 ], [ 108.4512922, 11.8799067 ], [ 108.4513317, 11.879918 ], [ 108.4513688, 11.8799357 ], [ 108.4514095, 11.8799578 ], [ 108.4514527, 11.8799749 ], [ 108.4514977, 11.8799868 ], [ 108.4515438, 11.8799932 ], [ 108.4515934, 11.879994 ], [ 108.4516427, 11.8799885 ], [ 108.4516908, 11.8799768 ], [ 108.451737, 11.8799591 ], [ 108.4517805, 11.8799357 ], [ 108.4518142, 11.8799052 ], [ 108.4518522, 11.8798802 ], [ 108.4518938, 11.8798613 ], [ 108.4519297, 11.8798506 ], [ 108.4519668, 11.8798445 ], [ 108.4520043, 11.879843 ], [ 108.4521047, 11.879843 ], [ 108.4522266, 11.8797448 ], [ 108.4522633, 11.8797316 ], [ 108.4523012, 11.8797223 ], [ 108.4523597, 11.8797159 ], [ 108.4524186, 11.8797187 ], [ 108.4524762, 11.8797307 ], [ 108.4526942, 11.8797757 ], [ 108.4531848, 11.8799216 ], [ 108.453276, 11.879959 ], [ 108.453365, 11.8800012 ], [ 108.4534516, 11.880048 ], [ 108.4535588, 11.8801146 ], [ 108.453661, 11.8801883 ], [ 108.4538934, 11.8803708 ], [ 108.4539356, 11.8804137 ], [ 108.453973, 11.8804607 ], [ 108.4540053, 11.8805112 ], [ 108.4540306, 11.8805616 ], [ 108.4540507, 11.8806142 ], [ 108.4540655, 11.8806684 ], [ 108.4541688, 11.8811625 ], [ 108.4544786, 11.881432 ], [ 108.4545124, 11.8814598 ], [ 108.4545431, 11.8814908 ], [ 108.4545704, 11.8815247 ], [ 108.4545946, 11.8815619 ], [ 108.4546148, 11.8816013 ], [ 108.4546307, 11.8816426 ], [ 108.4548975, 11.8815569 ], [ 108.4551342, 11.8813534 ], [ 108.4551674, 11.8813306 ], [ 108.4552035, 11.8813122 ], [ 108.4552417, 11.8812987 ], [ 108.4552844, 11.8812897 ], [ 108.455328, 11.8812867 ], [ 108.4553715, 11.8812897 ], [ 108.4556778, 11.8813127 ], [ 108.4557366, 11.8813745 ], [ 108.4559259, 11.8814853 ], [ 108.4559623, 11.8815111 ], [ 108.455995, 11.8815413 ], [ 108.4560235, 11.8815752 ], [ 108.4560515, 11.8816201 ], [ 108.4560722, 11.8816687 ], [ 108.4560852, 11.8817198 ], [ 108.4561684, 11.882103 ], [ 108.4561793, 11.8821619 ], [ 108.4561975, 11.882219 ], [ 108.4562227, 11.8822736 ], [ 108.4562544, 11.8823247 ], [ 108.4562958, 11.8823756 ], [ 108.4563436, 11.8824206 ], [ 108.4563971, 11.8824591 ], [ 108.4564552, 11.8824904 ], [ 108.4568511, 11.8825999 ], [ 108.4572929, 11.8824792 ], [ 108.4573381, 11.8824682 ], [ 108.4573843, 11.8824636 ], [ 108.4574308, 11.8824654 ], [ 108.4574765, 11.8824735 ], [ 108.4575255, 11.8824899 ], [ 108.4575712, 11.8825136 ], [ 108.4576126, 11.8825439 ], [ 108.4576487, 11.8825802 ], [ 108.4585782, 11.8836947 ], [ 108.4587876, 11.8838014 ], [ 108.4588167, 11.8838167 ], [ 108.4588427, 11.8838366 ], [ 108.4588651, 11.8838604 ], [ 108.4588856, 11.8838924 ], [ 108.4588995, 11.8839277 ], [ 108.4589483, 11.8841158 ], [ 108.4589603, 11.8841487 ], [ 108.4589767, 11.8841798 ], [ 108.458997, 11.8842085 ], [ 108.4590204, 11.8842337 ], [ 108.4590468, 11.8842558 ], [ 108.4590759, 11.8842744 ], [ 108.4591502, 11.8843077 ], [ 108.4592216, 11.8843466 ], [ 108.4592896, 11.884391 ], [ 108.4593588, 11.8844445 ], [ 108.459423, 11.8845036 ], [ 108.4594819, 11.8845678 ], [ 108.4595218, 11.8846091 ], [ 108.4595679, 11.8846436 ], [ 108.4596178, 11.88467 ], [ 108.4596712, 11.8846885 ], [ 108.4597165, 11.8846982 ], [ 108.4597601, 11.8847138 ], [ 108.459794, 11.8847309 ], [ 108.4598257, 11.8847515 ], [ 108.4598548, 11.8847756 ], [ 108.4599696, 11.8849075 ], [ 108.4602335, 11.8849917 ], [ 108.4605405, 11.8851377 ], [ 108.4605993, 11.8851025 ], [ 108.4606606, 11.8850715 ], [ 108.4607241, 11.8850451 ], [ 108.4608058, 11.8850184 ], [ 108.4608897, 11.8849992 ], [ 108.4609751, 11.8849875 ], [ 108.4610268, 11.8849885 ], [ 108.4610782, 11.8849834 ], [ 108.4611286, 11.8849723 ], [ 108.4611773, 11.8849552 ], [ 108.4612308, 11.8849284 ], [ 108.4612799, 11.8848945 ], [ 108.4613236, 11.8848542 ], [ 108.4613456, 11.8848208 ], [ 108.4613609, 11.884784 ], [ 108.461369, 11.8847451 ], [ 108.4613695, 11.8847054 ], [ 108.4613643, 11.8845717 ], [ 108.4613495, 11.8844387 ], [ 108.4613332, 11.8843456 ], [ 108.4613122, 11.8842534 ], [ 108.4612889, 11.8841543 ], [ 108.4612717, 11.8840541 ], [ 108.4612605, 11.883953 ], [ 108.4612553, 11.8838369 ], [ 108.4612582, 11.8837207 ], [ 108.4612691, 11.8836049 ], [ 108.4612922, 11.8834556 ], [ 108.4613229, 11.8833076 ], [ 108.4613609, 11.8831613 ], [ 108.4614126, 11.882999 ], [ 108.4614735, 11.8828398 ], [ 108.4615434, 11.8826841 ], [ 108.461622, 11.8825325 ], [ 108.4620416, 11.882037 ], [ 108.4620374, 11.8819599 ], [ 108.4620266, 11.8818835 ], [ 108.4620093, 11.8818082 ], [ 108.4619805, 11.8817214 ], [ 108.4619431, 11.8816378 ], [ 108.4618974, 11.8815583 ], [ 108.4616736, 11.8812608 ], [ 108.4616375, 11.8812182 ], [ 108.4616079, 11.8811711 ], [ 108.4615853, 11.8811204 ], [ 108.4615704, 11.8810671 ], [ 108.4615636, 11.8810178 ], [ 108.4615632, 11.8809681 ], [ 108.4615694, 11.8809187 ], [ 108.4615818, 11.8808705 ], [ 108.4616966, 11.8806095 ], [ 108.4617805, 11.8804515 ], [ 108.4618726, 11.880298 ], [ 108.4619727, 11.8801494 ], [ 108.4620805, 11.880006 ], [ 108.4621958, 11.8798683 ], [ 108.4623173, 11.8797375 ], [ 108.4624456, 11.8796129 ], [ 108.4625802, 11.8794949 ], [ 108.4626192, 11.8794632 ], [ 108.4626624, 11.8794373 ], [ 108.462709, 11.8794178 ], [ 108.4627581, 11.8794051 ], [ 108.462802, 11.8793997 ], [ 108.4628463, 11.8793998 ], [ 108.4628902, 11.8794054 ], [ 108.4629331, 11.8794163 ], [ 108.4631339, 11.8795258 ], [ 108.4631637, 11.8795393 ], [ 108.4631957, 11.8795469 ], [ 108.4632285, 11.8795483 ], [ 108.46326, 11.8795436 ], [ 108.46329, 11.8795332 ], [ 108.4633175, 11.8795174 ], [ 108.4634208, 11.8794753 ], [ 108.4634553, 11.8794601 ], [ 108.4634925, 11.8794528 ], [ 108.4635251, 11.8794533 ], [ 108.4635571, 11.8794599 ], [ 108.4635871, 11.8794725 ], [ 108.4638281, 11.8795707 ], [ 108.4638711, 11.8795848 ], [ 108.4639159, 11.8795919 ], [ 108.4639612, 11.8795919 ], [ 108.464006, 11.8795848 ], [ 108.4640516, 11.8795695 ], [ 108.464094, 11.8795469 ], [ 108.4641317, 11.8795175 ], [ 108.4641638, 11.8794823 ], [ 108.4642165, 11.87941 ], [ 108.4642335, 11.8793899 ], [ 108.4642539, 11.8793731 ], [ 108.4642771, 11.8793602 ], [ 108.4643096, 11.8793499 ], [ 108.4643437, 11.8793473 ], [ 108.4643775, 11.8793524 ], [ 108.4645138, 11.8793686 ], [ 108.4645705, 11.8793697 ], [ 108.464627, 11.8793659 ], [ 108.464683, 11.8793574 ], [ 108.4647448, 11.8793421 ], [ 108.4648048, 11.879321 ], [ 108.4648623, 11.8792942 ], [ 108.4650588, 11.879158 ], [ 108.4651487, 11.8791342 ], [ 108.4652367, 11.8791047 ], [ 108.4653226, 11.8790695 ], [ 108.465406, 11.8790289 ], [ 108.4654691, 11.8789939 ], [ 108.4655353, 11.8789648 ], [ 108.4656039, 11.8789419 ], [ 108.4656835, 11.8789237 ], [ 108.4657646, 11.8789138 ], [ 108.4659123, 11.8789162 ], [ 108.4659379, 11.8789133 ], [ 108.4659619, 11.8789041 ], [ 108.4659826, 11.8788892 ], [ 108.4659988, 11.8788696 ], [ 108.4660101, 11.8788435 ], [ 108.4660133, 11.8788153 ], [ 108.466008, 11.8787874 ], [ 108.4659948, 11.8787622 ], [ 108.4658908, 11.8785938 ], [ 108.4658794, 11.8785612 ], [ 108.4658755, 11.8785269 ], [ 108.4658793, 11.8784927 ], [ 108.4658917, 11.8784581 ], [ 108.4659119, 11.8784272 ], [ 108.4659389, 11.8784018 ], [ 108.4659711, 11.8783832 ], [ 108.4661074, 11.8783102 ], [ 108.4661459, 11.8782829 ], [ 108.4661796, 11.8782501 ], [ 108.4662076, 11.8782126 ], [ 108.4662293, 11.8781712 ], [ 108.4662449, 11.8781244 ], [ 108.4662523, 11.8780758 ], [ 108.466252, 11.8780409 ], [ 108.4662437, 11.878007 ], [ 108.4662298, 11.877979 ], [ 108.4662104, 11.8779543 ], [ 108.4661863, 11.877934 ], [ 108.4660343, 11.8778919 ], [ 108.4660023, 11.8778897 ], [ 108.4659719, 11.8778799 ], [ 108.4659449, 11.877863 ], [ 108.465923, 11.8778402 ], [ 108.4659075, 11.8778127 ], [ 108.4658994, 11.8777824 ], [ 108.4658992, 11.8777507 ], [ 108.4659071, 11.87772 ], [ 108.4659226, 11.8776922 ], [ 108.4659447, 11.877669 ], [ 108.4659719, 11.8776519 ], [ 108.4660027, 11.877642 ], [ 108.4660353, 11.8776283 ], [ 108.4660661, 11.8776109 ], [ 108.4660945, 11.8775901 ], [ 108.4661235, 11.8775626 ], [ 108.4661486, 11.8775315 ], [ 108.4661691, 11.8774975 ], [ 108.4661885, 11.8774697 ], [ 108.4662107, 11.8774441 ], [ 108.4662447, 11.8774133 ], [ 108.4662827, 11.8773874 ], [ 108.466324, 11.8773669 ], [ 108.4665965, 11.8773178 ], [ 108.4666322, 11.8773084 ], [ 108.4666654, 11.8772925 ], [ 108.4666978, 11.8772682 ], [ 108.4667242, 11.8772378 ], [ 108.4667508, 11.8772074 ], [ 108.466781, 11.8771806 ], [ 108.4668146, 11.8771578 ], [ 108.466862, 11.8771347 ], [ 108.4669127, 11.8771196 ], [ 108.4669652, 11.8771128 ], [ 108.4670986, 11.8771199 ], [ 108.4671403, 11.8771159 ], [ 108.4671802, 11.8771031 ], [ 108.4672162, 11.877082 ], [ 108.4672444, 11.8770562 ], [ 108.4672667, 11.8770253 ], [ 108.4672822, 11.8769907 ], [ 108.4672894, 11.8769496 ], [ 108.4672922, 11.8769079 ], [ 108.4672902, 11.8768628 ], [ 108.467283, 11.8768181 ], [ 108.4672707, 11.8767746 ], [ 108.4672664, 11.8767528 ], [ 108.4672668, 11.8767306 ], [ 108.4672718, 11.8767089 ], [ 108.4672821, 11.8766875 ], [ 108.4672969, 11.8766689 ], [ 108.4673155, 11.8766538 ], [ 108.4674529, 11.8765514 ], [ 108.467493, 11.8765177 ], [ 108.4675289, 11.8764798 ], [ 108.4675628, 11.876434 ], [ 108.4675906, 11.8763843 ], [ 108.4676465, 11.8763099 ], [ 108.4676603, 11.8762815 ], [ 108.467668, 11.876251 ], [ 108.4676694, 11.8762213 ], [ 108.4676651, 11.876192 ], [ 108.4676551, 11.8761639 ], [ 108.4676499, 11.8761291 ], [ 108.4676491, 11.8760939 ], [ 108.4676528, 11.8760588 ], [ 108.4676625, 11.8760196 ], [ 108.4676778, 11.8759822 ], [ 108.4676984, 11.8759473 ], [ 108.4678835, 11.8756585 ], [ 108.4678988, 11.8756352 ], [ 108.4679097, 11.8756095 ], [ 108.4679157, 11.8755824 ], [ 108.4679163, 11.8755499 ], [ 108.4679099, 11.8755179 ], [ 108.4678969, 11.8754879 ], [ 108.4678271, 11.8753856 ], [ 108.4678185, 11.8753584 ], [ 108.4678137, 11.8753304 ], [ 108.4678137, 11.8752894 ], [ 108.4678218, 11.8752491 ], [ 108.4678385, 11.8752054 ], [ 108.4678604, 11.875164 ], [ 108.4678871, 11.8751255 ], [ 108.4679183, 11.8750903 ], [ 108.4679557, 11.8750573 ], [ 108.467997, 11.8750292 ], [ 108.4680415, 11.8750064 ], [ 108.4680887, 11.8749892 ], [ 108.4683153, 11.8749551 ], [ 108.4683551, 11.8749502 ], [ 108.4683933, 11.8749386 ], [ 108.468429, 11.8749208 ], [ 108.468461, 11.8748971 ], [ 108.4684883, 11.8748685 ], [ 108.4685092, 11.8748373 ], [ 108.4685246, 11.8748033 ], [ 108.468534, 11.8747672 ], [ 108.4685373, 11.8747301 ], [ 108.4685342, 11.8746929 ], [ 108.4685356, 11.8746345 ], [ 108.4685429, 11.8745765 ], [ 108.4685563, 11.8745196 ], [ 108.4685755, 11.8744642 ], [ 108.4686041, 11.8744041 ], [ 108.4686395, 11.8743476 ], [ 108.4686814, 11.8742955 ], [ 108.4687291, 11.8742484 ], [ 108.4688613, 11.8741255 ], [ 108.4688913, 11.8740928 ], [ 108.4689089, 11.8740653 ], [ 108.4689222, 11.8740356 ], [ 108.4689309, 11.8740042 ], [ 108.468946, 11.873961 ], [ 108.4689684, 11.8739209 ], [ 108.4689933, 11.8738895 ], [ 108.4690225, 11.8738621 ], [ 108.4690556, 11.8738391 ], [ 108.4690918, 11.8738212 ], [ 108.4804818, 11.8697947 ], [ 108.4867823, 11.8697448 ], [ 108.4869354, 11.8696078 ], [ 108.4870847, 11.8694669 ], [ 108.4872302, 11.8693222 ], [ 108.4874022, 11.8691411 ], [ 108.4875682, 11.8689547 ], [ 108.4876264, 11.8688765 ], [ 108.4876767, 11.8687931 ], [ 108.4877184, 11.8687053 ], [ 108.487747, 11.8686275 ], [ 108.487769, 11.8685476 ], [ 108.4877841, 11.8684662 ], [ 108.4877923, 11.8683839 ], [ 108.4878337, 11.8678339 ], [ 108.487849, 11.8677525 ], [ 108.487873, 11.8676731 ], [ 108.4879056, 11.8675967 ], [ 108.4879464, 11.8675242 ], [ 108.4879902, 11.8674622 ], [ 108.4880399, 11.8674047 ], [ 108.4880952, 11.8673522 ], [ 108.4881554, 11.8673053 ], [ 108.48822, 11.8672643 ], [ 108.4883133, 11.8672133 ], [ 108.488409, 11.8671669 ], [ 108.488507, 11.8671252 ], [ 108.4886169, 11.8670848 ], [ 108.4887288, 11.8670503 ], [ 108.4888425, 11.8670217 ], [ 108.4889576, 11.8669992 ], [ 108.4894109, 11.8664873 ], [ 108.4901485, 11.8655214 ], [ 108.490232, 11.8654307 ], [ 108.4903216, 11.8653457 ], [ 108.4904167, 11.8652668 ], [ 108.4904998, 11.8652059 ], [ 108.4905863, 11.8651496 ], [ 108.4906758, 11.8650981 ], [ 108.4907681, 11.8650515 ], [ 108.4912562, 11.8647916 ], [ 108.4915674, 11.8646866 ], [ 108.4916086, 11.8646713 ], [ 108.4916481, 11.864652 ], [ 108.4916854, 11.8646289 ], [ 108.4917274, 11.8645961 ], [ 108.491765, 11.8645585 ], [ 108.4917976, 11.8645167 ], [ 108.4918222, 11.8644662 ], [ 108.4918816, 11.8643179 ], [ 108.4919875, 11.8644223 ], [ 108.4920435, 11.8644924 ], [ 108.4920989, 11.8645884 ], [ 108.492136, 11.864705 ], [ 108.4921709, 11.8648284 ], [ 108.492431, 11.8659702 ], [ 108.4925973, 11.8664952 ], [ 108.4926328, 11.8665751 ], [ 108.4926734, 11.8666527 ], [ 108.4927188, 11.8667277 ], [ 108.492769, 11.8667997 ], [ 108.4928407, 11.8668881 ], [ 108.4929196, 11.8669706 ], [ 108.4935951, 11.8676239 ], [ 108.4937012, 11.8677467 ], [ 108.4938031, 11.8678727 ], [ 108.4939009, 11.8680019 ], [ 108.494017, 11.8681677 ], [ 108.4941262, 11.8683379 ], [ 108.4945553, 11.8691096 ], [ 108.4946351, 11.8692454 ], [ 108.4947103, 11.8693836 ], [ 108.4947807, 11.8695243 ], [ 108.4948476, 11.8696702 ], [ 108.4949094, 11.8698183 ], [ 108.4952098, 11.8707317 ], [ 108.4952368, 11.870815 ], [ 108.495271, 11.8708956 ], [ 108.4953121, 11.8709731 ], [ 108.49536, 11.8710467 ], [ 108.4954071, 11.8711077 ], [ 108.4954588, 11.8711649 ], [ 108.4955147, 11.8712182 ], [ 108.4955746, 11.8712672 ], [ 108.4959233, 11.8714877 ], [ 108.4959555, 11.8718184 ], [ 108.4959635, 11.87222 ], [ 108.4959672, 11.8722876 ], [ 108.495964, 11.8723552 ], [ 108.4959538, 11.8724222 ], [ 108.4959367, 11.8724878 ], [ 108.4959139, 11.8725491 ], [ 108.4958851, 11.872608 ], [ 108.4958505, 11.8726638 ], [ 108.4958106, 11.8727161 ], [ 108.4956903, 11.8728245 ], [ 108.4955668, 11.8729295 ], [ 108.4954405, 11.8730311 ], [ 108.4953126, 11.8731282 ], [ 108.495182, 11.8732219 ], [ 108.4950489, 11.873312 ], [ 108.4949965, 11.8733416 ], [ 108.4949482, 11.8733772 ], [ 108.4949047, 11.8734183 ], [ 108.4948665, 11.8734642 ], [ 108.4948355, 11.873512 ], [ 108.4948104, 11.873563 ], [ 108.4947914, 11.8736164 ], [ 108.4947512, 11.87385 ], [ 108.4947444, 11.8739295 ], [ 108.494744, 11.8740092 ], [ 108.4947498, 11.8740888 ], [ 108.4947619, 11.8741676 ], [ 108.4947789, 11.8742409 ], [ 108.4948013, 11.8743128 ], [ 108.4948289, 11.8743829 ], [ 108.4948628, 11.8744672 ], [ 108.4948898, 11.8745538 ], [ 108.4949099, 11.8746423 ], [ 108.4949228, 11.874732 ], [ 108.4949286, 11.8748248 ], [ 108.4949268, 11.8749177 ], [ 108.4949174, 11.8750102 ], [ 108.494898, 11.8751463 ], [ 108.4948853, 11.8752832 ], [ 108.494879, 11.8754249 ], [ 108.4948799, 11.8755667 ], [ 108.4948835, 11.8756283 ], [ 108.494879, 11.8756899 ], [ 108.4948665, 11.8757504 ], [ 108.4948492, 11.8758014 ], [ 108.4948263, 11.8758501 ], [ 108.4947926, 11.8758865 ], [ 108.4947559, 11.8759198 ], [ 108.4947163, 11.8759499 ], [ 108.4946647, 11.8759818 ], [ 108.49461, 11.8760081 ], [ 108.4945527, 11.8760286 ], [ 108.494094, 11.8761257 ], [ 108.4938258, 11.876173 ], [ 108.4937931, 11.876186 ], [ 108.4937641, 11.8762056 ], [ 108.49374, 11.8762309 ], [ 108.4937221, 11.8762606 ], [ 108.4937112, 11.8762935 ], [ 108.4937078, 11.8763279 ], [ 108.4937115, 11.8763597 ], [ 108.4937216, 11.8763903 ], [ 108.4937378, 11.8764182 ], [ 108.4937594, 11.8764423 ], [ 108.4937856, 11.8764617 ], [ 108.4939572, 11.8765825 ], [ 108.494011, 11.8766143 ], [ 108.4940599, 11.876653 ], [ 108.4941031, 11.8766978 ], [ 108.4941396, 11.8767478 ], [ 108.4941662, 11.8767963 ], [ 108.4941865, 11.8768476 ], [ 108.4941955, 11.8768838 ], [ 108.4942093, 11.8769184 ], [ 108.4942296, 11.8769535 ], [ 108.4942549, 11.8769854 ], [ 108.4943569, 11.8770838 ], [ 108.4943924, 11.8771164 ], [ 108.494432, 11.8771442 ], [ 108.4944749, 11.8771667 ], [ 108.4945205, 11.8771835 ], [ 108.4945722, 11.8771951 ], [ 108.4946251, 11.8771993 ], [ 108.4947149, 11.8771955 ], [ 108.4948048, 11.8771967 ], [ 108.4949138, 11.8772048 ], [ 108.4950221, 11.8772203 ], [ 108.4951383, 11.877236 ], [ 108.4952554, 11.8772439 ], [ 108.495373, 11.8772439 ], [ 108.4954903, 11.877236 ], [ 108.4956068, 11.8772203 ], [ 108.4956393, 11.8772198 ], [ 108.4956711, 11.877227 ], [ 108.4957001, 11.8772415 ], [ 108.4957248, 11.8772623 ], [ 108.4957427, 11.8772866 ], [ 108.4957545, 11.8773142 ], [ 108.4957597, 11.8773437 ], [ 108.4957516, 11.8775011 ], [ 108.4957416, 11.8775707 ], [ 108.495738, 11.8776409 ], [ 108.4957409, 11.8777111 ], [ 108.4957513, 11.8777871 ], [ 108.4957692, 11.8778617 ], [ 108.4957945, 11.8779342 ], [ 108.4958271, 11.877984 ], [ 108.4958519, 11.8780379 ], [ 108.4958683, 11.8780948 ], [ 108.4958761, 11.8781534 ], [ 108.495875, 11.8782125 ], [ 108.4958659, 11.8782672 ], [ 108.4958493, 11.8783203 ], [ 108.4958253, 11.8783706 ], [ 108.4957945, 11.8784172 ], [ 108.4956819, 11.8786324 ], [ 108.4956593, 11.8787147 ], [ 108.4956437, 11.8787985 ], [ 108.4956351, 11.8788832 ], [ 108.4956336, 11.8789684 ], [ 108.4956384, 11.8790461 ], [ 108.4956492, 11.8791232 ], [ 108.4956658, 11.8791994 ], [ 108.495686, 11.8792533 ], [ 108.4957139, 11.8793039 ], [ 108.495749, 11.87935 ], [ 108.4957904, 11.8793907 ], [ 108.4958374, 11.8794251 ], [ 108.4958896, 11.8794528 ], [ 108.4959454, 11.8794728 ], [ 108.4960035, 11.8794846 ], [ 108.4960628, 11.8794881 ], [ 108.4963149, 11.8794881 ], [ 108.4963859, 11.8794954 ], [ 108.4964559, 11.8795094 ], [ 108.4965241, 11.8795301 ], [ 108.4966014, 11.8795626 ], [ 108.4966743, 11.8796036 ], [ 108.4970069, 11.8798766 ], [ 108.4970623, 11.8799347 ], [ 108.4971123, 11.8799974 ], [ 108.4971567, 11.880064 ], [ 108.4971949, 11.8801341 ], [ 108.4972268, 11.8802073 ], [ 108.4972498, 11.8802749 ], [ 108.4972674, 11.8803441 ], [ 108.4972794, 11.8804145 ], [ 108.4972858, 11.8804855 ], [ 108.4972896, 11.8805346 ], [ 108.4972859, 11.8805836 ], [ 108.4972747, 11.8806316 ], [ 108.4972564, 11.8806774 ], [ 108.4972313, 11.88072 ], [ 108.4972, 11.8807585 ], [ 108.4971636, 11.8807916 ], [ 108.4971227, 11.8808192 ], [ 108.497078, 11.8808406 ], [ 108.4970306, 11.8808552 ], [ 108.4969815, 11.8808629 ], [ 108.4969318, 11.8808635 ], [ 108.4963135, 11.8808635 ], [ 108.4962658, 11.8808644 ], [ 108.4962188, 11.8808725 ], [ 108.4961737, 11.8808877 ], [ 108.4961315, 11.8809096 ], [ 108.4960933, 11.8809376 ], [ 108.4960601, 11.8809711 ], [ 108.4960328, 11.8810088 ], [ 108.4960117, 11.8810502 ], [ 108.4959974, 11.8810943 ], [ 108.4959902, 11.8811401 ], [ 108.495985, 11.8814645 ], [ 108.495986, 11.8815605 ], [ 108.495993, 11.8816561 ], [ 108.4960041, 11.8817392 ], [ 108.4960198, 11.8818215 ], [ 108.4960377, 11.8819367 ], [ 108.496052, 11.8820525 ], [ 108.4960663, 11.8822163 ], [ 108.4960735, 11.8823806 ], [ 108.4960785, 11.8824156 ], [ 108.4960893, 11.8824493 ], [ 108.4961057, 11.8824807 ], [ 108.4961271, 11.8825092 ], [ 108.4961521, 11.882533 ], [ 108.4961805, 11.8825526 ], [ 108.4962118, 11.8825675 ], [ 108.4962451, 11.8825774 ], [ 108.4963578, 11.8826142 ], [ 108.496421, 11.8826442 ], [ 108.4964805, 11.8826808 ], [ 108.4965357, 11.8827234 ], [ 108.4965858, 11.8827716 ], [ 108.4966293, 11.8828236 ], [ 108.496667, 11.8828798 ], [ 108.4966984, 11.8829396 ], [ 108.4967385, 11.8830429 ], [ 108.4967762, 11.883147 ], [ 108.4968424, 11.8833504 ], [ 108.4968996, 11.8835564 ], [ 108.4969264, 11.8836929 ], [ 108.4969446, 11.8837497 ], [ 108.4969707, 11.8838034 ], [ 108.4970042, 11.883853 ], [ 108.4970361, 11.8838893 ], [ 108.4970721, 11.8839218 ], [ 108.4971115, 11.8839502 ], [ 108.4971877, 11.8839996 ], [ 108.4972674, 11.8840435 ], [ 108.4973502, 11.8840814 ], [ 108.4974306, 11.8841115 ], [ 108.497513, 11.884136 ], [ 108.497597, 11.8841549 ], [ 108.4976548, 11.8841675 ], [ 108.4977113, 11.884185 ], [ 108.497766, 11.8842074 ], [ 108.4978297, 11.8842409 ], [ 108.4978893, 11.8842809 ], [ 108.4979653, 11.8843392 ], [ 108.4980454, 11.8843918 ], [ 108.4981294, 11.8844383 ], [ 108.4982285, 11.8844835 ], [ 108.4983311, 11.8845204 ], [ 108.4984365, 11.8845486 ], [ 108.4984637, 11.8845565 ], [ 108.498488, 11.8845707 ], [ 108.498508, 11.8845903 ], [ 108.4985223, 11.8846142 ], [ 108.4985302, 11.8846408 ], [ 108.4985311, 11.8846685 ], [ 108.498525, 11.8846956 ], [ 108.4985101, 11.8847293 ], [ 108.4984875, 11.8847586 ], [ 108.4984641, 11.8847781 ], [ 108.4984373, 11.8847928 ], [ 108.498408, 11.8848022 ], [ 108.4983775, 11.8848058 ], [ 108.4982139, 11.8847953 ], [ 108.4981343, 11.884789 ], [ 108.4980545, 11.8847899 ], [ 108.4979752, 11.8847979 ], [ 108.4978929, 11.884814 ], [ 108.4978127, 11.8848377 ], [ 108.4977351, 11.8848688 ], [ 108.4975333, 11.8849797 ], [ 108.497369, 11.8850486 ], [ 108.4973241, 11.8850686 ], [ 108.4972837, 11.8850963 ], [ 108.4972491, 11.8851307 ], [ 108.4972215, 11.8851706 ], [ 108.4972026, 11.8852123 ], [ 108.4971913, 11.8852565 ], [ 108.4971879, 11.8853019 ], [ 108.497192, 11.8855119 ], [ 108.4972429, 11.8858557 ], [ 108.497246, 11.8859164 ], [ 108.4972415, 11.8859771 ], [ 108.4972295, 11.8860368 ], [ 108.4972113, 11.8860918 ], [ 108.4971866, 11.8861444 ], [ 108.4971732, 11.8861734 ], [ 108.4971659, 11.8862044 ], [ 108.4971651, 11.8862363 ], [ 108.4971696, 11.886263 ], [ 108.4971786, 11.8862886 ], [ 108.497192, 11.8863124 ], [ 108.4973261, 11.8864436 ], [ 108.4973424, 11.886465 ], [ 108.4973513, 11.8864902 ], [ 108.4973519, 11.8865168 ], [ 108.4973441, 11.8865424 ], [ 108.4973288, 11.8865644 ], [ 108.4973082, 11.8865802 ], [ 108.4972839, 11.8865894 ], [ 108.4972578, 11.8865912 ], [ 108.4972323, 11.8865854 ], [ 108.4972097, 11.8865726 ], [ 108.497192, 11.8865539 ], [ 108.4969854, 11.8863701 ], [ 108.4969614, 11.8863486 ], [ 108.4969334, 11.8863323 ], [ 108.4969027, 11.8863219 ], [ 108.4968704, 11.8863178 ], [ 108.4968379, 11.8863203 ], [ 108.4968087, 11.8863283 ], [ 108.4967815, 11.8863416 ], [ 108.4967574, 11.8863596 ], [ 108.4967208, 11.8864006 ], [ 108.4966904, 11.8864462 ], [ 108.4966674, 11.8864938 ], [ 108.4966513, 11.886544 ], [ 108.4966421, 11.8865959 ], [ 108.4966046, 11.8869266 ], [ 108.4966033, 11.8869721 ], [ 108.4966085, 11.8870174 ], [ 108.4966201, 11.8870615 ], [ 108.4966378, 11.8871036 ], [ 108.4966614, 11.8871429 ], [ 108.4966904, 11.8871785 ], [ 108.4967269, 11.8872121 ], [ 108.4967681, 11.8872399 ], [ 108.4968131, 11.8872614 ], [ 108.4968609, 11.8872761 ], [ 108.4971142, 11.8873207 ], [ 108.4971323, 11.8873259 ], [ 108.4971476, 11.8873367 ], [ 108.4971584, 11.8873518 ], [ 108.4971638, 11.8873719 ], [ 108.4971611, 11.8873924 ], [ 108.4971507, 11.8874125 ], [ 108.497137, 11.8874305 ], [ 108.4971149, 11.88745 ], [ 108.4970891, 11.8874644 ], [ 108.4970607, 11.8874729 ], [ 108.497031, 11.8874751 ], [ 108.4969557, 11.8874791 ], [ 108.4968808, 11.8874883 ], [ 108.496801, 11.8875037 ], [ 108.4967226, 11.887525 ], [ 108.4966652, 11.8875381 ], [ 108.4966068, 11.8875456 ], [ 108.496548, 11.8875474 ], [ 108.4964892, 11.8875434 ], [ 108.4964238, 11.887532 ], [ 108.49636, 11.8875136 ], [ 108.4962988, 11.8874883 ], [ 108.4959716, 11.8873675 ], [ 108.4958838, 11.8873461 ], [ 108.4957949, 11.8873301 ], [ 108.4957051, 11.8873198 ], [ 108.4956148, 11.887315 ], [ 108.4955323, 11.8873156 ], [ 108.49545, 11.8873208 ], [ 108.4953681, 11.8873308 ], [ 108.4951146, 11.8873872 ], [ 108.4948196, 11.8874535 ], [ 108.4947941, 11.8874606 ], [ 108.4947713, 11.8874738 ], [ 108.4947584, 11.8874856 ], [ 108.4947478, 11.8874994 ], [ 108.4947346, 11.8875347 ], [ 108.4947277, 11.8875716 ], [ 108.494728, 11.887617 ], [ 108.4947377, 11.8876615 ], [ 108.4947941, 11.8878741 ], [ 108.4948081, 11.887906 ], [ 108.494826, 11.8879359 ], [ 108.4948477, 11.8879633 ], [ 108.4948815, 11.8879951 ], [ 108.4949201, 11.8880211 ], [ 108.4950918, 11.8881024 ], [ 108.4951281, 11.8881158 ], [ 108.4951604, 11.8881368 ], [ 108.495187, 11.8881645 ], [ 108.4952065, 11.8881973 ], [ 108.4952179, 11.8882337 ], [ 108.4952206, 11.8882682 ], [ 108.495216, 11.8883026 ], [ 108.4952042, 11.8883353 ], [ 108.4951857, 11.8883649 ], [ 108.4950596, 11.8885302 ], [ 108.4950412, 11.8885589 ], [ 108.4950303, 11.888591 ], [ 108.4950274, 11.8886247 ], [ 108.4950308, 11.8886505 ], [ 108.4950389, 11.8886753 ], [ 108.4950516, 11.8886982 ], [ 108.4950996, 11.8887485 ], [ 108.4951535, 11.8887927 ], [ 108.4951927, 11.8888188 ], [ 108.4952339, 11.8888418 ], [ 108.4953166, 11.8888869 ], [ 108.4954016, 11.8889279 ], [ 108.495497, 11.8889681 ], [ 108.4955946, 11.8890031 ], [ 108.495694, 11.8890329 ], [ 108.495719, 11.8890428 ], [ 108.4957395, 11.8890601 ], [ 108.4957531, 11.889083 ], [ 108.4957583, 11.889109 ], [ 108.4957558, 11.8891313 ], [ 108.4957471, 11.8891521 ], [ 108.4957329, 11.8891697 ], [ 108.4957142, 11.8891828 ], [ 108.4956926, 11.8891904 ], [ 108.4955156, 11.889252 ], [ 108.4953171, 11.8894095 ], [ 108.4951267, 11.8894922 ], [ 108.4951065, 11.8895017 ], [ 108.49509, 11.8895165 ], [ 108.4950785, 11.8895353 ], [ 108.495073, 11.8895565 ], [ 108.4950742, 11.8895796 ], [ 108.4950825, 11.8896013 ], [ 108.4950972, 11.8896195 ], [ 108.4951178, 11.8896616 ], [ 108.4951333, 11.8897058 ], [ 108.4951434, 11.8897515 ], [ 108.4951481, 11.889798 ], [ 108.4951464, 11.8898547 ], [ 108.4951365, 11.8899106 ], [ 108.4951186, 11.8899646 ], [ 108.4950274, 11.8901339 ], [ 108.495006, 11.8901655 ], [ 108.494978, 11.8901917 ], [ 108.4949448, 11.8902113 ], [ 108.4949081, 11.8902232 ], [ 108.4948768, 11.8902268 ], [ 108.4948453, 11.8902249 ], [ 108.4948147, 11.8902175 ], [ 108.494786, 11.8902048 ], [ 108.4946781, 11.8901444 ], [ 108.4946261, 11.8901238 ], [ 108.4945721, 11.890109 ], [ 108.4945185, 11.8901002 ], [ 108.4944642, 11.8900972 ], [ 108.4941852, 11.8900998 ], [ 108.4941421, 11.8900982 ], [ 108.4940994, 11.8900919 ], [ 108.4940514, 11.8900791 ], [ 108.4940055, 11.8900604 ], [ 108.493954, 11.8900422 ], [ 108.4939009, 11.8900289 ], [ 108.4938555, 11.8900218 ], [ 108.4938097, 11.8900184 ], [ 108.4936649, 11.8900184 ], [ 108.4935992, 11.8900107 ], [ 108.4935346, 11.8899966 ], [ 108.4934717, 11.8899764 ], [ 108.4934115, 11.8899505 ], [ 108.4933541, 11.8899189 ], [ 108.4933001, 11.889882 ], [ 108.4932346, 11.8898369 ], [ 108.493166, 11.8897963 ], [ 108.4930948, 11.8897606 ], [ 108.4930211, 11.8897297 ], [ 108.4929423, 11.889703 ], [ 108.4928617, 11.889682 ], [ 108.4927797, 11.8896667 ], [ 108.4927004, 11.8896582 ], [ 108.4926206, 11.889658 ], [ 108.4925412, 11.8896661 ], [ 108.4924632, 11.8896825 ], [ 108.4923936, 11.8897046 ], [ 108.4923265, 11.8897333 ], [ 108.4922625, 11.8897683 ], [ 108.4922024, 11.8898092 ], [ 108.4921467, 11.8898557 ], [ 108.4920731, 11.8899326 ], [ 108.4920054, 11.8900145 ], [ 108.491944, 11.890101 ], [ 108.4918892, 11.8901917 ], [ 108.4918392, 11.8902908 ], [ 108.4917971, 11.8903933 ], [ 108.4917632, 11.8904988 ], [ 108.4917221, 11.8906795 ], [ 108.4916836, 11.8908056 ], [ 108.4916371, 11.8909292 ], [ 108.4915958, 11.8910227 ], [ 108.4915499, 11.8911142 ], [ 108.4915261, 11.8911447 ], [ 108.4914956, 11.8911688 ], [ 108.4914601, 11.8911851 ], [ 108.4914328, 11.8911915 ], [ 108.4914048, 11.8911933 ], [ 108.4913769, 11.8911903 ], [ 108.4912723, 11.8911693 ], [ 108.4912525, 11.891164 ], [ 108.4912318, 11.891164 ], [ 108.491212, 11.8911693 ], [ 108.4911944, 11.8911795 ], [ 108.4911803, 11.8911939 ], [ 108.4911704, 11.8912113 ], [ 108.4911695, 11.891241 ], [ 108.4911731, 11.8912704 ], [ 108.4911818, 11.8913012 ], [ 108.4911953, 11.8913303 ], [ 108.4912133, 11.891357 ], [ 108.4914225, 11.8915696 ], [ 108.4914389, 11.8916089 ], [ 108.4914462, 11.8916506 ], [ 108.491444, 11.891693 ], [ 108.4914368, 11.8917222 ], [ 108.4914251, 11.89175 ], [ 108.4914091, 11.8917756 ], [ 108.4913695, 11.8917967 ], [ 108.4913277, 11.8918134 ], [ 108.4912844, 11.8918255 ], [ 108.4912356, 11.8918335 ], [ 108.4911862, 11.8918357 ], [ 108.4911369, 11.8918321 ], [ 108.4909759, 11.8918229 ], [ 108.4909441, 11.8918222 ], [ 108.4909128, 11.891828 ], [ 108.4908834, 11.8918399 ], [ 108.4908575, 11.8918573 ], [ 108.4908357, 11.8918795 ], [ 108.490819, 11.8919056 ], [ 108.4908044, 11.891948 ], [ 108.4907963, 11.891992 ], [ 108.4907949, 11.8920368 ], [ 108.4908004, 11.8920821 ], [ 108.4908112, 11.8921265 ], [ 108.4908274, 11.8921693 ], [ 108.4908485, 11.89221 ], [ 108.4908762, 11.8922502 ], [ 108.4909088, 11.8922868 ], [ 108.4909458, 11.892319 ], [ 108.4909867, 11.8923465 ], [ 108.4910136, 11.8923656 ], [ 108.4910354, 11.89239 ], [ 108.491051, 11.8924187 ], [ 108.4910581, 11.8924413 ], [ 108.4910612, 11.8924646 ], [ 108.4910604, 11.8924882 ], [ 108.4910337, 11.8925595 ], [ 108.4909987, 11.8926273 ], [ 108.4909656, 11.8926779 ], [ 108.490928, 11.8927252 ], [ 108.4908861, 11.8927691 ], [ 108.4907761, 11.8928872 ], [ 108.4907546, 11.892924 ], [ 108.4907392, 11.8929635 ], [ 108.4907302, 11.893005 ], [ 108.4907278, 11.8930473 ], [ 108.4907325, 11.8930909 ], [ 108.4907442, 11.8931333 ], [ 108.4907627, 11.8931733 ], [ 108.4907806, 11.8932222 ], [ 108.4907896, 11.8932735 ], [ 108.4907895, 11.8933255 ], [ 108.4907836, 11.8933635 ], [ 108.4907728, 11.8934004 ], [ 108.4907573, 11.8934357 ], [ 108.4906393, 11.8935853 ], [ 108.4905984, 11.8936559 ], [ 108.4905642, 11.8937297 ], [ 108.4905435, 11.8937855 ], [ 108.4905267, 11.8938425 ], [ 108.4905104, 11.8938861 ], [ 108.4904882, 11.893927 ], [ 108.4904603, 11.8939645 ], [ 108.4904273, 11.8939978 ], [ 108.4903899, 11.8940263 ], [ 108.4903434, 11.8940518 ], [ 108.4902935, 11.8940699 ], [ 108.4902412, 11.8940802 ], [ 108.490188, 11.8940823 ], [ 108.4901351, 11.8940761 ], [ 108.4895343, 11.8940105 ], [ 108.489486, 11.8940105 ], [ 108.4894382, 11.8940175 ], [ 108.4893921, 11.8940315 ], [ 108.4893487, 11.8940521 ], [ 108.489309, 11.8940788 ], [ 108.4892862, 11.8941146 ], [ 108.4892691, 11.8941534 ], [ 108.489258, 11.8941942 ], [ 108.4892536, 11.8942291 ], [ 108.4892536, 11.8942643 ], [ 108.489258, 11.8942992 ], [ 108.4893197, 11.8944252 ], [ 108.4893841, 11.8945381 ], [ 108.4894222, 11.8945835 ], [ 108.4894658, 11.8946239 ], [ 108.4895141, 11.8946588 ], [ 108.4895664, 11.8946877 ], [ 108.4896227, 11.8947102 ], [ 108.4896814, 11.8947258 ], [ 108.4897417, 11.894734 ], [ 108.4898025, 11.8947349 ], [ 108.4904784, 11.8947428 ], [ 108.490518, 11.894743 ], [ 108.4905566, 11.8947512 ], [ 108.4905927, 11.8947672 ], [ 108.4906246, 11.8947902 ], [ 108.4906508, 11.8948191 ], [ 108.4906703, 11.8948528 ], [ 108.4906822, 11.8948898 ], [ 108.490686, 11.8949265 ], [ 108.4906822, 11.8949633 ], [ 108.4906393, 11.8951732 ], [ 108.4905562, 11.8954541 ], [ 108.4905476, 11.8954899 ], [ 108.4905317, 11.8955234 ], [ 108.4905092, 11.8955529 ], [ 108.4904811, 11.8955774 ], [ 108.4904472, 11.8955964 ], [ 108.49041, 11.8956079 ], [ 108.4903711, 11.8956115 ], [ 108.4903064, 11.8956081 ], [ 108.4902424, 11.8955984 ], [ 108.4901685, 11.895579 ], [ 108.4900975, 11.8955512 ], [ 108.4900159, 11.8955151 ], [ 108.4899317, 11.8954853 ], [ 108.4898454, 11.8954619 ], [ 108.4897626, 11.8954459 ], [ 108.4896789, 11.8954359 ], [ 108.4895946, 11.8954317 ], [ 108.4895139, 11.8954313 ], [ 108.4894337, 11.8954396 ], [ 108.4893609, 11.895455 ], [ 108.4892902, 11.8954777 ], [ 108.489253, 11.8955002 ], [ 108.4892195, 11.8955278 ], [ 108.4891906, 11.8955599 ], [ 108.4891668, 11.8955958 ], [ 108.4891504, 11.8956301 ], [ 108.4891387, 11.8956661 ], [ 108.4891319, 11.8957034 ], [ 108.489122, 11.8957471 ], [ 108.4891067, 11.8957893 ], [ 108.4890863, 11.8958294 ], [ 108.4890591, 11.8958693 ], [ 108.4890267, 11.8959054 ], [ 108.4889898, 11.895937 ], [ 108.4889516, 11.8959635 ], [ 108.4889173, 11.8959947 ], [ 108.4888911, 11.8960254 ], [ 108.4888687, 11.8960588 ], [ 108.4888503, 11.8960945 ], [ 108.4886438, 11.8964435 ], [ 108.4886214, 11.8964741 ], [ 108.4885948, 11.8965013 ], [ 108.4885645, 11.8965245 ], [ 108.4885311, 11.8965433 ], [ 108.4884941, 11.8965576 ], [ 108.4884554, 11.8965664 ], [ 108.4884158, 11.8965695 ], [ 108.488059, 11.8965748 ], [ 108.4880075, 11.8965791 ], [ 108.4879571, 11.8965905 ], [ 108.4879088, 11.8966089 ], [ 108.4878593, 11.8966367 ], [ 108.487815, 11.8966719 ], [ 108.4877932, 11.8966981 ], [ 108.4877777, 11.8967283 ], [ 108.4877694, 11.8967611 ], [ 108.4877683, 11.8967926 ], [ 108.4877737, 11.8968236 ], [ 108.4877855, 11.896853 ], [ 108.4879839, 11.8972519 ], [ 108.4880119, 11.8973064 ], [ 108.4880462, 11.8973574 ], [ 108.4880862, 11.8974042 ], [ 108.4881315, 11.8974461 ], [ 108.4881718, 11.8974763 ], [ 108.4882148, 11.8975026 ], [ 108.4882602, 11.8975249 ], [ 108.4883971, 11.8975877 ], [ 108.4885311, 11.8976561 ], [ 108.4886374, 11.8977154 ], [ 108.4887417, 11.8977781 ], [ 108.488767, 11.8977996 ], [ 108.4887862, 11.8978265 ], [ 108.4887981, 11.8978571 ], [ 108.488802, 11.8978897 ], [ 108.4887998, 11.897913 ], [ 108.4887935, 11.8979355 ], [ 108.4887832, 11.8979566 ], [ 108.4887162, 11.8980222 ], [ 108.488692, 11.8980495 ], [ 108.4886714, 11.8980794 ], [ 108.4886545, 11.8981115 ], [ 108.4886374, 11.8981603 ], [ 108.488629, 11.8982112 ], [ 108.4886306, 11.8982444 ], [ 108.4886397, 11.8982764 ], [ 108.4886558, 11.8983057 ], [ 108.4886749, 11.8983277 ], [ 108.4886979, 11.8983458 ], [ 108.4887241, 11.8983592 ], [ 108.4887524, 11.8983674 ], [ 108.4888161, 11.8983846 ], [ 108.4888771, 11.8984094 ], [ 108.4889241, 11.8984347 ], [ 108.4889683, 11.8984645 ], [ 108.489152, 11.8986508 ], [ 108.4891707, 11.8986748 ], [ 108.4891856, 11.8987013 ], [ 108.4891963, 11.8987296 ], [ 108.4892028, 11.8987607 ], [ 108.4892043, 11.8987925 ], [ 108.4891815, 11.8989973 ], [ 108.4891846, 11.8990404 ], [ 108.4891968, 11.899082 ], [ 108.4892175, 11.8991202 ], [ 108.4892459, 11.8991534 ], [ 108.4892767, 11.8991776 ], [ 108.4893115, 11.8991957 ], [ 108.4893492, 11.8992072 ], [ 108.4894268, 11.8992226 ], [ 108.4895021, 11.8992466 ], [ 108.4895492, 11.8992666 ], [ 108.4895946, 11.8992899 ], [ 108.4896186, 11.8993061 ], [ 108.4896377, 11.8993276 ], [ 108.4896508, 11.899353 ], [ 108.4896572, 11.8993808 ], [ 108.4896563, 11.8994093 ], [ 108.4896469, 11.8994397 ], [ 108.4896294, 11.8994665 ], [ 108.4896051, 11.8994875 ], [ 108.4895758, 11.8995012 ], [ 108.489494, 11.8995025 ], [ 108.4894741, 11.8995058 ], [ 108.4894561, 11.8995149 ], [ 108.4894417, 11.8995287 ], [ 108.4894329, 11.8995445 ], [ 108.4894287, 11.899562 ], [ 108.4894297, 11.8995799 ], [ 108.4894631, 11.8996414 ], [ 108.4895048, 11.899698 ], [ 108.4895538, 11.8997487 ], [ 108.4896094, 11.8997925 ], [ 108.4896942, 11.8998376 ], [ 108.489782, 11.899877 ], [ 108.4898722, 11.8999106 ], [ 108.4899732, 11.8999405 ], [ 108.4900761, 11.8999631 ], [ 108.4900972, 11.8999728 ], [ 108.4901154, 11.899987 ], [ 108.4901297, 11.9000051 ], [ 108.4901386, 11.9000241 ], [ 108.4901432, 11.9000445 ], [ 108.4901431, 11.9000655 ], [ 108.4901056, 11.9006061 ], [ 108.4901099, 11.9006782 ], [ 108.4901082, 11.9007505 ], [ 108.4900975, 11.9008423 ], [ 108.4900278, 11.9010654 ], [ 108.4900235, 11.9010927 ], [ 108.4900253, 11.9011203 ], [ 108.4900331, 11.9011468 ], [ 108.4900452, 11.901169 ], [ 108.4900615, 11.9011885 ], [ 108.4900814, 11.9012045 ], [ 108.4902665, 11.90132 ], [ 108.4903236, 11.9013683 ], [ 108.490376, 11.9014214 ], [ 108.4904233, 11.9014789 ], [ 108.490465, 11.9015405 ], [ 108.4905007, 11.9016051 ], [ 108.4905303, 11.9016727 ], [ 108.4905535, 11.9017425 ], [ 108.4905622, 11.9017581 ], [ 108.4905756, 11.9017701 ], [ 108.4905933, 11.9017775 ], [ 108.4906125, 11.9017786 ], [ 108.490693, 11.901778 ], [ 108.4907195, 11.9017787 ], [ 108.4907443, 11.9017877 ], [ 108.4907647, 11.9018042 ], [ 108.4907764, 11.9018215 ], [ 108.490783, 11.9018412 ], [ 108.4907842, 11.901862 ], [ 108.4907868, 11.902026 ], [ 108.490792, 11.9020521 ], [ 108.4908043, 11.9020759 ], [ 108.4908184, 11.9020917 ], [ 108.4908356, 11.9021041 ], [ 108.4908552, 11.9021126 ], [ 108.4908811, 11.9021289 ], [ 108.4909008, 11.902152 ], [ 108.490912, 11.9021772 ], [ 108.4909156, 11.9022045 ], [ 108.4909104, 11.9022665 ], [ 108.4908995, 11.9023278 ], [ 108.4908804, 11.9023955 ], [ 108.4908544, 11.9024609 ], [ 108.4908217, 11.9025234 ], [ 108.4908074, 11.9025502 ], [ 108.4907877, 11.9025735 ], [ 108.4907635, 11.9025924 ], [ 108.4907359, 11.902606 ], [ 108.4907023, 11.9026143 ], [ 108.4906677, 11.9026147 ], [ 108.490634, 11.9026073 ], [ 108.4903671, 11.902543 ], [ 108.4903429, 11.9025394 ], [ 108.4903187, 11.9025427 ], [ 108.4902966, 11.9025529 ], [ 108.4902784, 11.9025689 ], [ 108.4902658, 11.9025894 ], [ 108.4902598, 11.9026126 ], [ 108.490261, 11.9026366 ], [ 108.4902694, 11.9026592 ], [ 108.4902842, 11.9026785 ], [ 108.4903041, 11.9026926 ], [ 108.4905294, 11.9028357 ], [ 108.4905804, 11.9028781 ], [ 108.4906273, 11.9029249 ], [ 108.4906669, 11.9029719 ], [ 108.4907024, 11.903022 ], [ 108.4907909, 11.9031467 ], [ 108.4908114, 11.9031693 ], [ 108.4908347, 11.9031892 ], [ 108.4908606, 11.9032057 ], [ 108.4908977, 11.9032221 ], [ 108.4909371, 11.903232 ], [ 108.4910497, 11.9032385 ], [ 108.4911439, 11.9032433 ], [ 108.4912375, 11.9032556 ], [ 108.491313, 11.9032712 ], [ 108.4913873, 11.9032918 ], [ 108.4914601, 11.9033173 ], [ 108.4914966, 11.9033227 ], [ 108.4915335, 11.9033227 ], [ 108.4915701, 11.9033173 ], [ 108.4916119, 11.9033038 ], [ 108.4916505, 11.9032832 ], [ 108.491739, 11.9032175 ], [ 108.4917836, 11.903194 ], [ 108.4918318, 11.9031785 ], [ 108.491882, 11.9031718 ], [ 108.4919327, 11.903174 ], [ 108.4919821, 11.903185 ], [ 108.4920287, 11.9032044 ], [ 108.492066, 11.9032279 ], [ 108.492099, 11.9032567 ], [ 108.4921271, 11.9032903 ], [ 108.4921494, 11.9033278 ], [ 108.4922189, 11.9034249 ], [ 108.4922932, 11.9035186 ], [ 108.492372, 11.9036086 ], [ 108.4924636, 11.9037029 ], [ 108.4925603, 11.9037922 ], [ 108.4926617, 11.9038763 ], [ 108.4928119, 11.9040941 ], [ 108.4930962, 11.9044563 ], [ 108.4933993, 11.9047476 ], [ 108.4934285, 11.9047752 ], [ 108.493453, 11.9048068 ], [ 108.4934723, 11.9048418 ], [ 108.4934858, 11.9048792 ], [ 108.4934932, 11.9049182 ], [ 108.4934945, 11.9049564 ], [ 108.49349, 11.9049943 ], [ 108.4934798, 11.9050311 ], [ 108.4934403, 11.9050839 ], [ 108.4933966, 11.9051334 ], [ 108.4933452, 11.9051829 ], [ 108.4932974, 11.9052358 ], [ 108.4932552, 11.9052896 ], [ 108.4932169, 11.905346 ], [ 108.4931663, 11.9054349 ], [ 108.4931123, 11.9055219 ], [ 108.4930523, 11.9056109 ], [ 108.4929889, 11.9056977 ], [ 108.4929635, 11.9057174 ], [ 108.492941, 11.9057403 ], [ 108.4929219, 11.905766 ], [ 108.4929018, 11.9058051 ], [ 108.4928897, 11.9058473 ], [ 108.4928495, 11.9060481 ], [ 108.4895253, 11.9070139 ], [ 108.4894357, 11.9070464 ], [ 108.4893492, 11.9070861 ], [ 108.489279, 11.9071251 ], [ 108.4892118, 11.9071689 ], [ 108.489148, 11.9072173 ], [ 108.488747, 11.9075244 ], [ 108.4885204, 11.907897 ], [ 108.4879839, 11.9081621 ], [ 108.4879355, 11.9081814 ], [ 108.4878897, 11.908206 ], [ 108.4878471, 11.9082356 ], [ 108.4878112, 11.9082671 ], [ 108.4877789, 11.9083023 ], [ 108.4877506, 11.9083406 ], [ 108.4877182, 11.9083871 ], [ 108.4876808, 11.9084298 ], [ 108.4876486, 11.9084601 ], [ 108.4876138, 11.9084876 ], [ 108.4875887, 11.9085026 ], [ 108.4875662, 11.9085211 ], [ 108.4875467, 11.9085427 ], [ 108.4875277, 11.9085727 ], [ 108.4875146, 11.9086057 ], [ 108.4874983, 11.908638 ], [ 108.4874766, 11.9086671 ], [ 108.4874502, 11.9086923 ], [ 108.4874199, 11.9087126 ], [ 108.4873865, 11.9087276 ], [ 108.4873509, 11.9087369 ], [ 108.4873194, 11.9087394 ], [ 108.4872879, 11.9087369 ], [ 108.4872477, 11.9087336 ], [ 108.4872074, 11.9087369 ], [ 108.487175, 11.9087445 ], [ 108.487144, 11.9087564 ], [ 108.4871149, 11.9087723 ], [ 108.4869727, 11.9088419 ], [ 108.486939, 11.9088503 ], [ 108.4869043, 11.9088534 ], [ 108.4868695, 11.908851 ], [ 108.4868374, 11.9088438 ], [ 108.4868067, 11.9088319 ], [ 108.4867783, 11.9088156 ], [ 108.4867506, 11.9087985 ], [ 108.4867197, 11.9087883 ], [ 108.4866871, 11.9087854 ], [ 108.4866627, 11.9087883 ], [ 108.4866392, 11.9087954 ], [ 108.4866174, 11.9088064 ], [ 108.4865342, 11.9088576 ], [ 108.4865016, 11.9088676 ], [ 108.4864676, 11.9088718 ], [ 108.4864335, 11.9088703 ], [ 108.4864001, 11.9088629 ], [ 108.4863655, 11.9088483 ], [ 108.4863344, 11.9088274 ], [ 108.4863052, 11.9088076 ], [ 108.4862726, 11.9087939 ], [ 108.4862378, 11.9087867 ], [ 108.4862111, 11.9087859 ], [ 108.4861845, 11.908789 ], [ 108.4861587, 11.9087959 ], [ 108.4861308, 11.9088078 ], [ 108.486101, 11.908814 ], [ 108.4860706, 11.9088145 ], [ 108.4860407, 11.9088091 ], [ 108.4860107, 11.9087971 ], [ 108.485984, 11.9087794 ], [ 108.4859616, 11.9087566 ], [ 108.485934, 11.9087292 ], [ 108.4859014, 11.9087079 ], [ 108.485865, 11.9086936 ], [ 108.4858285, 11.908687 ], [ 108.4857914, 11.9086874 ], [ 108.485755, 11.9086949 ], [ 108.4856943, 11.9087011 ], [ 108.4856332, 11.9087002 ], [ 108.4855726, 11.9086923 ], [ 108.4855068, 11.9086751 ], [ 108.4854438, 11.9086496 ], [ 108.4853849, 11.9086162 ], [ 108.4853378, 11.9085966 ], [ 108.4852883, 11.9085842 ], [ 108.4852374, 11.9085794 ], [ 108.4851926, 11.9085815 ], [ 108.4851485, 11.9085894 ], [ 108.4851059, 11.908603 ], [ 108.4850344, 11.9086235 ], [ 108.4849611, 11.9086372 ], [ 108.4848842, 11.9086439 ], [ 108.4848071, 11.908643 ], [ 108.4847304, 11.9086345 ], [ 108.4846237, 11.9086595 ], [ 108.4845197, 11.9086937 ], [ 108.4844193, 11.9087369 ], [ 108.4843247, 11.9087877 ], [ 108.4842351, 11.9088465 ], [ 108.4841511, 11.9089127 ], [ 108.4840116, 11.9090156 ], [ 108.4838694, 11.9091148 ], [ 108.4837483, 11.9091949 ], [ 108.4836253, 11.9092723 ], [ 108.4835825, 11.9092893 ], [ 108.4835375, 11.9092998 ], [ 108.4834914, 11.9093036 ], [ 108.4834452, 11.9093005 ], [ 108.4834, 11.9092906 ], [ 108.4833541, 11.9092729 ], [ 108.4833118, 11.9092482 ], [ 108.483274, 11.9092172 ], [ 108.4831291, 11.9090413 ], [ 108.4830165, 11.9089101 ], [ 108.4828261, 11.9087316 ], [ 108.4827649, 11.9086927 ], [ 108.4827003, 11.9086593 ], [ 108.4826329, 11.9086319 ], [ 108.4825693, 11.9086122 ], [ 108.4825042, 11.9085978 ], [ 108.4824395, 11.9085924 ], [ 108.4823754, 11.908582 ], [ 108.4823295, 11.9085715 ], [ 108.4822842, 11.9085584 ], [ 108.4822331, 11.9085364 ], [ 108.4821846, 11.9085092 ], [ 108.4821394, 11.9084771 ], [ 108.4820938, 11.9084363 ], [ 108.4820534, 11.9083906 ], [ 108.4820187, 11.9083406 ], [ 108.4820039, 11.9083039 ], [ 108.4819838, 11.9082697 ], [ 108.4819591, 11.908239 ], [ 108.4819302, 11.908212 ], [ 108.4816982, 11.9080375 ], [ 108.481489, 11.9081976 ], [ 108.4812234, 11.9079627 ], [ 108.4811515, 11.9079978 ], [ 108.4810817, 11.9080368 ], [ 108.4810142, 11.9080794 ], [ 108.4809439, 11.9081297 ], [ 108.4808768, 11.908184 ], [ 108.4808131, 11.9082422 ], [ 108.4807095, 11.9083278 ], [ 108.4806922, 11.9083361 ], [ 108.4806729, 11.9083385 ], [ 108.480654, 11.9083346 ], [ 108.4806374, 11.9083248 ], [ 108.4806238, 11.9083084 ], [ 108.4806172, 11.9082882 ], [ 108.4806186, 11.9082671 ], [ 108.4806347, 11.9081385 ], [ 108.4806299, 11.9081129 ], [ 108.4806169, 11.9080902 ], [ 108.4805971, 11.9080729 ], [ 108.4805751, 11.9080634 ], [ 108.4805511, 11.9080607 ], [ 108.4805274, 11.908065 ], [ 108.4804121, 11.9081123 ], [ 108.4803427, 11.908137 ], [ 108.4802726, 11.9081595 ], [ 108.4801065, 11.9081755 ], [ 108.47994, 11.9081857 ], [ 108.4797227, 11.9081906 ], [ 108.4795055, 11.9081857 ], [ 108.4794532, 11.908179 ], [ 108.479403, 11.9081633 ], [ 108.4793564, 11.908139 ], [ 108.479315, 11.908107 ], [ 108.4792859, 11.9080756 ], [ 108.4792617, 11.9080403 ], [ 108.4792431, 11.908002 ], [ 108.4792306, 11.9079613 ], [ 108.4792114, 11.9079188 ], [ 108.4791848, 11.9078803 ], [ 108.4791514, 11.9078472 ], [ 108.4791163, 11.9078227 ], [ 108.4790775, 11.9078041 ], [ 108.4790361, 11.9077921 ], [ 108.4789811, 11.9077874 ], [ 108.4789261, 11.9077921 ], [ 108.4788808, 11.9078033 ], [ 108.4788376, 11.9078209 ], [ 108.4787276, 11.907918 ], [ 108.4786949, 11.9079448 ], [ 108.4786584, 11.9079663 ], [ 108.4786189, 11.907982 ], [ 108.4785774, 11.9079915 ], [ 108.4785393, 11.9079947 ], [ 108.478501, 11.9079926 ], [ 108.4784634, 11.9079854 ], [ 108.4784272, 11.9079732 ], [ 108.4782448, 11.9078865 ], [ 108.4779122, 11.9078813 ], [ 108.4778862, 11.9078989 ], [ 108.4778573, 11.9079113 ], [ 108.4778264, 11.907918 ], [ 108.4777926, 11.9079188 ], [ 108.4777594, 11.9079128 ], [ 108.4777121, 11.9078996 ], [ 108.4776636, 11.9078917 ], [ 108.4776145, 11.9078892 ], [ 108.4775635, 11.9078922 ], [ 108.4775132, 11.907901 ], [ 108.4774643, 11.9079154 ], [ 108.4771961, 11.9078918 ], [ 108.4771022, 11.9077763 ], [ 108.4770378, 11.9077055 ], [ 108.4770041, 11.9076655 ], [ 108.4769745, 11.9076225 ], [ 108.4769493, 11.9075769 ], [ 108.4769252, 11.9075185 ], [ 108.476893, 11.907464 ], [ 108.4768575, 11.907419 ], [ 108.4768166, 11.9073787 ], [ 108.4767576, 11.907356 ], [ 108.476696, 11.9073419 ], [ 108.4766328, 11.9073367 ], [ 108.4765752, 11.9073398 ], [ 108.4765186, 11.9073504 ], [ 108.4764639, 11.9073682 ], [ 108.4764028, 11.9074075 ], [ 108.4763454, 11.9074518 ], [ 108.4762922, 11.9075007 ], [ 108.4762509, 11.9075453 ], [ 108.4762131, 11.9075926 ], [ 108.4761946, 11.907622 ], [ 108.47617, 11.9076467 ], [ 108.4761404, 11.9076655 ], [ 108.4761072, 11.9076774 ], [ 108.4760723, 11.9076818 ], [ 108.4760395, 11.9076791 ], [ 108.476008, 11.9076697 ], [ 108.4759792, 11.9076543 ], [ 108.4759542, 11.9076333 ], [ 108.4759263, 11.9076179 ], [ 108.475896, 11.9076077 ], [ 108.4758642, 11.9076032 ], [ 108.4758322, 11.9076044 ], [ 108.4757947, 11.9076135 ], [ 108.4757602, 11.9076304 ], [ 108.4757303, 11.9076543 ], [ 108.4754808, 11.9078498 ], [ 108.47523, 11.9080506 ], [ 108.4751721, 11.908085 ], [ 108.47511, 11.9081119 ], [ 108.475045, 11.9081306 ], [ 108.4749918, 11.9081395 ], [ 108.474938, 11.9081431 ], [ 108.474884, 11.9081411 ], [ 108.4746265, 11.9081149 ], [ 108.4744482, 11.9080637 ], [ 108.474415, 11.9080543 ], [ 108.4743806, 11.9080512 ], [ 108.4743462, 11.9080545 ], [ 108.4743175, 11.9080624 ], [ 108.4742904, 11.9080748 ], [ 108.4742658, 11.9080913 ], [ 108.4742364, 11.9081029 ], [ 108.4742054, 11.9081096 ], [ 108.4741637, 11.9081106 ], [ 108.4741228, 11.9081026 ], [ 108.4740847, 11.908086 ], [ 108.4740441, 11.9080677 ], [ 108.4740007, 11.9080571 ], [ 108.473956, 11.9080545 ], [ 108.4739168, 11.9080589 ], [ 108.473879, 11.9080695 ], [ 108.4738433, 11.908086 ], [ 108.4737524, 11.9081061 ], [ 108.4736601, 11.9081193 ], [ 108.4735671, 11.9081254 ], [ 108.4734703, 11.9081242 ], [ 108.473374, 11.9081155 ], [ 108.4732787, 11.9080991 ], [ 108.4732774, 11.908254 ], [ 108.4732687, 11.90829 ], [ 108.4732547, 11.9083243 ], [ 108.4732358, 11.9083563 ], [ 108.4732089, 11.9083889 ], [ 108.4731768, 11.9084167 ], [ 108.4731366, 11.9084521 ], [ 108.473099, 11.9084902 ], [ 108.473051, 11.9085483 ], [ 108.4730092, 11.9086109 ], [ 108.4729719, 11.9086977 ], [ 108.4729388, 11.9087862 ], [ 108.4729099, 11.908876 ], [ 108.4728778, 11.9089985 ], [ 108.4728536, 11.9091227 ], [ 108.4728407, 11.9091542 ], [ 108.4728216, 11.9091825 ], [ 108.4727973, 11.9092067 ], [ 108.4727722, 11.9092236 ], [ 108.4727445, 11.9092361 ], [ 108.472715, 11.9092436 ], [ 108.4726846, 11.909246 ], [ 108.4726631, 11.9092466 ], [ 108.4726427, 11.9092535 ], [ 108.4726255, 11.9092663 ], [ 108.4726132, 11.9092836 ], [ 108.4726068, 11.9093038 ], [ 108.4726068, 11.9093226 ], [ 108.472612, 11.9093407 ], [ 108.4726221, 11.9093567 ], [ 108.4726363, 11.9093694 ], [ 108.4727758, 11.9094744 ], [ 108.4728062, 11.9095205 ], [ 108.4728288, 11.9095708 ], [ 108.4728429, 11.909624 ], [ 108.472848, 11.9096722 ], [ 108.4728462, 11.9097206 ], [ 108.4728375, 11.9097683 ], [ 108.4728169, 11.9098408 ], [ 108.4727872, 11.9099103 ], [ 108.472749, 11.9099756 ], [ 108.4727118, 11.9100252 ], [ 108.4726696, 11.9100709 ], [ 108.4726229, 11.9101121 ], [ 108.4725884, 11.9101409 ], [ 108.4725587, 11.9101744 ], [ 108.4725344, 11.9102118 ], [ 108.4725175, 11.9102487 ], [ 108.4725058, 11.9102874 ], [ 108.4724995, 11.9103273 ], [ 108.4724915, 11.9105294 ], [ 108.4724918, 11.9105767 ], [ 108.4724846, 11.9106234 ], [ 108.47247, 11.9106685 ], [ 108.4724523, 11.9107045 ], [ 108.4724298, 11.910738 ], [ 108.472403, 11.9107682 ], [ 108.4723794, 11.9108012 ], [ 108.4723614, 11.9108373 ], [ 108.4723493, 11.9108758 ], [ 108.4723442, 11.910908 ], [ 108.4723433, 11.9109405 ], [ 108.4723467, 11.9109729 ], [ 108.4723569, 11.9110185 ], [ 108.4723628, 11.9110648 ], [ 108.4723642, 11.9111028 ], [ 108.4723628, 11.9111409 ], [ 108.4722555, 11.9115608 ], [ 108.4721482, 11.9118757 ], [ 108.4721255, 11.9119405 ], [ 108.4721103, 11.9120073 ], [ 108.4721027, 11.9120753 ], [ 108.4721028, 11.9121437 ], [ 108.4721106, 11.9122117 ], [ 108.4721257, 11.9122771 ], [ 108.4721479, 11.9123404 ], [ 108.4721769, 11.9124011 ], [ 108.4722125, 11.9124584 ], [ 108.4724915, 11.9127996 ], [ 108.4726042, 11.9128993 ], [ 108.4726517, 11.912954 ], [ 108.4726921, 11.9130139 ], [ 108.4727247, 11.9130782 ], [ 108.472749, 11.913146 ], [ 108.4727639, 11.9132115 ], [ 108.4727711, 11.9132783 ], [ 108.4727704, 11.9133454 ], [ 108.472759, 11.9134026 ], [ 108.4727407, 11.9134581 ], [ 108.4727158, 11.913511 ], [ 108.4726846, 11.9135606 ], [ 108.4726436, 11.9136106 ], [ 108.4725964, 11.9136548 ], [ 108.4725435, 11.9136926 ], [ 108.4725182, 11.9137056 ], [ 108.4724956, 11.9137229 ], [ 108.4724767, 11.9137439 ], [ 108.472462, 11.913768 ], [ 108.4724503, 11.913801 ], [ 108.4724467, 11.9138359 ], [ 108.4724379, 11.9138966 ], [ 108.4724265, 11.9139392 ], [ 108.472411, 11.9139805 ], [ 108.4723904, 11.9140069 ], [ 108.4723735, 11.9140357 ], [ 108.4723595, 11.9140693 ], [ 108.4723505, 11.9141045 ], [ 108.4723467, 11.9141406 ], [ 108.4723398, 11.9142419 ], [ 108.4723279, 11.9143427 ], [ 108.4723052, 11.9144708 ], [ 108.4722742, 11.9145973 ], [ 108.4722484, 11.9146553 ], [ 108.4722147, 11.9147095 ], [ 108.4721739, 11.9147586 ], [ 108.4721267, 11.914802 ], [ 108.4720777, 11.9148364 ], [ 108.4720247, 11.9148646 ], [ 108.4719685, 11.914886 ], [ 108.4719441, 11.9148998 ], [ 108.4719229, 11.914918 ], [ 108.4719058, 11.9149399 ], [ 108.4718934, 11.9149647 ], [ 108.4718861, 11.9149921 ], [ 108.4718845, 11.9150204 ], [ 108.4718888, 11.9150483 ], [ 108.4718987, 11.9150749 ], [ 108.4719359, 11.9151577 ], [ 108.4719792, 11.9152376 ], [ 108.4720283, 11.9153141 ], [ 108.4720829, 11.9153868 ], [ 108.4721428, 11.9154555 ], [ 108.4721884, 11.9155366 ], [ 108.4722278, 11.9156207 ], [ 108.4722608, 11.9157074 ], [ 108.4722834, 11.9157815 ], [ 108.4723013, 11.9158569 ], [ 108.4723145, 11.9159331 ], [ 108.4723549, 11.9160261 ], [ 108.4724003, 11.9161168 ], [ 108.4724541, 11.916211 ], [ 108.4725131, 11.9163021 ], [ 108.4725773, 11.9163898 ], [ 108.4726183, 11.9164373 ], [ 108.4726651, 11.9164795 ], [ 108.4727168, 11.9165157 ], [ 108.4727595, 11.9165392 ], [ 108.4728044, 11.9165585 ], [ 108.4728509, 11.9165735 ], [ 108.4729275, 11.9166131 ], [ 108.4729993, 11.9166605 ], [ 108.4730655, 11.9167152 ], [ 108.4731196, 11.91677 ], [ 108.473168, 11.9168297 ], [ 108.4732103, 11.9168937 ], [ 108.4732518, 11.9169798 ], [ 108.4733015, 11.9170616 ], [ 108.4733605, 11.9171403 ], [ 108.4734194, 11.9172012 ], [ 108.4734732, 11.9172663 ], [ 108.4735248, 11.9173404 ], [ 108.4735697, 11.9174185 ], [ 108.4736074, 11.9174907 ], [ 108.4736395, 11.9175655 ], [ 108.4736615, 11.9176284 ], [ 108.4736795, 11.9176924 ], [ 108.4737253, 11.9178174 ], [ 108.4737821, 11.9179517 ], [ 108.4738456, 11.918083 ], [ 108.4739158, 11.9182111 ], [ 108.4739397, 11.9182406 ], [ 108.4739559, 11.9182748 ], [ 108.4739633, 11.9183118 ], [ 108.4739617, 11.9183495 ], [ 108.473951, 11.9183857 ], [ 108.4739318, 11.9184184 ], [ 108.4739087, 11.918443 ], [ 108.4738808, 11.9184624 ], [ 108.4738494, 11.9184755 ], [ 108.4738158, 11.918482 ], [ 108.4737816, 11.9184814 ], [ 108.4735242, 11.9184919 ], [ 108.4734776, 11.9185019 ], [ 108.4734334, 11.9185197 ], [ 108.4733932, 11.9185447 ], [ 108.473358, 11.9185762 ], [ 108.4733289, 11.9186132 ], [ 108.4733069, 11.9186546 ], [ 108.4732923, 11.9187002 ], [ 108.4732863, 11.9187475 ], [ 108.473289, 11.9187952 ], [ 108.4733003, 11.9188416 ], [ 108.4733199, 11.9188853 ], [ 108.4733471, 11.9189249 ], [ 108.473736, 11.9194918 ], [ 108.4737614, 11.9195329 ], [ 108.4737791, 11.9195777 ], [ 108.4737886, 11.9196249 ], [ 108.4737897, 11.9196729 ], [ 108.4737836, 11.9197148 ], [ 108.4737711, 11.9197552 ], [ 108.4737524, 11.9197934 ], [ 108.473728, 11.9198283 ], [ 108.4736985, 11.9198592 ], [ 108.4735107, 11.9200062 ], [ 108.4734837, 11.9200337 ], [ 108.4734619, 11.9200654 ], [ 108.4734461, 11.9201003 ], [ 108.4734368, 11.9201374 ], [ 108.4734341, 11.9201755 ], [ 108.4734383, 11.9202135 ], [ 108.4734516, 11.920256 ], [ 108.4734733, 11.920295 ], [ 108.4735027, 11.920329 ], [ 108.4735643, 11.9203841 ], [ 108.4736234, 11.9204418 ], [ 108.4736855, 11.9205086 ], [ 108.4737441, 11.9205783 ], [ 108.4737689, 11.9206198 ], [ 108.4737889, 11.9206638 ], [ 108.473804, 11.9207096 ], [ 108.4738138, 11.9207567 ], [ 108.4738187, 11.9208138 ], [ 108.473816, 11.920871 ], [ 108.4738058, 11.9209273 ], [ 108.4737928, 11.9209692 ], [ 108.4737847, 11.9210123 ], [ 108.4737816, 11.9210559 ], [ 108.473784, 11.9211035 ], [ 108.4737924, 11.9211504 ], [ 108.4738251, 11.9212386 ], [ 108.4738514, 11.9213289 ], [ 108.4738686, 11.9214071 ], [ 108.4738809, 11.9214863 ], [ 108.4738889, 11.9215194 ], [ 108.4739059, 11.9215489 ], [ 108.4739308, 11.9215726 ], [ 108.4739614, 11.9215887 ], [ 108.4739943, 11.9215956 ], [ 108.474028, 11.9215936 ], [ 108.4740598, 11.9215827 ], [ 108.4740874, 11.9215637 ], [ 108.4741065, 11.9215531 ], [ 108.4741273, 11.9215465 ], [ 108.4741491, 11.921544 ], [ 108.4741769, 11.9215473 ], [ 108.474203, 11.9215574 ], [ 108.4742255, 11.9215738 ], [ 108.474243, 11.9215952 ], [ 108.4742728, 11.9216843 ], [ 108.4742966, 11.921775 ], [ 108.4743166, 11.9218816 ], [ 108.4743282, 11.9219894 ], [ 108.4743315, 11.9220978 ], [ 108.4743261, 11.9226883 ], [ 108.4743264, 11.9227294 ], [ 108.474335, 11.9227697 ], [ 108.4743518, 11.9228074 ], [ 108.474376, 11.9228411 ], [ 108.4744066, 11.9228693 ], [ 108.4744428, 11.9228912 ], [ 108.4744829, 11.9229054 ], [ 108.474525, 11.9229113 ], [ 108.4745675, 11.9229087 ], [ 108.474758, 11.9228615 ], [ 108.474819, 11.9228492 ], [ 108.4748808, 11.9228413 ], [ 108.474943, 11.9228379 ], [ 108.4750161, 11.9228396 ], [ 108.4750887, 11.9228475 ], [ 108.4751603, 11.9228615 ], [ 108.4752943, 11.9228862 ], [ 108.4754294, 11.9229037 ], [ 108.4755653, 11.922914 ], [ 108.4756942, 11.922917 ], [ 108.475823, 11.9229135 ], [ 108.4759515, 11.9229035 ], [ 108.4760074, 11.9228976 ], [ 108.4760635, 11.9228956 ], [ 108.4761156, 11.9228972 ], [ 108.4761675, 11.9229021 ], [ 108.4762373, 11.9229183 ], [ 108.4763045, 11.9229429 ], [ 108.476368, 11.9229756 ], [ 108.4764212, 11.9230117 ], [ 108.4764699, 11.9230534 ], [ 108.4765135, 11.9231003 ], [ 108.476539, 11.9231334 ], [ 108.4765596, 11.9231696 ], [ 108.4765749, 11.9232082 ], [ 108.4765846, 11.9232486 ], [ 108.4765884, 11.9232865 ], [ 108.4765872, 11.9233247 ], [ 108.4765872, 11.92341 ], [ 108.4765926, 11.9239794 ], [ 108.4765994, 11.9240286 ], [ 108.476611, 11.9240769 ], [ 108.4766275, 11.9241238 ], [ 108.4766476, 11.9241671 ], [ 108.4766718, 11.9242083 ], [ 108.4766999, 11.9242471 ], [ 108.4767248, 11.924269 ], [ 108.4767446, 11.9242955 ], [ 108.4767584, 11.9243253 ], [ 108.4767656, 11.9243573 ], [ 108.4767663, 11.9243846 ], [ 108.4767623, 11.9244115 ], [ 108.4767535, 11.9244374 ], [ 108.4767388, 11.9244938 ], [ 108.4767375, 11.9245138 ], [ 108.4767421, 11.9245333 ], [ 108.4767522, 11.9245508 ], [ 108.4767669, 11.9245647 ], [ 108.4767867, 11.9245744 ], [ 108.4768085, 11.9245778 ], [ 108.4768351, 11.9245727 ], [ 108.4768622, 11.9245712 ], [ 108.476892, 11.9245737 ], [ 108.4769212, 11.9245804 ], [ 108.4769462, 11.9245978 ], [ 108.4769654, 11.9246211 ], [ 108.4769775, 11.9246486 ], [ 108.4769815, 11.9246753 ], [ 108.4769788, 11.9247021 ], [ 108.4769694, 11.9247274 ], [ 108.4769544, 11.9247548 ], [ 108.4769345, 11.9247792 ], [ 108.4769104, 11.9247995 ], [ 108.4768863, 11.9248137 ], [ 108.4768601, 11.9248238 ], [ 108.4768327, 11.9248297 ], [ 108.4768046, 11.9248335 ], [ 108.476779, 11.9248455 ], [ 108.4767631, 11.9248592 ], [ 108.4767508, 11.9248761 ], [ 108.4767428, 11.9248953 ], [ 108.4767367, 11.9249345 ], [ 108.4767367, 11.9249742 ], [ 108.4767428, 11.9250134 ], [ 108.4767567, 11.9250556 ], [ 108.4767777, 11.9250948 ], [ 108.4768122, 11.9251189 ], [ 108.4768513, 11.9251349 ], [ 108.476893, 11.925142 ], [ 108.4769344, 11.9251401 ], [ 108.4769744, 11.9251294 ], [ 108.477011, 11.9251105 ], [ 108.4770359, 11.925098 ], [ 108.4770626, 11.9250902 ], [ 108.4770904, 11.9250873 ], [ 108.4771183, 11.9250895 ], [ 108.4771433, 11.925096 ], [ 108.4771668, 11.9251066 ], [ 108.477188, 11.925121 ], [ 108.4772127, 11.9251591 ], [ 108.4772307, 11.9252006 ], [ 108.4772417, 11.9252444 ], [ 108.4772453, 11.9252913 ], [ 108.4772408, 11.9253381 ], [ 108.4772283, 11.9253835 ], [ 108.4772045, 11.9254263 ], [ 108.4771862, 11.9254717 ], [ 108.4771735, 11.9255189 ], [ 108.4771666, 11.9255672 ], [ 108.4771654, 11.9256108 ], [ 108.477169, 11.9256542 ], [ 108.4771773, 11.9256971 ], [ 108.4771828, 11.9257141 ], [ 108.4771935, 11.9257285 ], [ 108.4772082, 11.9257389 ], [ 108.4772256, 11.9257443 ], [ 108.477245, 11.9257438 ], [ 108.4772632, 11.925737 ], [ 108.4772779, 11.9257246 ], [ 108.4772883, 11.9257131 ], [ 108.477302, 11.9257058 ], [ 108.4773175, 11.9257034 ], [ 108.4773329, 11.9257062 ], [ 108.477347, 11.9257146 ], [ 108.4773572, 11.9257273 ], [ 108.4773621, 11.9257426 ], [ 108.4773611, 11.9257587 ], [ 108.4772608, 11.9260664 ], [ 108.4772322, 11.9261926 ], [ 108.4772122, 11.9263203 ], [ 108.477202, 11.926432 ], [ 108.4771984, 11.9265441 ], [ 108.4772015, 11.9266563 ], [ 108.4771939, 11.9267205 ], [ 108.4771797, 11.9267838 ], [ 108.4771591, 11.9268453 ], [ 108.4771323, 11.9269044 ], [ 108.4770995, 11.9269607 ], [ 108.4770643, 11.9270095 ], [ 108.4770246, 11.9270549 ], [ 108.4769808, 11.9270964 ], [ 108.4769332, 11.9271339 ], [ 108.4768937, 11.9271968 ], [ 108.4768614, 11.9272636 ], [ 108.4768367, 11.9273333 ], [ 108.476823, 11.9273885 ], [ 108.476814, 11.9274446 ], [ 108.4768099, 11.9275013 ], [ 108.4768159, 11.9275484 ], [ 108.4768159, 11.9275959 ], [ 108.4768099, 11.927643 ], [ 108.4767951, 11.9276968 ], [ 108.4767723, 11.927748 ], [ 108.4764665, 11.9282728 ], [ 108.4763884, 11.9283915 ], [ 108.4763168, 11.9285141 ], [ 108.476252, 11.9286402 ], [ 108.476195, 11.9287671 ], [ 108.4761449, 11.9288967 ], [ 108.4761018, 11.9290286 ], [ 108.4759784, 11.9293383 ], [ 108.4759659, 11.9294151 ], [ 108.4759462, 11.9294905 ], [ 108.4759255, 11.9295491 ], [ 108.4759004, 11.9296061 ], [ 108.4758711, 11.9296611 ], [ 108.475852, 11.9297005 ], [ 108.4758376, 11.9297418 ], [ 108.4758282, 11.9297844 ], [ 108.4758236, 11.9298329 ], [ 108.4758255, 11.9298815 ], [ 108.4758237, 11.9299381 ], [ 108.4758174, 11.9299943 ], [ 108.4758084, 11.9300432 ], [ 108.475796, 11.9300914 ], [ 108.4757907, 11.9301282 ], [ 108.4757913, 11.9301654 ], [ 108.4757979, 11.930202 ], [ 108.4758103, 11.9302371 ], [ 108.4758282, 11.9302699 ], [ 108.4758508, 11.9302993 ], [ 108.4758779, 11.9303248 ], [ 108.4759086, 11.930346 ], [ 108.4759373, 11.9303626 ], [ 108.4759634, 11.9303828 ], [ 108.4759864, 11.9304064 ], [ 108.4760133, 11.9304449 ], [ 108.476032, 11.9304877 ], [ 108.4760434, 11.9305371 ], [ 108.4760481, 11.9305874 ], [ 108.4760462, 11.9306355 ], [ 108.4760381, 11.930683 ], [ 108.476024, 11.9307291 ], [ 108.4756511, 11.9315978 ], [ 108.4756236, 11.9316553 ], [ 108.4756012, 11.9317149 ], [ 108.4755841, 11.9317762 ], [ 108.4755743, 11.9318258 ], [ 108.475568, 11.9318759 ], [ 108.4755712, 11.9319093 ], [ 108.4755793, 11.9319419 ], [ 108.4755921, 11.931973 ], [ 108.4756156, 11.9320103 ], [ 108.4756458, 11.9320426 ], [ 108.4756548, 11.9320657 ], [ 108.4756593, 11.93209 ], [ 108.4756592, 11.9321148 ], [ 108.4756539, 11.9321406 ], [ 108.4756436, 11.9321649 ], [ 108.4756286, 11.9321867 ], [ 108.4756096, 11.9322053 ], [ 108.475462, 11.9323208 ], [ 108.4754277, 11.932346 ], [ 108.4753976, 11.9323762 ], [ 108.4753727, 11.9324104 ], [ 108.4753534, 11.932448 ], [ 108.4753431, 11.9324774 ], [ 108.4753268, 11.932504 ], [ 108.4753051, 11.9325268 ], [ 108.4752832, 11.9325423 ], [ 108.4752588, 11.9325538 ], [ 108.4752327, 11.9325609 ], [ 108.4751915, 11.9325662 ], [ 108.4751511, 11.9325758 ], [ 108.475112, 11.9325897 ], [ 108.4750616, 11.9326153 ], [ 108.4750157, 11.9326479 ], [ 108.4749752, 11.9326868 ], [ 108.4749502, 11.9327257 ], [ 108.4749321, 11.9327681 ], [ 108.4749216, 11.9328128 ], [ 108.4749187, 11.9328543 ], [ 108.4749223, 11.9328957 ], [ 108.4749323, 11.9329361 ], [ 108.4749252, 11.9329734 ], [ 108.4749098, 11.9330081 ], [ 108.4748867, 11.9330385 ], [ 108.4748631, 11.933059 ], [ 108.4748359, 11.933075 ], [ 108.4748062, 11.9330857 ], [ 108.4747372, 11.9331103 ], [ 108.4746695, 11.9331382 ], [ 108.4746084, 11.933167 ], [ 108.4745488, 11.9331986 ], [ 108.4745186, 11.9332236 ], [ 108.4744937, 11.9332536 ], [ 108.4744749, 11.9332877 ], [ 108.4744629, 11.9333245 ], [ 108.4744582, 11.9333605 ], [ 108.4744601, 11.9333968 ], [ 108.4744683, 11.9334321 ], [ 108.4744709, 11.9334644 ], [ 108.4744641, 11.933496 ], [ 108.4744485, 11.9335245 ], [ 108.4744254, 11.9335476 ], [ 108.4744017, 11.9335613 ], [ 108.4743753, 11.9335691 ], [ 108.4743479, 11.9335707 ], [ 108.4743208, 11.933566 ], [ 108.4742687, 11.9335643 ], [ 108.4742168, 11.9335669 ], [ 108.4741652, 11.9335738 ], [ 108.4741185, 11.9335839 ], [ 108.4740727, 11.9335975 ], [ 108.4740542, 11.9336037 ], [ 108.4740387, 11.9336155 ], [ 108.474028, 11.9336314 ], [ 108.474023, 11.9336499 ], [ 108.474024, 11.9336668 ], [ 108.4740297, 11.9336827 ], [ 108.47405, 11.9337062 ], [ 108.474074, 11.933726 ], [ 108.4741061, 11.9337438 ], [ 108.4741411, 11.9337549 ], [ 108.4742939, 11.93381 ], [ 108.4743302, 11.9338374 ], [ 108.4743625, 11.933869 ], [ 108.4743905, 11.9339045 ], [ 108.4744188, 11.9339536 ], [ 108.4744386, 11.9340066 ], [ 108.4744495, 11.9340619 ], [ 108.4744574, 11.9341052 ], [ 108.47447, 11.9341473 ], [ 108.4744871, 11.9341879 ], [ 108.4745136, 11.9342344 ], [ 108.4745461, 11.9342771 ], [ 108.4747526, 11.9345606 ], [ 108.4747757, 11.9346079 ], [ 108.474791, 11.9346582 ], [ 108.4747982, 11.9347101 ], [ 108.474797, 11.934763 ], [ 108.4747875, 11.9348151 ], [ 108.4747629, 11.9348597 ], [ 108.4747423, 11.9349062 ], [ 108.4747258, 11.9349542 ], [ 108.4747122, 11.9350101 ], [ 108.4747043, 11.935067 ], [ 108.4746962, 11.9350999 ], [ 108.4746798, 11.9351297 ], [ 108.474656, 11.9351543 ], [ 108.4746265, 11.935172 ], [ 108.4745948, 11.9351815 ], [ 108.4745616, 11.9351829 ], [ 108.4745291, 11.9351763 ], [ 108.4744992, 11.935162 ], [ 108.474474, 11.9351409 ], [ 108.4744549, 11.9351143 ], [ 108.4744195, 11.9350925 ], [ 108.4743806, 11.9350774 ], [ 108.4743395, 11.9350697 ], [ 108.4742982, 11.9350694 ], [ 108.4742575, 11.9350764 ], [ 108.4742188, 11.9350906 ], [ 108.4741889, 11.9351008 ], [ 108.4741617, 11.9351168 ], [ 108.4741384, 11.9351379 ], [ 108.474119, 11.935165 ], [ 108.4741062, 11.9351956 ], [ 108.4741125, 11.9352268 ], [ 108.4741142, 11.9352586 ], [ 108.4741112, 11.9352905 ], [ 108.4741035, 11.9353216 ], [ 108.4740968, 11.9353489 ], [ 108.4740928, 11.9353767 ], [ 108.4740924, 11.9354269 ], [ 108.4741008, 11.9354764 ], [ 108.4741286, 11.935534 ], [ 108.4741491, 11.9355945 ], [ 108.4741592, 11.9356401 ], [ 108.4741652, 11.9356863 ], [ 108.4741656, 11.9357143 ], [ 108.4741587, 11.9357415 ], [ 108.4741448, 11.9357659 ], [ 108.474125, 11.9357861 ], [ 108.474102, 11.9357998 ], [ 108.4740764, 11.9358077 ], [ 108.4740495, 11.9358093 ], [ 108.474023, 11.9358044 ], [ 108.4739719, 11.9358036 ], [ 108.4739211, 11.9358097 ], [ 108.4738787, 11.9358204 ], [ 108.473838, 11.9358359 ], [ 108.4738017, 11.9358517 ], [ 108.4737629, 11.9358595 ], [ 108.4737318, 11.9358599 ], [ 108.4737012, 11.9358551 ], [ 108.4736395, 11.9358595 ], [ 108.4735862, 11.9358707 ], [ 108.4735349, 11.9358884 ], [ 108.4735022, 11.9359048 ], [ 108.4734725, 11.9359259 ], [ 108.4734465, 11.9359513 ], [ 108.4734249, 11.9359803 ], [ 108.4734087, 11.9360108 ], [ 108.4733974, 11.9360433 ], [ 108.4733911, 11.9360771 ], [ 108.47339, 11.9361115 ], [ 108.4733989, 11.9361679 ], [ 108.473416, 11.9362225 ], [ 108.473441, 11.9362742 ], [ 108.473469, 11.9363162 ], [ 108.4735023, 11.9363545 ], [ 108.4735402, 11.9363883 ], [ 108.4735716, 11.9364168 ], [ 108.4735959, 11.9364513 ], [ 108.4736121, 11.9364901 ], [ 108.4736194, 11.9365313 ], [ 108.4736181, 11.9365686 ], [ 108.4736095, 11.9366049 ], [ 108.4735939, 11.9366389 ], [ 108.4735606, 11.936688 ], [ 108.4735349, 11.9367413 ], [ 108.4735176, 11.9367967 ], [ 108.4735086, 11.9368539 ], [ 108.4735081, 11.9369119 ], [ 108.4735349, 11.9371375 ], [ 108.4735445, 11.9371884 ], [ 108.4735617, 11.9372373 ], [ 108.473587, 11.9372848 ], [ 108.4736195, 11.937328 ], [ 108.4736583, 11.9373658 ], [ 108.4738373, 11.9374859 ], [ 108.4738511, 11.9375003 ], [ 108.4738611, 11.9375174 ], [ 108.4738668, 11.9375364 ], [ 108.4738675, 11.937559 ], [ 108.4738621, 11.937581 ], [ 108.4738272, 11.9376624 ], [ 108.4738175, 11.9376939 ], [ 108.4738148, 11.9377268 ], [ 108.4738192, 11.9377595 ], [ 108.4738307, 11.937791 ], [ 108.4738489, 11.9378195 ], [ 108.4738728, 11.9378434 ], [ 108.4740525, 11.9380035 ], [ 108.4741041, 11.9380684 ], [ 108.4741506, 11.9381367 ], [ 108.474192, 11.9382082 ], [ 108.4742339, 11.9382962 ], [ 108.474268, 11.9383874 ], [ 108.4742939, 11.9384811 ], [ 108.4743825, 11.9388748 ], [ 108.4744281, 11.9390637 ], [ 108.4744492, 11.9391348 ], [ 108.4744644, 11.9392074 ], [ 108.4744735, 11.9392809 ], [ 108.4744763, 11.939355 ], [ 108.4744722, 11.939438 ], [ 108.4744602, 11.9395203 ], [ 108.4744542, 11.9395422 ], [ 108.4744433, 11.9395622 ], [ 108.4744281, 11.9395793 ], [ 108.4744044, 11.9395953 ], [ 108.4743771, 11.9396043 ], [ 108.4743033, 11.939603 ], [ 108.4742798, 11.9396022 ], [ 108.4742564, 11.9396043 ], [ 108.4742162, 11.9396148 ], [ 108.4741711, 11.9396387 ], [ 108.4741235, 11.9396571 ], [ 108.474074, 11.9396699 ], [ 108.4740296, 11.9396762 ], [ 108.4739847, 11.939678 ], [ 108.4739399, 11.9396751 ], [ 108.4739044, 11.9396722 ], [ 108.4738692, 11.939678 ], [ 108.4738366, 11.9396922 ], [ 108.4738156, 11.9397075 ], [ 108.4737977, 11.9397263 ], [ 108.4737895, 11.939748 ], [ 108.4737768, 11.9397675 ], [ 108.4737602, 11.939784 ], [ 108.4737356, 11.9397992 ], [ 108.4737079, 11.9398076 ], [ 108.4736708, 11.9398085 ], [ 108.4736341, 11.9398142 ], [ 108.4736096, 11.939821 ], [ 108.4735858, 11.93983 ], [ 108.4729622, 11.9401921 ], [ 108.4729369, 11.9402087 ], [ 108.4729156, 11.94023 ], [ 108.4728992, 11.9402551 ], [ 108.4728872, 11.9402874 ], [ 108.4728834, 11.9403217 ], [ 108.4728882, 11.9403564 ], [ 108.4728885, 11.9403915 ], [ 108.4728826, 11.9404344 ], [ 108.47287, 11.9404758 ], [ 108.4728509, 11.9405149 ], [ 108.4727436, 11.9406933 ], [ 108.4727448, 11.9407542 ], [ 108.4727388, 11.9408148 ], [ 108.4727259, 11.9408744 ], [ 108.4727061, 11.9409321 ], [ 108.4726804, 11.940986 ], [ 108.4726488, 11.9410367 ], [ 108.4726116, 11.9410837 ], [ 108.4725693, 11.9411263 ], [ 108.4727383, 11.9414386 ], [ 108.4727792, 11.9414861 ], [ 108.4728142, 11.9415379 ], [ 108.4728429, 11.9415934 ], [ 108.4728632, 11.9416469 ], [ 108.4728775, 11.9417022 ], [ 108.4728858, 11.9417587 ], [ 108.4729072, 11.9423098 ], [ 108.4729085, 11.9423735 ], [ 108.4729166, 11.9424367 ], [ 108.4729314, 11.9424987 ], [ 108.4729486, 11.9425486 ], [ 108.4729701, 11.9425968 ], [ 108.4729958, 11.9426431 ], [ 108.4731433, 11.9428268 ], [ 108.4731776, 11.9428798 ], [ 108.4732049, 11.9429365 ], [ 108.4732249, 11.9429961 ], [ 108.4732372, 11.9430577 ], [ 108.4732414, 11.9431098 ], [ 108.4732401, 11.9431621 ], [ 108.4732333, 11.943214 ], [ 108.4732211, 11.943265 ], [ 108.4730682, 11.9436534 ], [ 108.4729502, 11.9438029 ], [ 108.4728335, 11.9441467 ], [ 108.4727544, 11.9442254 ], [ 108.4726658, 11.9444301 ], [ 108.4726417, 11.9444762 ], [ 108.4726229, 11.9445246 ], [ 108.4726085, 11.9445816 ], [ 108.4726015, 11.94464 ], [ 108.4725969, 11.9446932 ], [ 108.4725879, 11.9447458 ], [ 108.4725746, 11.9447975 ], [ 108.4725491, 11.9448673 ], [ 108.4725156, 11.9449339 ], [ 108.4723574, 11.9452908 ], [ 108.4723226, 11.9453887 ], [ 108.4722814, 11.9454842 ], [ 108.472234, 11.9455769 ], [ 108.4721733, 11.9456776 ], [ 108.4721053, 11.9457737 ], [ 108.472057, 11.945939 ], [ 108.47204, 11.9459785 ], [ 108.472017, 11.9460151 ], [ 108.4719884, 11.9460476 ], [ 108.4719551, 11.9460754 ], [ 108.4719127, 11.9461002 ], [ 108.4718665, 11.9461174 ], [ 108.4718164, 11.946136 ], [ 108.4717673, 11.9461568 ], [ 108.4716956, 11.9461922 ], [ 108.4716266, 11.9462325 ], [ 108.4715608, 11.9462775 ], [ 108.4715244, 11.9463122 ], [ 108.4714938, 11.9463519 ], [ 108.4714696, 11.9463956 ], [ 108.4714567, 11.9464282 ], [ 108.4714473, 11.9464619 ], [ 108.4714196, 11.9465263 ], [ 108.4713868, 11.9465883 ], [ 108.4713489, 11.9466475 ], [ 108.4712983, 11.946713 ], [ 108.4712416, 11.9467734 ], [ 108.471186, 11.9468214 ], [ 108.471137, 11.9468758 ] ] ] } },
{ "type": "Feature", "properties": { "id": "26898818-1add-41c6-99a2-c24f2b0a684e", "region_name": "Phường Xuân Trường - Đà Lạt", "country": "VN", "subtype": "locality", "class": "land" }, "geometry": { "type": "Polygon", "coordinates": [ [ [ 108.5707086, 11.9630044 ], [ 108.5707188, 11.9630763 ], [ 108.5707352, 11.9631471 ], [ 108.5707578, 11.9632163 ], [ 108.5697215, 11.9636722 ], [ 108.5692414, 11.9637667 ], [ 108.5685092, 11.9640396 ], [ 108.5682445, 11.9641555 ], [ 108.5679828, 11.9642776 ], [ 108.5677241, 11.9644057 ], [ 108.5674686, 11.9645398 ], [ 108.5672164, 11.9646798 ], [ 108.5669788, 11.9648189 ], [ 108.5667445, 11.9649633 ], [ 108.5665136, 11.9651128 ], [ 108.5664222, 11.9651704 ], [ 108.5663353, 11.9652343 ], [ 108.5662534, 11.9653043 ], [ 108.5661955, 11.9653605 ], [ 108.5661408, 11.9654198 ], [ 108.5660618, 11.9655064 ], [ 108.5659772, 11.9655877 ], [ 108.5658986, 11.9656543 ], [ 108.5658162, 11.9657163 ], [ 108.56532, 11.9660836 ], [ 108.5652182, 11.966178 ], [ 108.5651214, 11.9662774 ], [ 108.5650299, 11.9663814 ], [ 108.5649438, 11.9664898 ], [ 108.5648634, 11.9666023 ], [ 108.564789, 11.9667186 ], [ 108.5647155, 11.9668479 ], [ 108.5646494, 11.9669809 ], [ 108.5645908, 11.9671172 ], [ 108.5645398, 11.9672564 ], [ 108.5644966, 11.9673982 ], [ 108.564341, 11.9678705 ], [ 108.5642961, 11.9679675 ], [ 108.5642462, 11.968062 ], [ 108.5641914, 11.968154 ], [ 108.5641318, 11.9682431 ], [ 108.5640634, 11.9683344 ], [ 108.56399, 11.968422 ], [ 108.5639119, 11.9685055 ], [ 108.563796, 11.9685964 ], [ 108.5636761, 11.9686822 ], [ 108.5635525, 11.9687626 ], [ 108.5634332, 11.9688331 ], [ 108.5633111, 11.9688987 ], [ 108.5631862, 11.9689592 ], [ 108.5630589, 11.9690145 ], [ 108.5629412, 11.9690544 ], [ 108.5628265, 11.9691019 ], [ 108.5627154, 11.9691569 ], [ 108.5626083, 11.9692192 ], [ 108.5625146, 11.969282 ], [ 108.562425, 11.9693503 ], [ 108.5623399, 11.969424 ], [ 108.5622596, 11.9695026 ], [ 108.5621401, 11.9696185 ], [ 108.5620161, 11.9697299 ], [ 108.5618878, 11.9698365 ], [ 108.5617554, 11.9699381 ], [ 108.5615913, 11.9700534 ], [ 108.5614219, 11.970161 ], [ 108.5612476, 11.9702609 ], [ 108.5610687, 11.9703527 ], [ 108.5597876, 11.9716679 ], [ 108.5597133, 11.971758 ], [ 108.559634, 11.971844 ], [ 108.5595502, 11.9719258 ], [ 108.5594621, 11.9720031 ], [ 108.5593594, 11.9720834 ], [ 108.5592521, 11.9721575 ], [ 108.5591405, 11.9722253 ], [ 108.5590249, 11.9722865 ], [ 108.5585421, 11.9725646 ], [ 108.5583161, 11.9730231 ], [ 108.557838, 11.9736758 ], [ 108.5574907, 11.9740261 ], [ 108.5570897, 11.9743383 ], [ 108.5566485, 11.9746926 ], [ 108.5562086, 11.9750547 ], [ 108.5557526, 11.974892 ], [ 108.5552349, 11.9746506 ], [ 108.5549292, 11.9745791 ], [ 108.5532528, 11.9752147 ], [ 108.5531694, 11.9752409 ], [ 108.5530895, 11.975276 ], [ 108.5530141, 11.9753196 ], [ 108.5529593, 11.975359 ], [ 108.5529082, 11.9754028 ], [ 108.5528612, 11.9754508 ], [ 108.5525179, 11.9758575 ], [ 108.5523436, 11.9759366 ], [ 108.5521653, 11.9760067 ], [ 108.5519837, 11.9760679 ], [ 108.5517991, 11.9761199 ], [ 108.5516201, 11.9761609 ], [ 108.5514394, 11.9761933 ], [ 108.5512573, 11.976217 ], [ 108.5505545, 11.9762459 ], [ 108.5504563, 11.9762475 ], [ 108.5503582, 11.976241 ], [ 108.5502611, 11.9762265 ], [ 108.5501656, 11.9762039 ], [ 108.550073, 11.9761737 ], [ 108.5499834, 11.976136 ], [ 108.5498974, 11.976091 ], [ 108.5497676, 11.9759785 ], [ 108.5496325, 11.9758722 ], [ 108.5494924, 11.9757723 ], [ 108.5493475, 11.9756791 ], [ 108.5491994, 11.9755934 ], [ 108.5490473, 11.9755146 ], [ 108.5488915, 11.975443 ], [ 108.5487733, 11.9754433 ], [ 108.5486555, 11.9754535 ], [ 108.5485447, 11.9754721 ], [ 108.5484357, 11.9754995 ], [ 108.5483294, 11.9755353 ], [ 108.5482264, 11.9755794 ], [ 108.548121, 11.9756111 ], [ 108.5480135, 11.9756348 ], [ 108.5479045, 11.9756502 ], [ 108.5478259, 11.9756562 ], [ 108.5477472, 11.975658 ], [ 108.5476685, 11.9756555 ], [ 108.5475844, 11.975653 ], [ 108.547501, 11.9756425 ], [ 108.547419, 11.975624 ], [ 108.5473516, 11.9756024 ], [ 108.5472862, 11.9755755 ], [ 108.5472512, 11.9755555 ], [ 108.5472135, 11.9755409 ], [ 108.547174, 11.975532 ], [ 108.5471335, 11.9755291 ], [ 108.5470931, 11.9755322 ], [ 108.5470539, 11.9755411 ], [ 108.5470165, 11.9755556 ], [ 108.5469818, 11.9755755 ], [ 108.5468433, 11.9757219 ], [ 108.5468137, 11.9757509 ], [ 108.5467806, 11.9757762 ], [ 108.5467411, 11.9757991 ], [ 108.5466989, 11.9758167 ], [ 108.5466546, 11.9758287 ], [ 108.5463461, 11.9758811 ], [ 108.5459746, 11.97599 ], [ 108.5459127, 11.9760051 ], [ 108.5458526, 11.9760261 ], [ 108.5457949, 11.976053 ], [ 108.5457473, 11.9760808 ], [ 108.5457024, 11.9761126 ], [ 108.5456605, 11.9761481 ], [ 108.5455529, 11.9762865 ], [ 108.5454878, 11.9763787 ], [ 108.5454181, 11.9764676 ], [ 108.5453514, 11.9765445 ], [ 108.5452813, 11.9766184 ], [ 108.5446456, 11.9770933 ], [ 108.5441856, 11.977403 ], [ 108.5440922, 11.9774734 ], [ 108.5439941, 11.9775375 ], [ 108.5438918, 11.9775951 ], [ 108.5437859, 11.9776458 ], [ 108.5436766, 11.9776894 ], [ 108.5435647, 11.9777257 ], [ 108.5434431, 11.9777562 ], [ 108.5433195, 11.977778 ], [ 108.5431947, 11.9777912 ], [ 108.5430693, 11.9777957 ], [ 108.5429438, 11.9777913 ], [ 108.542819, 11.9777782 ], [ 108.5425857, 11.9777414 ], [ 108.5424994, 11.9777293 ], [ 108.5424124, 11.9777235 ], [ 108.5423252, 11.977724 ], [ 108.5422383, 11.9777309 ], [ 108.5421411, 11.9777464 ], [ 108.5420455, 11.9777697 ], [ 108.5419523, 11.9778009 ], [ 108.5418622, 11.9778397 ], [ 108.5417756, 11.9778857 ], [ 108.5416502, 11.9779647 ], [ 108.5415286, 11.9780493 ], [ 108.5414112, 11.9781394 ], [ 108.5412982, 11.9782347 ], [ 108.5411785, 11.9783461 ], [ 108.5410649, 11.9784634 ], [ 108.5409576, 11.9785863 ], [ 108.5408644, 11.9786922 ], [ 108.5407767, 11.9788025 ], [ 108.5406947, 11.9789169 ], [ 108.5406232, 11.9790276 ], [ 108.540557, 11.9791413 ], [ 108.5404962, 11.979258 ], [ 108.540454, 11.9793506 ], [ 108.5404049, 11.97944 ], [ 108.5403492, 11.9795255 ], [ 108.5402871, 11.9796068 ], [ 108.5402191, 11.9796834 ], [ 108.5401456, 11.9797549 ], [ 108.5400668, 11.9798209 ], [ 108.5399833, 11.979881 ], [ 108.5398954, 11.9799349 ], [ 108.5398059, 11.9799813 ], [ 108.5397133, 11.9800213 ], [ 108.5396179, 11.9800546 ], [ 108.5395203, 11.9800811 ], [ 108.5394211, 11.9801007 ], [ 108.5393206, 11.9801132 ], [ 108.5392195, 11.9801186 ], [ 108.5388493, 11.9801238 ], [ 108.538766, 11.9801251 ], [ 108.5386831, 11.9801343 ], [ 108.5386015, 11.9801514 ], [ 108.5385221, 11.9801763 ], [ 108.5384431, 11.9802099 ], [ 108.538368, 11.9802511 ], [ 108.5382975, 11.9802995 ], [ 108.5382324, 11.9803547 ], [ 108.5378569, 11.9807326 ], [ 108.5374627, 11.9811812 ], [ 108.5366499, 11.9817244 ], [ 108.5364193, 11.982055 ], [ 108.5362235, 11.982543 ], [ 108.5360974, 11.9827949 ], [ 108.5360469, 11.9828864 ], [ 108.5359895, 11.982974 ], [ 108.5359257, 11.9830573 ], [ 108.535864, 11.9831271 ], [ 108.5357978, 11.9831927 ], [ 108.5357273, 11.983254 ], [ 108.5353799, 11.9834679 ], [ 108.5353462, 11.9834998 ], [ 108.5353166, 11.9835354 ], [ 108.5352914, 11.9835741 ], [ 108.5352768, 11.9836025 ], [ 108.5352646, 11.9836319 ], [ 108.5352501, 11.9836881 ], [ 108.5352284, 11.9837421 ], [ 108.5352103, 11.9837757 ], [ 108.5351895, 11.9838076 ], [ 108.5351664, 11.9838371 ], [ 108.5351391, 11.9838628 ], [ 108.5351081, 11.9838842 ], [ 108.5350741, 11.9839008 ], [ 108.5350347, 11.9839129 ], [ 108.5349938, 11.9839186 ], [ 108.5349525, 11.9839176 ], [ 108.5349119, 11.98391 ], [ 108.53448, 11.9837683 ], [ 108.5344175, 11.9837469 ], [ 108.5343528, 11.9837329 ], [ 108.5342869, 11.9837263 ], [ 108.5342182, 11.9837275 ], [ 108.5341501, 11.9837368 ], [ 108.5339181, 11.9838129 ], [ 108.5337716, 11.9838293 ], [ 108.5336244, 11.9838385 ], [ 108.5334769, 11.9838404 ], [ 108.5333283, 11.9838351 ], [ 108.5331802, 11.9838224 ], [ 108.533033, 11.9838024 ], [ 108.53251, 11.9837558 ], [ 108.5324571, 11.9837561 ], [ 108.532405, 11.9837642 ], [ 108.5323547, 11.98378 ], [ 108.5323074, 11.9838031 ], [ 108.5322619, 11.9838349 ], [ 108.5322222, 11.9838735 ], [ 108.5321894, 11.9839178 ], [ 108.5318461, 11.9844059 ], [ 108.531717, 11.9844035 ], [ 108.5315882, 11.9843956 ], [ 108.5314599, 11.9843822 ], [ 108.5313127, 11.9843601 ], [ 108.5311668, 11.9843308 ], [ 108.5310227, 11.9842945 ], [ 108.5308805, 11.9842511 ], [ 108.530707, 11.9841945 ], [ 108.5305358, 11.984132 ], [ 108.5303669, 11.9840635 ], [ 108.5301878, 11.9839831 ], [ 108.530012, 11.983896 ], [ 108.5298398, 11.9838024 ], [ 108.5294683, 11.9842458 ], [ 108.5291666, 11.9845161 ], [ 108.5287803, 11.984726 ], [ 108.5284209, 11.9849778 ], [ 108.5283505, 11.9850348 ], [ 108.528286, 11.9850979 ], [ 108.5282278, 11.9851668 ], [ 108.5281752, 11.9852428 ], [ 108.5281303, 11.9853235 ], [ 108.5280937, 11.9854081 ], [ 108.5278308, 11.9853452 ], [ 108.5272837, 11.9851038 ], [ 108.5266346, 11.9847994 ], [ 108.5259774, 11.9845266 ], [ 108.5256824, 11.9842143 ], [ 108.5256295, 11.9841586 ], [ 108.5255712, 11.9841082 ], [ 108.5255082, 11.9840637 ], [ 108.525441, 11.9840254 ], [ 108.5253741, 11.9839953 ], [ 108.5253046, 11.9839714 ], [ 108.5252332, 11.9839539 ], [ 108.5251604, 11.9839431 ], [ 108.5250869, 11.9839388 ], [ 108.5246122, 11.9839493 ], [ 108.524069, 11.98391 ], [ 108.5239296, 11.98391 ], [ 108.5232751, 11.9842996 ], [ 108.52324, 11.9843275 ], [ 108.5232094, 11.9843599 ], [ 108.5231864, 11.9843921 ], [ 108.5231678, 11.9844269 ], [ 108.5231182, 11.9845515 ], [ 108.5230611, 11.9845639 ], [ 108.5230029, 11.9845698 ], [ 108.5229486, 11.9845694 ], [ 108.5228948, 11.9845632 ], [ 108.5228419, 11.9845515 ], [ 108.521938, 11.9843678 ], [ 108.5218662, 11.9843423 ], [ 108.5217932, 11.9843206 ], [ 108.5217039, 11.9842994 ], [ 108.5216135, 11.9842839 ], [ 108.5214811, 11.9842643 ], [ 108.5213496, 11.9842398 ], [ 108.5212192, 11.9842104 ], [ 108.5210751, 11.9841718 ], [ 108.5209329, 11.9841271 ], [ 108.5207927, 11.9840766 ], [ 108.520245, 11.9839058 ], [ 108.5196125, 11.9837945 ], [ 108.5188674, 11.9837031 ], [ 108.5188188, 11.9837004 ], [ 108.5187703, 11.983704 ], [ 108.5187297, 11.9837119 ], [ 108.5186902, 11.9837242 ], [ 108.5186523, 11.9837407 ], [ 108.518537, 11.9838168 ], [ 108.5184272, 11.9838709 ], [ 108.5183134, 11.9839165 ], [ 108.5181963, 11.9839533 ], [ 108.5180948, 11.9839774 ], [ 108.5179918, 11.9839949 ], [ 108.5178879, 11.9840057 ], [ 108.517792, 11.9840107 ], [ 108.5176961, 11.9840072 ], [ 108.5176009, 11.9839952 ], [ 108.5175252, 11.9839796 ], [ 108.5174509, 11.9839585 ], [ 108.5173783, 11.9839323 ], [ 108.5173112, 11.9839088 ], [ 108.5172426, 11.9838905 ], [ 108.5171727, 11.9838773 ], [ 108.517102, 11.9838693 ], [ 108.5170158, 11.9838668 ], [ 108.5169297, 11.983872 ], [ 108.5168445, 11.9838851 ], [ 108.5166969, 11.9839239 ], [ 108.5165519, 11.9839712 ], [ 108.51641, 11.9840267 ], [ 108.5162783, 11.984087 ], [ 108.5161504, 11.9841545 ], [ 108.5160264, 11.9842288 ], [ 108.5159049, 11.9843104 ], [ 108.5157886, 11.984399 ], [ 108.5156779, 11.9844943 ], [ 108.5155733, 11.984596 ], [ 108.5154752, 11.9847037 ], [ 108.5153956, 11.9848017 ], [ 108.5153213, 11.9849036 ], [ 108.5152526, 11.9850092 ], [ 108.5151896, 11.9851182 ], [ 108.515028, 11.9855485 ], [ 108.5150081, 11.9856123 ], [ 108.5149918, 11.9856771 ], [ 108.5149766, 11.985758 ], [ 108.514967, 11.9858397 ], [ 108.5149612, 11.9858864 ], [ 108.5149482, 11.9859316 ], [ 108.5149307, 11.9859697 ], [ 108.514908, 11.986005 ], [ 108.5146344, 11.9863304 ], [ 108.5143581, 11.9865954 ], [ 108.5126254, 11.9863724 ], [ 108.5120702, 11.9861205 ], [ 108.5119135, 11.9860579 ], [ 108.5117543, 11.9860019 ], [ 108.5115927, 11.9859526 ], [ 108.5114448, 11.9859137 ], [ 108.5112954, 11.9858805 ], [ 108.5111448, 11.9858529 ], [ 108.511064, 11.9858425 ], [ 108.5109842, 11.9858259 ], [ 108.5109061, 11.985803 ], [ 108.5108334, 11.9857755 ], [ 108.5107631, 11.9857426 ], [ 108.5106955, 11.9857046 ], [ 108.5103938, 11.9855013 ], [ 108.5103421, 11.9854612 ], [ 108.5102864, 11.9854266 ], [ 108.5102273, 11.9853979 ], [ 108.5101654, 11.9853755 ], [ 108.5101014, 11.9853596 ], [ 108.5100373, 11.9853504 ], [ 108.5099725, 11.9853478 ], [ 108.5099079, 11.9853518 ], [ 108.5098439, 11.9853622 ], [ 108.5096309, 11.9854103 ], [ 108.5094198, 11.9854659 ], [ 108.5092109, 11.9855288 ], [ 108.5090335, 11.9855888 ], [ 108.508858, 11.985654 ], [ 108.5086846, 11.9857246 ], [ 108.5085136, 11.9858003 ], [ 108.5074487, 11.9862884 ], [ 108.507483, 11.9863805 ], [ 108.507509, 11.9864752 ], [ 108.5075265, 11.9865718 ], [ 108.5075402, 11.9866789 ], [ 108.5075483, 11.9867865 ], [ 108.5075507, 11.9868945 ], [ 108.507548, 11.9869901 ], [ 108.5075408, 11.9870855 ], [ 108.5075292, 11.9871805 ], [ 108.5074434, 11.9874323 ], [ 108.5073763, 11.9874481 ], [ 108.5073699, 11.9874066 ], [ 108.5073564, 11.9873669 ], [ 108.5073361, 11.98733 ], [ 108.5073077, 11.9872952 ], [ 108.5072734, 11.987266 ], [ 108.5072342, 11.9872434 ], [ 108.5067326, 11.9870781 ], [ 108.506647, 11.9870644 ], [ 108.5065609, 11.9870545 ], [ 108.5064752, 11.9870486 ], [ 108.5063893, 11.9870467 ], [ 108.5063112, 11.9870485 ], [ 108.5062332, 11.9870441 ], [ 108.5061559, 11.9870335 ], [ 108.5060903, 11.9870196 ], [ 108.5060258, 11.9870012 ], [ 108.5059628, 11.9869784 ], [ 108.5058637, 11.9869389 ], [ 108.5057616, 11.9869076 ], [ 108.5056605, 11.9868852 ], [ 108.5055578, 11.9868709 ], [ 108.5054657, 11.9868631 ], [ 108.5053743, 11.986849 ], [ 108.5052842, 11.9868289 ], [ 108.5051895, 11.9868006 ], [ 108.5050973, 11.9867656 ], [ 108.5050079, 11.9867239 ], [ 108.504953, 11.9866466 ], [ 108.5049056, 11.9865647 ], [ 108.5048658, 11.986479 ], [ 108.5048342, 11.9863901 ], [ 108.5048108, 11.9862988 ], [ 108.504796, 11.9862058 ], [ 108.50479, 11.9861166 ], [ 108.5047917, 11.9860272 ], [ 108.5048013, 11.9859383 ], [ 108.5048187, 11.9858506 ], [ 108.5048437, 11.9857646 ], [ 108.5048761, 11.985681 ], [ 108.5049158, 11.9856005 ], [ 108.5049623, 11.9855236 ], [ 108.5049881, 11.9854748 ], [ 108.5050059, 11.9854227 ], [ 108.5050153, 11.9853686 ], [ 108.505016, 11.9853137 ], [ 108.5050085, 11.9852616 ], [ 108.5049933, 11.9852111 ], [ 108.5049705, 11.9851634 ], [ 108.5049409, 11.9851195 ], [ 108.504922, 11.985099 ], [ 108.5049073, 11.9850755 ], [ 108.5048974, 11.9850496 ], [ 108.5048926, 11.9850224 ], [ 108.5048937, 11.9849903 ], [ 108.5049018, 11.9849592 ], [ 108.5049167, 11.9849306 ], [ 108.5049364, 11.9849002 ], [ 108.5049512, 11.9848673 ], [ 108.5049608, 11.9848325 ], [ 108.504965, 11.9847968 ], [ 108.5049633, 11.9847575 ], [ 108.504955, 11.984719 ], [ 108.5049404, 11.9846823 ], [ 108.5049198, 11.9846485 ], [ 108.5048939, 11.9846184 ], [ 108.5048776, 11.984592 ], [ 108.5048658, 11.9845633 ], [ 108.5048591, 11.9845331 ], [ 108.5048575, 11.9845002 ], [ 108.5048617, 11.9844675 ], [ 108.5048758, 11.9844214 ], [ 108.5048859, 11.9843744 ], [ 108.5048932, 11.9843077 ], [ 108.5048926, 11.9842406 ], [ 108.504163, 11.98407 ], [ 108.5040882, 11.9840542 ], [ 108.5040147, 11.9840331 ], [ 108.5039429, 11.9840068 ], [ 108.5038733, 11.9839756 ], [ 108.503804, 11.9839382 ], [ 108.5037378, 11.9838958 ], [ 108.5036749, 11.9838487 ], [ 108.5036159, 11.9837972 ], [ 108.5032994, 11.9834823 ], [ 108.5032478, 11.983426 ], [ 108.503192, 11.9833738 ], [ 108.5031321, 11.983326 ], [ 108.5030687, 11.9832829 ], [ 108.502985, 11.9832361 ], [ 108.5028971, 11.9831975 ], [ 108.5028058, 11.9831675 ], [ 108.5025912, 11.9828421 ], [ 108.5025507, 11.982755 ], [ 108.5025165, 11.9826653 ], [ 108.5024888, 11.9825735 ], [ 108.5024679, 11.98248 ], [ 108.5024522, 11.9823711 ], [ 108.5024456, 11.9822613 ], [ 108.5024482, 11.9821513 ], [ 108.5024598, 11.9820419 ], [ 108.5020642, 11.9816483 ], [ 108.5019998, 11.9814764 ], [ 108.5019879, 11.9814453 ], [ 108.5019683, 11.9814181 ], [ 108.5019454, 11.9813986 ], [ 108.5019187, 11.9813846 ], [ 108.5017316, 11.9813308 ], [ 108.5017051, 11.981324 ], [ 108.5016816, 11.9813101 ], [ 108.5016632, 11.9812901 ], [ 108.5016525, 11.9812693 ], [ 108.5016475, 11.9812465 ], [ 108.5016485, 11.9812232 ], [ 108.5018322, 11.9805712 ], [ 108.5018462, 11.980537 ], [ 108.501865, 11.9805051 ], [ 108.5018882, 11.9804761 ], [ 108.5019153, 11.9804505 ], [ 108.5019541, 11.9804242 ], [ 108.501997, 11.980405 ], [ 108.5020427, 11.9803935 ], [ 108.5020951, 11.9803903 ], [ 108.5021467, 11.9803814 ], [ 108.502197, 11.9803668 ], [ 108.5022452, 11.9803469 ], [ 108.5022955, 11.9803189 ], [ 108.5023418, 11.9802851 ], [ 108.5023834, 11.9802459 ], [ 108.5024199, 11.980202 ], [ 108.5024504, 11.980154 ], [ 108.5025564, 11.9799914 ], [ 108.5025849, 11.9799358 ], [ 108.502606, 11.9798772 ], [ 108.5026187, 11.9798214 ], [ 108.5026248, 11.9797644 ], [ 108.5026221, 11.9796673 ], [ 108.5026229, 11.9796265 ], [ 108.5026306, 11.9795863 ], [ 108.5026449, 11.9795479 ], [ 108.5026673, 11.9795099 ], [ 108.5026962, 11.9794763 ], [ 108.5027307, 11.9794482 ], [ 108.5027715, 11.9794246 ], [ 108.5028092, 11.9793964 ], [ 108.5028434, 11.9793643 ], [ 108.5028739, 11.979328 ], [ 108.5029, 11.9792884 ], [ 108.5029212, 11.9792462 ], [ 108.5029355, 11.9791948 ], [ 108.5029587, 11.9791465 ], [ 108.5029903, 11.9791025 ], [ 108.5030291, 11.9790645 ], [ 108.503074, 11.9790337 ], [ 108.5031836, 11.9789628 ], [ 108.5032913, 11.9788894 ], [ 108.5034078, 11.9788056 ], [ 108.503522, 11.9787188 ], [ 108.5035641, 11.9786781 ], [ 108.5036117, 11.9786435 ], [ 108.5036636, 11.9786157 ], [ 108.503719, 11.9785952 ], [ 108.5037768, 11.9785824 ], [ 108.503828, 11.9785777 ], [ 108.5038795, 11.9785791 ], [ 108.5039304, 11.9785866 ], [ 108.50398, 11.9786 ], [ 108.5040276, 11.9786191 ], [ 108.504078, 11.9786536 ], [ 108.5041322, 11.9786821 ], [ 108.504183, 11.9787022 ], [ 108.5042356, 11.9787171 ], [ 108.5042895, 11.9787266 ], [ 108.5043441, 11.9787306 ], [ 108.5050374, 11.9787293 ], [ 108.5052493, 11.9783607 ], [ 108.5052843, 11.9783001 ], [ 108.5053244, 11.9782426 ], [ 108.5053677, 11.9781907 ], [ 108.5054152, 11.9781425 ], [ 108.5054666, 11.9780983 ], [ 108.5056758, 11.9778831 ], [ 108.5057172, 11.9778342 ], [ 108.5057563, 11.9777834 ], [ 108.5058025, 11.9777165 ], [ 108.5058448, 11.977647 ], [ 108.5058849, 11.9775922 ], [ 108.5059279, 11.9775394 ], [ 108.5059862, 11.9774758 ], [ 108.5060486, 11.9774161 ], [ 108.5061452, 11.9773164 ], [ 108.5061685, 11.9772792 ], [ 108.5061848, 11.9772385 ], [ 108.5061935, 11.9771957 ], [ 108.5061942, 11.9771518 ], [ 108.506187, 11.9771085 ], [ 108.506172, 11.9770671 ], [ 108.5060781, 11.9767654 ], [ 108.5060633, 11.9766978 ], [ 108.5060567, 11.976629 ], [ 108.5060581, 11.9765618 ], [ 108.5060674, 11.9764951 ], [ 108.5060787, 11.976459 ], [ 108.506082, 11.9764214 ], [ 108.5060773, 11.9763839 ], [ 108.5060647, 11.9763482 ], [ 108.5060458, 11.9763171 ], [ 108.5060209, 11.9762903 ], [ 108.505991, 11.9762689 ], [ 108.5059574, 11.9762538 ], [ 108.505927, 11.9762361 ], [ 108.5058984, 11.9762157 ], [ 108.505868, 11.976189 ], [ 108.5058407, 11.9761593 ], [ 108.5058336, 11.9761402 ], [ 108.505834, 11.9761199 ], [ 108.5058399, 11.9761045 ], [ 108.50585, 11.9760914 ], [ 108.5058637, 11.9760819 ], [ 108.5058796, 11.9760766 ], [ 108.5059451, 11.9760604 ], [ 108.5060084, 11.9760373 ], [ 108.5060629, 11.9760108 ], [ 108.5061144, 11.9759793 ], [ 108.5061626, 11.9759429 ], [ 108.5062069, 11.9759022 ], [ 108.5063598, 11.9756949 ], [ 108.5063678, 11.9752882 ], [ 108.5063756, 11.9752406 ], [ 108.5063926, 11.9751954 ], [ 108.5064183, 11.9751542 ], [ 108.5064515, 11.9751187 ], [ 108.5064912, 11.9750901 ], [ 108.5065335, 11.9750703 ], [ 108.5065788, 11.9750584 ], [ 108.5066256, 11.9750549 ], [ 108.5066722, 11.9750599 ], [ 108.5068238, 11.9750901 ], [ 108.5068972, 11.9751773 ], [ 108.5069767, 11.9752593 ], [ 108.5070491, 11.9753249 ], [ 108.507067, 11.9753408 ], [ 108.5070886, 11.9753514 ], [ 108.5071123, 11.9753559 ], [ 108.5071364, 11.9753541 ], [ 108.5071591, 11.9753459 ], [ 108.5071797, 11.9753311 ], [ 108.5071952, 11.9753112 ], [ 108.5072042, 11.9752878 ], [ 108.5072061, 11.9752628 ], [ 108.5072006, 11.9752383 ], [ 108.5068989, 11.9745588 ], [ 108.5069485, 11.9741967 ], [ 108.5069625, 11.9741275 ], [ 108.5069855, 11.9740607 ], [ 108.5070169, 11.9739973 ], [ 108.507056, 11.9739388 ], [ 108.5071022, 11.9738856 ], [ 108.507155, 11.9738385 ], [ 108.5072891, 11.9737926 ], [ 108.5072938, 11.9737093 ], [ 108.5073573, 11.9737026 ], [ 108.5074192, 11.9736876 ], [ 108.5074643, 11.973671 ], [ 108.5075073, 11.9736499 ], [ 108.5075258, 11.9736383 ], [ 108.5075416, 11.9736234 ], [ 108.5075541, 11.9736052 ], [ 108.5075626, 11.9735849 ], [ 108.507572, 11.9735437 ], [ 108.5075761, 11.9735016 ], [ 108.5075748, 11.9734594 ], [ 108.5075655, 11.9734072 ], [ 108.507548, 11.973357 ], [ 108.5074608, 11.9732285 ], [ 108.5074307, 11.9731989 ], [ 108.5073951, 11.973176 ], [ 108.5073625, 11.9731627 ], [ 108.507328, 11.973155 ], [ 108.5072149, 11.9731532 ], [ 108.5071966, 11.9731471 ], [ 108.5071837, 11.9731354 ], [ 108.5071765, 11.9731196 ], [ 108.5071738, 11.9730914 ], [ 108.5071751, 11.9730632 ], [ 108.5071827, 11.9730275 ], [ 108.5071966, 11.9729936 ], [ 108.5072142, 11.9729476 ], [ 108.5072376, 11.9729041 ], [ 108.5072663, 11.9728637 ], [ 108.5072957, 11.9728314 ], [ 108.5073284, 11.9728025 ], [ 108.5073642, 11.9727772 ], [ 108.5073877, 11.9727626 ], [ 108.5074056, 11.9727418 ], [ 108.5074163, 11.9727167 ], [ 108.5074186, 11.9726896 ], [ 108.5074125, 11.972663 ], [ 108.507399, 11.9726401 ], [ 108.5073792, 11.9726221 ], [ 108.5073548, 11.9726106 ], [ 108.507328, 11.9726066 ], [ 108.5073044, 11.9725948 ], [ 108.5072824, 11.9725804 ], [ 108.5072546, 11.9725556 ], [ 108.5072315, 11.9725266 ], [ 108.5072068, 11.9725037 ], [ 108.5071765, 11.9724885 ], [ 108.5071486, 11.9724826 ], [ 108.5071202, 11.9724833 ], [ 108.5070303, 11.9724938 ], [ 108.5069169, 11.9725154 ], [ 108.506805, 11.9725436 ], [ 108.5067103, 11.9725731 ], [ 108.5066172, 11.9726072 ], [ 108.5065261, 11.972646 ], [ 108.5064921, 11.9726618 ], [ 108.5064561, 11.9726724 ], [ 108.5064188, 11.9726777 ], [ 108.5063812, 11.9726775 ], [ 108.5063355, 11.9726696 ], [ 108.5062921, 11.9726537 ], [ 108.5062525, 11.9726302 ], [ 108.5061586, 11.9725122 ], [ 108.5061453, 11.972483 ], [ 108.5061372, 11.9724521 ], [ 108.5061344, 11.9724203 ], [ 108.5061378, 11.972385 ], [ 108.5061477, 11.972351 ], [ 108.506164, 11.9723193 ], [ 108.506181, 11.9722842 ], [ 108.5061924, 11.972247 ], [ 108.5061979, 11.9722086 ], [ 108.5061975, 11.9721697 ], [ 108.50619, 11.9721275 ], [ 108.5061755, 11.972087 ], [ 108.5061542, 11.9720495 ], [ 108.5061269, 11.972016 ], [ 108.5060942, 11.9719874 ], [ 108.5058314, 11.9717775 ], [ 108.5057782, 11.9717344 ], [ 108.5057213, 11.9716962 ], [ 108.5056611, 11.9716633 ], [ 108.505598, 11.9716358 ], [ 108.505523, 11.9716113 ], [ 108.5054459, 11.9715947 ], [ 108.5053673, 11.9715859 ], [ 108.5045694, 11.9715518 ], [ 108.5045482, 11.9715507 ], [ 108.5045287, 11.9715425 ], [ 108.5045132, 11.9715283 ], [ 108.5045037, 11.9715098 ], [ 108.5045012, 11.9714888 ], [ 108.5045063, 11.9714683 ], [ 108.5045184, 11.9714508 ], [ 108.5045384, 11.9714322 ], [ 108.504556, 11.9714114 ], [ 108.5045707, 11.9713892 ], [ 108.5045828, 11.9713655 ], [ 108.5045885, 11.9713379 ], [ 108.5045859, 11.9713098 ], [ 108.5045754, 11.9712836 ], [ 108.5045578, 11.9712613 ], [ 108.5045345, 11.9712448 ], [ 108.5045099, 11.9712359 ], [ 108.5044838, 11.9712335 ], [ 108.504458, 11.9712377 ], [ 108.5044341, 11.9712483 ], [ 108.5044138, 11.9712645 ], [ 108.5043615, 11.9712868 ], [ 108.5043198, 11.971305 ], [ 108.5042811, 11.9713288 ], [ 108.5042462, 11.9713576 ], [ 108.5042137, 11.9713935 ], [ 108.5041872, 11.9714337 ], [ 108.5041711, 11.9714596 ], [ 108.5041496, 11.9714814 ], [ 108.5041236, 11.971498 ], [ 108.5040946, 11.9715085 ], [ 108.5040608, 11.9715126 ], [ 108.5040269, 11.9715084 ], [ 108.5039951, 11.9714963 ], [ 108.5039672, 11.971477 ], [ 108.5038492, 11.9713878 ], [ 108.5038174, 11.9713671 ], [ 108.5037821, 11.9713529 ], [ 108.5037446, 11.9713458 ], [ 108.5037024, 11.9713466 ], [ 108.5036615, 11.9713563 ], [ 108.5036153, 11.971375 ], [ 108.5035676, 11.9713891 ], [ 108.5035005, 11.9714009 ], [ 108.5034814, 11.971401 ], [ 108.5034633, 11.971395 ], [ 108.5034481, 11.9713837 ], [ 108.5034375, 11.9713681 ], [ 108.5034326, 11.9713507 ], [ 108.5034335, 11.9713326 ], [ 108.5034402, 11.9713157 ], [ 108.5034737, 11.9712632 ], [ 108.5034983, 11.9712196 ], [ 108.5035157, 11.9711728 ], [ 108.5035254, 11.971124 ], [ 108.5035273, 11.9710743 ], [ 108.5035209, 11.9710225 ], [ 108.5035059, 11.9709725 ], [ 108.5034828, 11.9709254 ], [ 108.5034522, 11.9708827 ], [ 108.5033798, 11.9708276 ], [ 108.5033656, 11.9708067 ], [ 108.503357, 11.970783 ], [ 108.5033545, 11.9707613 ], [ 108.5033568, 11.9707395 ], [ 108.5033637, 11.9707187 ], [ 108.5033822, 11.9706666 ], [ 108.5034051, 11.9706162 ], [ 108.5034321, 11.9705679 ], [ 108.5034622, 11.9705233 ], [ 108.5034958, 11.9704812 ], [ 108.5035327, 11.9704419 ], [ 108.5035426, 11.9704351 ], [ 108.5035535, 11.9704301 ], [ 108.5035729, 11.9704262 ], [ 108.5038492, 11.9704262 ], [ 108.5038684, 11.9704256 ], [ 108.5038855, 11.9704172 ], [ 108.5038975, 11.9704026 ], [ 108.5039021, 11.9703841 ], [ 108.5038983, 11.9703654 ], [ 108.5038868, 11.9703501 ], [ 108.5037768, 11.9702136 ], [ 108.5037668, 11.9701823 ], [ 108.5037514, 11.9701532 ], [ 108.5037312, 11.970127 ], [ 108.5037002, 11.9700999 ], [ 108.5036641, 11.9700798 ], [ 108.5035676, 11.9700798 ], [ 108.5034227, 11.9700142 ], [ 108.5033332, 11.9700023 ], [ 108.503243, 11.9699959 ], [ 108.5031282, 11.9699954 ], [ 108.5030137, 11.9700037 ], [ 108.5029461, 11.9700105 ], [ 108.5028794, 11.9700228 ], [ 108.5028139, 11.9700405 ], [ 108.5027539, 11.9700618 ], [ 108.5026959, 11.9700877 ], [ 108.5026799, 11.970102 ], [ 108.5026605, 11.9701112 ], [ 108.5026392, 11.9701147 ], [ 108.5026177, 11.970112 ], [ 108.502598, 11.9701034 ], [ 108.5025825, 11.9700908 ], [ 108.5025711, 11.9700747 ], [ 108.5025644, 11.9700561 ], [ 108.5025631, 11.9700365 ], [ 108.5025719, 11.9699946 ], [ 108.5025863, 11.9699541 ], [ 108.502606, 11.9699158 ], [ 108.5026277, 11.9698843 ], [ 108.5026529, 11.9698555 ], [ 108.5026826, 11.9698518 ], [ 108.5027104, 11.969841 ], [ 108.5027347, 11.969824 ], [ 108.5027564, 11.9697979 ], [ 108.5027698, 11.9697669 ], [ 108.5027736, 11.9697335 ], [ 108.5028102, 11.9696661 ], [ 108.5028406, 11.969596 ], [ 108.5028648, 11.9695236 ], [ 108.5028808, 11.9694585 ], [ 108.5028946, 11.9693756 ], [ 108.5028919, 11.9693589 ], [ 108.502884, 11.9693438 ], [ 108.5028715, 11.969332 ], [ 108.5028569, 11.9693249 ], [ 108.5028407, 11.9693225 ], [ 108.5028245, 11.9693249 ], [ 108.5028099, 11.969332 ], [ 108.5027686, 11.9693439 ], [ 108.5027267, 11.969353 ], [ 108.5026726, 11.9693605 ], [ 108.5026181, 11.9693635 ], [ 108.5026007, 11.9693619 ], [ 108.5025849, 11.9693546 ], [ 108.5025725, 11.9693425 ], [ 108.5025655, 11.9693286 ], [ 108.5025631, 11.9693132 ], [ 108.5025658, 11.9692979 ], [ 108.5025886, 11.9692271 ], [ 108.5025944, 11.9691956 ], [ 108.5025935, 11.9691637 ], [ 108.5025859, 11.9691326 ], [ 108.5025717, 11.9691033 ], [ 108.5025516, 11.9690775 ], [ 108.5025265, 11.9690563 ], [ 108.5024974, 11.9690408 ], [ 108.5024275, 11.9690002 ], [ 108.5023599, 11.968956 ], [ 108.5022949, 11.9689082 ], [ 108.5022232, 11.968849 ], [ 108.5021554, 11.9687854 ], [ 108.5020918, 11.9687178 ], [ 108.5020327, 11.9686465 ], [ 108.5019238, 11.9687604 ], [ 108.501808, 11.9688676 ], [ 108.501703, 11.9689543 ], [ 108.5015935, 11.9690355 ], [ 108.5015647, 11.9690537 ], [ 108.5015327, 11.9690653 ], [ 108.5014988, 11.9690698 ], [ 108.5014647, 11.969067 ], [ 108.5014366, 11.9690589 ], [ 108.5014106, 11.9690458 ], [ 108.5013875, 11.9690282 ], [ 108.5013682, 11.9690066 ], [ 108.5012475, 11.9688151 ], [ 108.5012036, 11.9687564 ], [ 108.5011543, 11.968702 ], [ 108.5010999, 11.9686524 ], [ 108.5010517, 11.9686153 ], [ 108.5010006, 11.968582 ], [ 108.5009471, 11.9685527 ], [ 108.5005635, 11.96839 ], [ 108.5003248, 11.9681985 ], [ 108.5002945, 11.9681748 ], [ 108.5002675, 11.9681475 ], [ 108.5002443, 11.9681171 ], [ 108.5002237, 11.9680809 ], [ 108.5002084, 11.9680421 ], [ 108.5001987, 11.9680017 ], [ 108.5001854, 11.967967 ], [ 108.5001674, 11.9679345 ], [ 108.5001451, 11.9679046 ], [ 108.5001203, 11.9678793 ], [ 108.5000924, 11.9678573 ], [ 108.5000619, 11.967839 ], [ 108.4999654, 11.967776 ], [ 108.4999275, 11.9677538 ], [ 108.4998933, 11.9677265 ], [ 108.4998634, 11.9676947 ], [ 108.4998395, 11.9676606 ], [ 108.4998206, 11.9676236 ], [ 108.4998071, 11.9675845 ], [ 108.4997803, 11.9674822 ], [ 108.4997639, 11.9674581 ], [ 108.4997418, 11.967439 ], [ 108.4997153, 11.967426 ], [ 108.4996864, 11.9674202 ], [ 108.4996569, 11.9674218 ], [ 108.4996291, 11.9674307 ], [ 108.4996045, 11.9674462 ], [ 108.4995847, 11.9674673 ], [ 108.4995711, 11.9674927 ], [ 108.4995711, 11.9675976 ], [ 108.4995707, 11.9676399 ], [ 108.499563, 11.9676816 ], [ 108.4995478, 11.9677225 ], [ 108.4995255, 11.9677603 ], [ 108.4995111, 11.9677819 ], [ 108.4995011, 11.9678058 ], [ 108.499496, 11.9678311 ], [ 108.4994953, 11.9678494 ], [ 108.4994908, 11.9678672 ], [ 108.4994826, 11.9678836 ], [ 108.4994669, 11.9679019 ], [ 108.4994467, 11.9679154 ], [ 108.4994236, 11.967923 ], [ 108.499319, 11.9679046 ], [ 108.4991983, 11.9678311 ], [ 108.4992146, 11.9677038 ], [ 108.4992228, 11.9675758 ], [ 108.4992227, 11.9674475 ], [ 108.4992143, 11.9673195 ], [ 108.4991999, 11.9672055 ], [ 108.499179, 11.9670925 ], [ 108.4991516, 11.9669808 ], [ 108.4991178, 11.9668708 ], [ 108.4990993, 11.9668292 ], [ 108.4990875, 11.9667853 ], [ 108.4990826, 11.9667402 ], [ 108.4990846, 11.9666949 ], [ 108.4990936, 11.9666504 ], [ 108.4991089, 11.9666089 ], [ 108.4991302, 11.96657 ], [ 108.499157, 11.9665346 ], [ 108.4991889, 11.9665035 ], [ 108.4992251, 11.9664772 ], [ 108.4992643, 11.9664448 ], [ 108.4993002, 11.966409 ], [ 108.4993316, 11.9663713 ], [ 108.4993594, 11.9663309 ], [ 108.4993833, 11.9662883 ], [ 108.4995818, 11.965955 ], [ 108.4996119, 11.9658878 ], [ 108.4996334, 11.9658175 ], [ 108.4996462, 11.9657451 ], [ 108.49965, 11.9656782 ], [ 108.4996462, 11.9656113 ], [ 108.4996318, 11.9655757 ], [ 108.4996113, 11.9655431 ], [ 108.4995797, 11.9655093 ], [ 108.4995416, 11.9654827 ], [ 108.4990883, 11.9652256 ], [ 108.4990115, 11.9651837 ], [ 108.498938, 11.9651363 ], [ 108.4988683, 11.9650839 ], [ 108.4988041, 11.9650278 ], [ 108.4987441, 11.9649674 ], [ 108.4986886, 11.9649028 ], [ 108.4985384, 11.964727 ], [ 108.4983909, 11.9645591 ], [ 108.4982783, 11.9643807 ], [ 108.4982209, 11.9642942 ], [ 108.4981564, 11.9642127 ], [ 108.4980851, 11.9641366 ], [ 108.4980147, 11.9640725 ], [ 108.4979394, 11.9640138 ], [ 108.4978598, 11.9639608 ], [ 108.4978066, 11.9639333 ], [ 108.497751, 11.9639107 ], [ 108.4976934, 11.9638931 ], [ 108.4976345, 11.9638808 ], [ 108.4975677, 11.9638734 ], [ 108.4975004, 11.9638727 ], [ 108.4974334, 11.9638788 ], [ 108.4973813, 11.9638311 ], [ 108.4973337, 11.9637791 ], [ 108.497291, 11.9637231 ], [ 108.4972535, 11.9636637 ], [ 108.4972215, 11.9636014 ], [ 108.4971901, 11.9635217 ], [ 108.4971676, 11.9634391 ], [ 108.4971544, 11.9633547 ], [ 108.497141, 11.9632471 ], [ 108.4971179, 11.9631724 ], [ 108.4970874, 11.9631002 ], [ 108.4970556, 11.9630411 ], [ 108.497019, 11.9629849 ], [ 108.4969776, 11.9629318 ], [ 108.4969318, 11.9628824 ], [ 108.4969068, 11.9628527 ], [ 108.4968874, 11.9628192 ], [ 108.4968741, 11.962783 ], [ 108.4968674, 11.9627451 ], [ 108.4968674, 11.9627066 ], [ 108.4968752, 11.9626653 ], [ 108.4968907, 11.9626261 ], [ 108.4969134, 11.9625905 ], [ 108.4969425, 11.9625597 ], [ 108.4970096, 11.9624914 ], [ 108.4970219, 11.962463 ], [ 108.4970292, 11.962433 ], [ 108.497031, 11.9624022 ], [ 108.4970267, 11.962368 ], [ 108.4970159, 11.9623353 ], [ 108.4969988, 11.9623051 ], [ 108.4968996, 11.9622054 ], [ 108.496879, 11.9621805 ], [ 108.4968636, 11.9621521 ], [ 108.496854, 11.9621215 ], [ 108.4968505, 11.9620913 ], [ 108.4968527, 11.9620611 ], [ 108.4968577, 11.9620478 ], [ 108.4968661, 11.9620362 ], [ 108.4968766, 11.9620276 ], [ 108.4968889, 11.9620217 ], [ 108.496964, 11.9620139 ], [ 108.4970094, 11.9620014 ], [ 108.4970524, 11.9619826 ], [ 108.4970921, 11.9619577 ], [ 108.4971276, 11.9619273 ], [ 108.4971572, 11.9618932 ], [ 108.4971815, 11.9618553 ], [ 108.4972, 11.9618145 ], [ 108.4972131, 11.9617725 ], [ 108.4972202, 11.9617292 ], [ 108.4972213, 11.9616854 ], [ 108.4972163, 11.9616418 ], [ 108.4972054, 11.9615993 ], [ 108.4971873, 11.9615559 ], [ 108.4971631, 11.9615155 ], [ 108.4971331, 11.961479 ], [ 108.4970981, 11.9614471 ], [ 108.497079, 11.9614158 ], [ 108.4970641, 11.9613824 ], [ 108.4970538, 11.9613474 ], [ 108.4970488, 11.9613174 ], [ 108.4970471, 11.961287 ], [ 108.4970486, 11.9612617 ], [ 108.4970418, 11.9612372 ], [ 108.4970305, 11.9612197 ], [ 108.4970149, 11.9612057 ], [ 108.4969892, 11.9611869 ], [ 108.4969613, 11.9611716 ], [ 108.4969303, 11.9611595 ], [ 108.4968979, 11.9611516 ], [ 108.4968647, 11.961148 ], [ 108.4967132, 11.9611388 ], [ 108.4966906, 11.9611357 ], [ 108.4966702, 11.9611258 ], [ 108.4966542, 11.9611099 ], [ 108.4966458, 11.9610945 ], [ 108.4966417, 11.9610775 ], [ 108.4966421, 11.9610601 ], [ 108.496655, 11.9610347 ], [ 108.4966716, 11.9610115 ], [ 108.4966978, 11.9609857 ], [ 108.4967286, 11.9609654 ], [ 108.4967628, 11.9609512 ], [ 108.4968218, 11.9609321 ], [ 108.4968781, 11.9609066 ], [ 108.4969356, 11.9608719 ], [ 108.4969881, 11.9608305 ], [ 108.4970059, 11.9608075 ], [ 108.4970194, 11.9607818 ], [ 108.4970283, 11.9607544 ], [ 108.4970325, 11.9607243 ], [ 108.497031, 11.960694 ], [ 108.4969774, 11.9605759 ], [ 108.4969586, 11.9605242 ], [ 108.4969469, 11.9604706 ], [ 108.4969425, 11.9604159 ], [ 108.4969447, 11.9603692 ], [ 108.4969522, 11.9603231 ], [ 108.4969649, 11.9602781 ], [ 108.4969828, 11.9602348 ], [ 108.4969957, 11.9601949 ], [ 108.4970011, 11.9601533 ], [ 108.4969988, 11.9601115 ], [ 108.4969913, 11.9600778 ], [ 108.4969787, 11.9600455 ], [ 108.4969614, 11.9600154 ], [ 108.4969398, 11.9599882 ], [ 108.4966367, 11.9597782 ], [ 108.4963953, 11.9598228 ], [ 108.4963441, 11.9598326 ], [ 108.4962921, 11.959836 ], [ 108.4962476, 11.9598337 ], [ 108.4962036, 11.9598268 ], [ 108.4961417, 11.9598045 ], [ 108.4960775, 11.95979 ], [ 108.4960079, 11.9597835 ], [ 108.495938, 11.9597861 ], [ 108.4953386, 11.9598622 ], [ 108.4928977, 11.9607281 ], [ 108.4928401, 11.9610561 ], [ 108.4926389, 11.9611138 ], [ 108.4924592, 11.9610443 ], [ 108.4923968, 11.961025 ], [ 108.4923326, 11.9610122 ], [ 108.4922674, 11.9610063 ], [ 108.4922116, 11.9610066 ], [ 108.492156, 11.9610118 ], [ 108.4921011, 11.961022 ], [ 108.4918182, 11.9611138 ], [ 108.4917377, 11.9609295 ], [ 108.4914048, 11.9610568 ], [ 108.4910985, 11.9611489 ], [ 108.4910358, 11.9611622 ], [ 108.490972, 11.961168 ], [ 108.4909079, 11.9611663 ], [ 108.4908445, 11.9611571 ], [ 108.4907751, 11.961138 ], [ 108.490709, 11.9611098 ], [ 108.4906474, 11.9610732 ], [ 108.4901538, 11.9607439 ], [ 108.4900992, 11.9607126 ], [ 108.4900479, 11.9606762 ], [ 108.4900005, 11.9606351 ], [ 108.4899574, 11.9605897 ], [ 108.4899205, 11.9605424 ], [ 108.4898883, 11.960492 ], [ 108.4895825, 11.9601141 ], [ 108.489508, 11.9599876 ], [ 108.4894364, 11.9598596 ], [ 108.4893531, 11.9597019 ], [ 108.4892741, 11.9595421 ], [ 108.4892272, 11.9594787 ], [ 108.4891869, 11.9594111 ], [ 108.4891534, 11.95934 ], [ 108.4891324, 11.959283 ], [ 108.4891158, 11.9592246 ], [ 108.489108, 11.9591834 ], [ 108.4891057, 11.9591417 ], [ 108.4891091, 11.9590999 ], [ 108.4891186, 11.9590574 ], [ 108.4891339, 11.9590166 ], [ 108.4891425, 11.9590014 ], [ 108.4891467, 11.9589845 ], [ 108.4891465, 11.9589705 ], [ 108.4891433, 11.9589569 ], [ 108.4891314, 11.9589296 ], [ 108.4891252, 11.9589005 ], [ 108.4891256, 11.9588645 ], [ 108.4891346, 11.9588297 ], [ 108.4893733, 11.9583377 ], [ 108.4891574, 11.9584125 ], [ 108.4889857, 11.9582681 ], [ 108.4889375, 11.9581632 ], [ 108.4887859, 11.958112 ], [ 108.4884801, 11.9578496 ], [ 108.4883514, 11.957679 ], [ 108.4881248, 11.957582 ], [ 108.4880694, 11.9575671 ], [ 108.4880128, 11.9575576 ], [ 108.4879555, 11.9575533 ], [ 108.4878981, 11.9575544 ], [ 108.4878407, 11.9575609 ], [ 108.4877842, 11.9575727 ], [ 108.4877291, 11.9575898 ], [ 108.4874879, 11.9576302 ], [ 108.4874576, 11.9576266 ], [ 108.4874024, 11.9575807 ], [ 108.487351, 11.9575308 ], [ 108.4873038, 11.9574771 ], [ 108.4872657, 11.9574265 ], [ 108.4872313, 11.9573735 ], [ 108.4872007, 11.9573182 ], [ 108.4870224, 11.9569607 ], [ 108.4869902, 11.9566163 ], [ 108.4868748, 11.9561302 ], [ 108.4868542, 11.9560199 ], [ 108.4868292, 11.9559105 ], [ 108.4868023, 11.9558099 ], [ 108.4867716, 11.9557104 ], [ 108.4865677, 11.9552518 ], [ 108.4865366, 11.9551777 ], [ 108.4864993, 11.9551063 ], [ 108.4864562, 11.9550381 ], [ 108.4864075, 11.9549737 ], [ 108.4863559, 11.9549158 ], [ 108.4862998, 11.954862 ], [ 108.4862395, 11.9548128 ], [ 108.4861755, 11.9547683 ], [ 108.4857564, 11.9545 ], [ 108.4856457, 11.9544456 ], [ 108.4855324, 11.9543965 ], [ 108.4854167, 11.954353 ], [ 108.485299, 11.954315 ], [ 108.4851812, 11.9542832 ], [ 108.485062, 11.9542571 ], [ 108.4849416, 11.9542366 ], [ 108.4848203, 11.9542219 ], [ 108.4842342, 11.9541727 ], [ 108.4841862, 11.9541142 ], [ 108.4841362, 11.9540573 ], [ 108.4840787, 11.9539962 ], [ 108.484019, 11.9539372 ], [ 108.4838932, 11.9538362 ], [ 108.483797, 11.9539096 ], [ 108.4837072, 11.9539372 ], [ 108.4836884, 11.9539427 ], [ 108.4836709, 11.9539516 ], [ 108.4836588, 11.9539606 ], [ 108.4836481, 11.9539713 ], [ 108.4836327, 11.9539914 ], [ 108.4836146, 11.9540093 ], [ 108.4835948, 11.9540244 ], [ 108.483573, 11.9540369 ], [ 108.4835127, 11.9540513 ], [ 108.4834659, 11.954056 ], [ 108.4834188, 11.9540553 ], [ 108.4833825, 11.9540544 ], [ 108.4833464, 11.9540579 ], [ 108.4833165, 11.9540642 ], [ 108.4832874, 11.9540736 ], [ 108.4832382, 11.9540877 ], [ 108.4831882, 11.9540986 ], [ 108.4831361, 11.9541062 ], [ 108.4830835, 11.9541104 ], [ 108.4828985, 11.954113 ], [ 108.4826745, 11.9541248 ], [ 108.4822923, 11.9541668 ], [ 108.4822389, 11.9541704 ], [ 108.4821863, 11.9541799 ], [ 108.4821462, 11.9541913 ], [ 108.4821072, 11.9542061 ], [ 108.4819436, 11.9542822 ], [ 108.4817035, 11.9543754 ], [ 108.4816132, 11.9544107 ], [ 108.4815265, 11.9544541 ], [ 108.4814577, 11.9544962 ], [ 108.4813924, 11.9545433 ], [ 108.4810504, 11.9548136 ], [ 108.4806132, 11.9550891 ], [ 108.4799024, 11.9551259 ], [ 108.4798421, 11.9551009 ], [ 108.4797555, 11.9551056 ], [ 108.4796695, 11.9551165 ], [ 108.4795846, 11.9551337 ], [ 108.4795006, 11.9551574 ], [ 108.4794186, 11.9551872 ], [ 108.4793392, 11.955223 ], [ 108.4789583, 11.955223 ], [ 108.4787296, 11.9551888 ], [ 108.4786043, 11.9551948 ], [ 108.478498, 11.9548331 ], [ 108.4784926, 11.954818 ], [ 108.4784825, 11.9548053 ], [ 108.4784688, 11.9547966 ], [ 108.4784561, 11.9547929 ], [ 108.4784428, 11.9547927 ], [ 108.4784299, 11.9547959 ], [ 108.4782469, 11.9548956 ], [ 108.4780719, 11.954883 ], [ 108.4780819, 11.9548517 ], [ 108.4780869, 11.954822 ], [ 108.4780867, 11.954792 ], [ 108.4780812, 11.9547624 ], [ 108.4780712, 11.9547354 ], [ 108.4780569, 11.9547103 ], [ 108.4780262, 11.9546614 ], [ 108.4779942, 11.9546215 ], [ 108.477958, 11.9545852 ], [ 108.477918, 11.9545529 ], [ 108.4778747, 11.954525 ], [ 108.476891, 11.9538906 ], [ 108.4768271, 11.953847 ], [ 108.4767656, 11.9538001 ], [ 108.4767111, 11.9537538 ], [ 108.476659, 11.953705 ], [ 108.4763914, 11.9534439 ], [ 108.4764962, 11.9534666 ], [ 108.4766027, 11.9534802 ], [ 108.4767099, 11.9534845 ], [ 108.4768085, 11.9534803 ], [ 108.4769064, 11.9534683 ], [ 108.477003, 11.9534485 ], [ 108.4771639, 11.9534143 ], [ 108.4771961, 11.9532838 ], [ 108.4770664, 11.9532629 ], [ 108.4769383, 11.9532343 ], [ 108.4768121, 11.9531982 ], [ 108.4766885, 11.9531546 ], [ 108.4765542, 11.9530974 ], [ 108.4764243, 11.9530314 ], [ 108.4762992, 11.952957 ], [ 108.4761795, 11.9528744 ], [ 108.4741089, 11.9513971 ], [ 108.4741055, 11.9513407 ], [ 108.4739422, 11.9512295 ], [ 108.4744371, 11.9503609 ], [ 108.4747345, 11.9498102 ], [ 108.4747704, 11.9497396 ], [ 108.4748011, 11.9496666 ], [ 108.4748264, 11.9495917 ], [ 108.474848, 11.9495064 ], [ 108.4748625, 11.9494196 ], [ 108.4748664, 11.9493844 ], [ 108.4748673, 11.949349 ], [ 108.4748652, 11.9493157 ], [ 108.4748605, 11.9492827 ], [ 108.4748454, 11.9492349 ], [ 108.474825, 11.9491889 ], [ 108.4748, 11.9491463 ], [ 108.4747704, 11.9491065 ], [ 108.4747365, 11.9490702 ], [ 108.4741317, 11.9489685 ], [ 108.4739838, 11.9492552 ], [ 108.4739357, 11.9493414 ], [ 108.47388, 11.9494231 ], [ 108.473817, 11.9494996 ], [ 108.4737473, 11.9495702 ], [ 108.4736791, 11.9496286 ], [ 108.4736064, 11.9496813 ], [ 108.4735295, 11.9497282 ], [ 108.4732278, 11.9490984 ], [ 108.4730715, 11.9491607 ], [ 108.4730735, 11.9492362 ], [ 108.4728831, 11.9491273 ], [ 108.4724486, 11.9486917 ], [ 108.4723277, 11.9486117 ], [ 108.4722018, 11.9485395 ], [ 108.4721108, 11.9484935 ], [ 108.4720177, 11.9484514 ], [ 108.4719229, 11.9484135 ], [ 108.4718304, 11.9483627 ], [ 108.4717418, 11.9483057 ], [ 108.4716573, 11.9482429 ], [ 108.4715791, 11.9481761 ], [ 108.4715057, 11.9481043 ], [ 108.4714374, 11.9480278 ], [ 108.4714669, 11.9477864 ], [ 108.471306, 11.9475686 ], [ 108.4712121, 11.9475659 ], [ 108.4710243, 11.9471802 ], [ 108.4710431, 11.9470464 ], [ 108.4710679, 11.9469862 ], [ 108.4710993, 11.9469291 ], [ 108.471137, 11.9468758 ], [ 108.471186, 11.9468214 ], [ 108.4712416, 11.9467734 ], [ 108.4712983, 11.946713 ], [ 108.4713489, 11.9466475 ], [ 108.4713868, 11.9465883 ], [ 108.4714196, 11.9465263 ], [ 108.4714473, 11.9464619 ], [ 108.4714567, 11.9464282 ], [ 108.4714696, 11.9463956 ], [ 108.4714938, 11.9463519 ], [ 108.4715244, 11.9463122 ], [ 108.4715608, 11.9462775 ], [ 108.4716266, 11.9462325 ], [ 108.4716956, 11.9461922 ], [ 108.4717673, 11.9461568 ], [ 108.4718164, 11.946136 ], [ 108.4718665, 11.9461174 ], [ 108.4719127, 11.9461002 ], [ 108.4719551, 11.9460754 ], [ 108.4719884, 11.9460476 ], [ 108.472017, 11.9460151 ], [ 108.47204, 11.9459785 ], [ 108.472057, 11.945939 ], [ 108.4721053, 11.9457737 ], [ 108.4721733, 11.9456776 ], [ 108.472234, 11.9455769 ], [ 108.4722814, 11.9454842 ], [ 108.4723226, 11.9453887 ], [ 108.4723574, 11.9452908 ], [ 108.4725156, 11.9449339 ], [ 108.4725491, 11.9448673 ], [ 108.4725746, 11.9447975 ], [ 108.4725879, 11.9447458 ], [ 108.4725969, 11.9446932 ], [ 108.4726015, 11.94464 ], [ 108.4726085, 11.9445816 ], [ 108.4726229, 11.9445246 ], [ 108.4726417, 11.9444762 ], [ 108.4726658, 11.9444301 ], [ 108.4727544, 11.9442254 ], [ 108.4728335, 11.9441467 ], [ 108.4729502, 11.9438029 ], [ 108.4730682, 11.9436534 ], [ 108.4732211, 11.943265 ], [ 108.4732333, 11.943214 ], [ 108.4732401, 11.9431621 ], [ 108.4732414, 11.9431098 ], [ 108.4732372, 11.9430577 ], [ 108.4732249, 11.9429961 ], [ 108.4732049, 11.9429365 ], [ 108.4731776, 11.9428798 ], [ 108.4731433, 11.9428268 ], [ 108.4729958, 11.9426431 ], [ 108.4729701, 11.9425968 ], [ 108.4729486, 11.9425486 ], [ 108.4729314, 11.9424987 ], [ 108.4729166, 11.9424367 ], [ 108.4729085, 11.9423735 ], [ 108.4729072, 11.9423098 ], [ 108.4728858, 11.9417587 ], [ 108.4728775, 11.9417022 ], [ 108.4728632, 11.9416469 ], [ 108.4728429, 11.9415934 ], [ 108.4728142, 11.9415379 ], [ 108.4727792, 11.9414861 ], [ 108.4727383, 11.9414386 ], [ 108.4725693, 11.9411263 ], [ 108.4726116, 11.9410837 ], [ 108.4726488, 11.9410367 ], [ 108.4726804, 11.940986 ], [ 108.4727061, 11.9409321 ], [ 108.4727259, 11.9408744 ], [ 108.4727388, 11.9408148 ], [ 108.4727448, 11.9407542 ], [ 108.4727436, 11.9406933 ], [ 108.4728509, 11.9405149 ], [ 108.47287, 11.9404758 ], [ 108.4728826, 11.9404344 ], [ 108.4728885, 11.9403915 ], [ 108.4728882, 11.9403564 ], [ 108.4728834, 11.9403217 ], [ 108.4728872, 11.9402874 ], [ 108.4728992, 11.9402551 ], [ 108.4729156, 11.94023 ], [ 108.4729369, 11.9402087 ], [ 108.4729622, 11.9401921 ], [ 108.4735858, 11.93983 ], [ 108.4736096, 11.939821 ], [ 108.4736341, 11.9398142 ], [ 108.4736708, 11.9398085 ], [ 108.4737079, 11.9398076 ], [ 108.4737356, 11.9397992 ], [ 108.4737602, 11.939784 ], [ 108.4737768, 11.9397675 ], [ 108.4737895, 11.939748 ], [ 108.4737977, 11.9397263 ], [ 108.4738156, 11.9397075 ], [ 108.4738366, 11.9396922 ], [ 108.4738692, 11.939678 ], [ 108.4739044, 11.9396722 ], [ 108.4739399, 11.9396751 ], [ 108.4739847, 11.939678 ], [ 108.4740296, 11.9396762 ], [ 108.474074, 11.9396699 ], [ 108.4741235, 11.9396571 ], [ 108.4741711, 11.9396387 ], [ 108.4742162, 11.9396148 ], [ 108.4742564, 11.9396043 ], [ 108.4742798, 11.9396022 ], [ 108.4743033, 11.939603 ], [ 108.4743771, 11.9396043 ], [ 108.4744044, 11.9395953 ], [ 108.4744281, 11.9395793 ], [ 108.4744433, 11.9395622 ], [ 108.4744542, 11.9395422 ], [ 108.4744602, 11.9395203 ], [ 108.4744722, 11.939438 ], [ 108.4744763, 11.939355 ], [ 108.4744735, 11.9392809 ], [ 108.4744644, 11.9392074 ], [ 108.4744492, 11.9391348 ], [ 108.4744281, 11.9390637 ], [ 108.4743825, 11.9388748 ], [ 108.4742939, 11.9384811 ], [ 108.474268, 11.9383874 ], [ 108.4742339, 11.9382962 ], [ 108.474192, 11.9382082 ], [ 108.4741506, 11.9381367 ], [ 108.4741041, 11.9380684 ], [ 108.4740525, 11.9380035 ], [ 108.4738728, 11.9378434 ], [ 108.4738489, 11.9378195 ], [ 108.4738307, 11.937791 ], [ 108.4738192, 11.9377595 ], [ 108.4738148, 11.9377268 ], [ 108.4738175, 11.9376939 ], [ 108.4738272, 11.9376624 ], [ 108.4738621, 11.937581 ], [ 108.4738675, 11.937559 ], [ 108.4738668, 11.9375364 ], [ 108.4738611, 11.9375174 ], [ 108.4738511, 11.9375003 ], [ 108.4738373, 11.9374859 ], [ 108.4736583, 11.9373658 ], [ 108.4736195, 11.937328 ], [ 108.473587, 11.9372848 ], [ 108.4735617, 11.9372373 ], [ 108.4735445, 11.9371884 ], [ 108.4735349, 11.9371375 ], [ 108.4735081, 11.9369119 ], [ 108.4735086, 11.9368539 ], [ 108.4735176, 11.9367967 ], [ 108.4735349, 11.9367413 ], [ 108.4735606, 11.936688 ], [ 108.4735939, 11.9366389 ], [ 108.4736095, 11.9366049 ], [ 108.4736181, 11.9365686 ], [ 108.4736194, 11.9365313 ], [ 108.4736121, 11.9364901 ], [ 108.4735959, 11.9364513 ], [ 108.4735716, 11.9364168 ], [ 108.4735402, 11.9363883 ], [ 108.4735023, 11.9363545 ], [ 108.473469, 11.9363162 ], [ 108.473441, 11.9362742 ], [ 108.473416, 11.9362225 ], [ 108.4733989, 11.9361679 ], [ 108.47339, 11.9361115 ], [ 108.4733911, 11.9360771 ], [ 108.4733974, 11.9360433 ], [ 108.4734087, 11.9360108 ], [ 108.4734249, 11.9359803 ], [ 108.4734465, 11.9359513 ], [ 108.4734725, 11.9359259 ], [ 108.4735022, 11.9359048 ], [ 108.4735349, 11.9358884 ], [ 108.4735862, 11.9358707 ], [ 108.4736395, 11.9358595 ], [ 108.4737012, 11.9358551 ], [ 108.4737318, 11.9358599 ], [ 108.4737629, 11.9358595 ], [ 108.4738017, 11.9358517 ], [ 108.473838, 11.9358359 ], [ 108.4738787, 11.9358204 ], [ 108.4739211, 11.9358097 ], [ 108.4739719, 11.9358036 ], [ 108.474023, 11.9358044 ], [ 108.4740495, 11.9358093 ], [ 108.4740764, 11.9358077 ], [ 108.474102, 11.9357998 ], [ 108.474125, 11.9357861 ], [ 108.4741448, 11.9357659 ], [ 108.4741587, 11.9357415 ], [ 108.4741656, 11.9357143 ], [ 108.4741652, 11.9356863 ], [ 108.4741592, 11.9356401 ], [ 108.4741491, 11.9355945 ], [ 108.4741286, 11.935534 ], [ 108.4741008, 11.9354764 ], [ 108.4740924, 11.9354269 ], [ 108.4740928, 11.9353767 ], [ 108.4740968, 11.9353489 ], [ 108.4741035, 11.9353216 ], [ 108.4741112, 11.9352905 ], [ 108.4741142, 11.9352586 ], [ 108.4741125, 11.9352268 ], [ 108.4741062, 11.9351956 ], [ 108.474119, 11.935165 ], [ 108.4741384, 11.9351379 ], [ 108.4741617, 11.9351168 ], [ 108.4741889, 11.9351008 ], [ 108.4742188, 11.9350906 ], [ 108.4742575, 11.9350764 ], [ 108.4742982, 11.9350694 ], [ 108.4743395, 11.9350697 ], [ 108.4743806, 11.9350774 ], [ 108.4744195, 11.9350925 ], [ 108.4744549, 11.9351143 ], [ 108.474474, 11.9351409 ], [ 108.4744992, 11.935162 ], [ 108.4745291, 11.9351763 ], [ 108.4745616, 11.9351829 ], [ 108.4745948, 11.9351815 ], [ 108.4746265, 11.935172 ], [ 108.474656, 11.9351543 ], [ 108.4746798, 11.9351297 ], [ 108.4746962, 11.9350999 ], [ 108.4747043, 11.935067 ], [ 108.4747122, 11.9350101 ], [ 108.4747258, 11.9349542 ], [ 108.4747423, 11.9349062 ], [ 108.4747629, 11.9348597 ], [ 108.4747875, 11.9348151 ], [ 108.474797, 11.934763 ], [ 108.4747982, 11.9347101 ], [ 108.474791, 11.9346582 ], [ 108.4747757, 11.9346079 ], [ 108.4747526, 11.9345606 ], [ 108.4745461, 11.9342771 ], [ 108.4745136, 11.9342344 ], [ 108.4744871, 11.9341879 ], [ 108.47447, 11.9341473 ], [ 108.4744574, 11.9341052 ], [ 108.4744495, 11.9340619 ], [ 108.4744386, 11.9340066 ], [ 108.4744188, 11.9339536 ], [ 108.4743905, 11.9339045 ], [ 108.4743625, 11.933869 ], [ 108.4743302, 11.9338374 ], [ 108.4742939, 11.93381 ], [ 108.4741411, 11.9337549 ], [ 108.4741061, 11.9337438 ], [ 108.474074, 11.933726 ], [ 108.47405, 11.9337062 ], [ 108.4740297, 11.9336827 ], [ 108.474024, 11.9336668 ], [ 108.474023, 11.9336499 ], [ 108.474028, 11.9336314 ], [ 108.4740387, 11.9336155 ], [ 108.4740542, 11.9336037 ], [ 108.4740727, 11.9335975 ], [ 108.4741185, 11.9335839 ], [ 108.4741652, 11.9335738 ], [ 108.4742168, 11.9335669 ], [ 108.4742687, 11.9335643 ], [ 108.4743208, 11.933566 ], [ 108.4743479, 11.9335707 ], [ 108.4743753, 11.9335691 ], [ 108.4744017, 11.9335613 ], [ 108.4744254, 11.9335476 ], [ 108.4744485, 11.9335245 ], [ 108.4744641, 11.933496 ], [ 108.4744709, 11.9334644 ], [ 108.4744683, 11.9334321 ], [ 108.4744601, 11.9333968 ], [ 108.4744582, 11.9333605 ], [ 108.4744629, 11.9333245 ], [ 108.4744749, 11.9332877 ], [ 108.4744937, 11.9332536 ], [ 108.4745186, 11.9332236 ], [ 108.4745488, 11.9331986 ], [ 108.4746084, 11.933167 ], [ 108.4746695, 11.9331382 ], [ 108.4747372, 11.9331103 ], [ 108.4748062, 11.9330857 ], [ 108.4748359, 11.933075 ], [ 108.4748631, 11.933059 ], [ 108.4748867, 11.9330385 ], [ 108.4749098, 11.9330081 ], [ 108.4749252, 11.9329734 ], [ 108.4749323, 11.9329361 ], [ 108.4749223, 11.9328957 ], [ 108.4749187, 11.9328543 ], [ 108.4749216, 11.9328128 ], [ 108.4749321, 11.9327681 ], [ 108.4749502, 11.9327257 ], [ 108.4749752, 11.9326868 ], [ 108.4750157, 11.9326479 ], [ 108.4750616, 11.9326153 ], [ 108.475112, 11.9325897 ], [ 108.4751511, 11.9325758 ], [ 108.4751915, 11.9325662 ], [ 108.4752327, 11.9325609 ], [ 108.4752588, 11.9325538 ], [ 108.4752832, 11.9325423 ], [ 108.4753051, 11.9325268 ], [ 108.4753268, 11.932504 ], [ 108.4753431, 11.9324774 ], [ 108.4753534, 11.932448 ], [ 108.4753727, 11.9324104 ], [ 108.4753976, 11.9323762 ], [ 108.4754277, 11.932346 ], [ 108.475462, 11.9323208 ], [ 108.4756096, 11.9322053 ], [ 108.4756286, 11.9321867 ], [ 108.4756436, 11.9321649 ], [ 108.4756539, 11.9321406 ], [ 108.4756592, 11.9321148 ], [ 108.4756593, 11.93209 ], [ 108.4756548, 11.9320657 ], [ 108.4756458, 11.9320426 ], [ 108.4756156, 11.9320103 ], [ 108.4755921, 11.931973 ], [ 108.4755793, 11.9319419 ], [ 108.4755712, 11.9319093 ], [ 108.475568, 11.9318759 ], [ 108.4755743, 11.9318258 ], [ 108.4755841, 11.9317762 ], [ 108.4756012, 11.9317149 ], [ 108.4756236, 11.9316553 ], [ 108.4756511, 11.9315978 ], [ 108.476024, 11.9307291 ], [ 108.4760381, 11.930683 ], [ 108.4760462, 11.9306355 ], [ 108.4760481, 11.9305874 ], [ 108.4760434, 11.9305371 ], [ 108.476032, 11.9304877 ], [ 108.4760133, 11.9304449 ], [ 108.4759864, 11.9304064 ], [ 108.4759634, 11.9303828 ], [ 108.4759373, 11.9303626 ], [ 108.4759086, 11.930346 ], [ 108.4758779, 11.9303248 ], [ 108.4758508, 11.9302993 ], [ 108.4758282, 11.9302699 ], [ 108.4758103, 11.9302371 ], [ 108.4757979, 11.930202 ], [ 108.4757913, 11.9301654 ], [ 108.4757907, 11.9301282 ], [ 108.475796, 11.9300914 ], [ 108.4758084, 11.9300432 ], [ 108.4758174, 11.9299943 ], [ 108.4758237, 11.9299381 ], [ 108.4758255, 11.9298815 ], [ 108.4758236, 11.9298329 ], [ 108.4758282, 11.9297844 ], [ 108.4758376, 11.9297418 ], [ 108.475852, 11.9297005 ], [ 108.4758711, 11.9296611 ], [ 108.4759004, 11.9296061 ], [ 108.4759255, 11.9295491 ], [ 108.4759462, 11.9294905 ], [ 108.4759659, 11.9294151 ], [ 108.4759784, 11.9293383 ], [ 108.4761018, 11.9290286 ], [ 108.4761449, 11.9288967 ], [ 108.476195, 11.9287671 ], [ 108.476252, 11.9286402 ], [ 108.4763168, 11.9285141 ], [ 108.4763884, 11.9283915 ], [ 108.4764665, 11.9282728 ], [ 108.4767723, 11.927748 ], [ 108.4767951, 11.9276968 ], [ 108.4768099, 11.927643 ], [ 108.4768159, 11.9275959 ], [ 108.4768159, 11.9275484 ], [ 108.4768099, 11.9275013 ], [ 108.476814, 11.9274446 ], [ 108.476823, 11.9273885 ], [ 108.4768367, 11.9273333 ], [ 108.4768614, 11.9272636 ], [ 108.4768937, 11.9271968 ], [ 108.4769332, 11.9271339 ], [ 108.4769808, 11.9270964 ], [ 108.4770246, 11.9270549 ], [ 108.4770643, 11.9270095 ], [ 108.4770995, 11.9269607 ], [ 108.4771323, 11.9269044 ], [ 108.4771591, 11.9268453 ], [ 108.4771797, 11.9267838 ], [ 108.4771939, 11.9267205 ], [ 108.4772015, 11.9266563 ], [ 108.4771984, 11.9265441 ], [ 108.477202, 11.926432 ], [ 108.4772122, 11.9263203 ], [ 108.4772322, 11.9261926 ], [ 108.4772608, 11.9260664 ], [ 108.4773611, 11.9257587 ], [ 108.4773621, 11.9257426 ], [ 108.4773572, 11.9257273 ], [ 108.477347, 11.9257146 ], [ 108.4773329, 11.9257062 ], [ 108.4773175, 11.9257034 ], [ 108.477302, 11.9257058 ], [ 108.4772883, 11.9257131 ], [ 108.4772779, 11.9257246 ], [ 108.4772632, 11.925737 ], [ 108.477245, 11.9257438 ], [ 108.4772256, 11.9257443 ], [ 108.4772082, 11.9257389 ], [ 108.4771935, 11.9257285 ], [ 108.4771828, 11.9257141 ], [ 108.4771773, 11.9256971 ], [ 108.477169, 11.9256542 ], [ 108.4771654, 11.9256108 ], [ 108.4771666, 11.9255672 ], [ 108.4771735, 11.9255189 ], [ 108.4771862, 11.9254717 ], [ 108.4772045, 11.9254263 ], [ 108.4772283, 11.9253835 ], [ 108.4772408, 11.9253381 ], [ 108.4772453, 11.9252913 ], [ 108.4772417, 11.9252444 ], [ 108.4772307, 11.9252006 ], [ 108.4772127, 11.9251591 ], [ 108.477188, 11.925121 ], [ 108.4771668, 11.9251066 ], [ 108.4771433, 11.925096 ], [ 108.4771183, 11.9250895 ], [ 108.4770904, 11.9250873 ], [ 108.4770626, 11.9250902 ], [ 108.4770359, 11.925098 ], [ 108.477011, 11.9251105 ], [ 108.4769744, 11.9251294 ], [ 108.4769344, 11.9251401 ], [ 108.476893, 11.925142 ], [ 108.4768513, 11.9251349 ], [ 108.4768122, 11.9251189 ], [ 108.4767777, 11.9250948 ], [ 108.4767567, 11.9250556 ], [ 108.4767428, 11.9250134 ], [ 108.4767367, 11.9249742 ], [ 108.4767367, 11.9249345 ], [ 108.4767428, 11.9248953 ], [ 108.4767508, 11.9248761 ], [ 108.4767631, 11.9248592 ], [ 108.476779, 11.9248455 ], [ 108.4768046, 11.9248335 ], [ 108.4768327, 11.9248297 ], [ 108.4768601, 11.9248238 ], [ 108.4768863, 11.9248137 ], [ 108.4769104, 11.9247995 ], [ 108.4769345, 11.9247792 ], [ 108.4769544, 11.9247548 ], [ 108.4769694, 11.9247274 ], [ 108.4769788, 11.9247021 ], [ 108.4769815, 11.9246753 ], [ 108.4769775, 11.9246486 ], [ 108.4769654, 11.9246211 ], [ 108.4769462, 11.9245978 ], [ 108.4769212, 11.9245804 ], [ 108.476892, 11.9245737 ], [ 108.4768622, 11.9245712 ], [ 108.4768351, 11.9245727 ], [ 108.4768085, 11.9245778 ], [ 108.4767867, 11.9245744 ], [ 108.4767669, 11.9245647 ], [ 108.4767522, 11.9245508 ], [ 108.4767421, 11.9245333 ], [ 108.4767375, 11.9245138 ], [ 108.4767388, 11.9244938 ], [ 108.4767535, 11.9244374 ], [ 108.4767623, 11.9244115 ], [ 108.4767663, 11.9243846 ], [ 108.4767656, 11.9243573 ], [ 108.4767584, 11.9243253 ], [ 108.4767446, 11.9242955 ], [ 108.4767248, 11.924269 ], [ 108.4766999, 11.9242471 ], [ 108.4766718, 11.9242083 ], [ 108.4766476, 11.9241671 ], [ 108.4766275, 11.9241238 ], [ 108.476611, 11.9240769 ], [ 108.4765994, 11.9240286 ], [ 108.4765926, 11.9239794 ], [ 108.4765872, 11.92341 ], [ 108.4765872, 11.9233247 ], [ 108.4765884, 11.9232865 ], [ 108.4765846, 11.9232486 ], [ 108.4765749, 11.9232082 ], [ 108.4765596, 11.9231696 ], [ 108.476539, 11.9231334 ], [ 108.4765135, 11.9231003 ], [ 108.4764699, 11.9230534 ], [ 108.4764212, 11.9230117 ], [ 108.476368, 11.9229756 ], [ 108.4763045, 11.9229429 ], [ 108.4762373, 11.9229183 ], [ 108.4761675, 11.9229021 ], [ 108.4761156, 11.9228972 ], [ 108.4760635, 11.9228956 ], [ 108.4760074, 11.9228976 ], [ 108.4759515, 11.9229035 ], [ 108.475823, 11.9229135 ], [ 108.4756942, 11.922917 ], [ 108.4755653, 11.922914 ], [ 108.4754294, 11.9229037 ], [ 108.4752943, 11.9228862 ], [ 108.4751603, 11.9228615 ], [ 108.4750887, 11.9228475 ], [ 108.4750161, 11.9228396 ], [ 108.474943, 11.9228379 ], [ 108.4748808, 11.9228413 ], [ 108.474819, 11.9228492 ], [ 108.474758, 11.9228615 ], [ 108.4745675, 11.9229087 ], [ 108.474525, 11.9229113 ], [ 108.4744829, 11.9229054 ], [ 108.4744428, 11.9228912 ], [ 108.4744066, 11.9228693 ], [ 108.474376, 11.9228411 ], [ 108.4743518, 11.9228074 ], [ 108.474335, 11.9227697 ], [ 108.4743264, 11.9227294 ], [ 108.4743261, 11.9226883 ], [ 108.4743315, 11.9220978 ], [ 108.4743282, 11.9219894 ], [ 108.4743166, 11.9218816 ], [ 108.4742966, 11.921775 ], [ 108.4742728, 11.9216843 ], [ 108.474243, 11.9215952 ], [ 108.4742255, 11.9215738 ], [ 108.474203, 11.9215574 ], [ 108.4741769, 11.9215473 ], [ 108.4741491, 11.921544 ], [ 108.4741273, 11.9215465 ], [ 108.4741065, 11.9215531 ], [ 108.4740874, 11.9215637 ], [ 108.4740598, 11.9215827 ], [ 108.474028, 11.9215936 ], [ 108.4739943, 11.9215956 ], [ 108.4739614, 11.9215887 ], [ 108.4739308, 11.9215726 ], [ 108.4739059, 11.9215489 ], [ 108.4738889, 11.9215194 ], [ 108.4738809, 11.9214863 ], [ 108.4738686, 11.9214071 ], [ 108.4738514, 11.9213289 ], [ 108.4738251, 11.9212386 ], [ 108.4737924, 11.9211504 ], [ 108.473784, 11.9211035 ], [ 108.4737816, 11.9210559 ], [ 108.4737847, 11.9210123 ], [ 108.4737928, 11.9209692 ], [ 108.4738058, 11.9209273 ], [ 108.473816, 11.920871 ], [ 108.4738187, 11.9208138 ], [ 108.4738138, 11.9207567 ], [ 108.473804, 11.9207096 ], [ 108.4737889, 11.9206638 ], [ 108.4737689, 11.9206198 ], [ 108.4737441, 11.9205783 ], [ 108.4736855, 11.9205086 ], [ 108.4736234, 11.9204418 ], [ 108.4735643, 11.9203841 ], [ 108.4735027, 11.920329 ], [ 108.4734733, 11.920295 ], [ 108.4734516, 11.920256 ], [ 108.4734383, 11.9202135 ], [ 108.4734341, 11.9201755 ], [ 108.4734368, 11.9201374 ], [ 108.4734461, 11.9201003 ], [ 108.4734619, 11.9200654 ], [ 108.4734837, 11.9200337 ], [ 108.4735107, 11.9200062 ], [ 108.4736985, 11.9198592 ], [ 108.473728, 11.9198283 ], [ 108.4737524, 11.9197934 ], [ 108.4737711, 11.9197552 ], [ 108.4737836, 11.9197148 ], [ 108.4737897, 11.9196729 ], [ 108.4737886, 11.9196249 ], [ 108.4737791, 11.9195777 ], [ 108.4737614, 11.9195329 ], [ 108.473736, 11.9194918 ], [ 108.4733471, 11.9189249 ], [ 108.4733199, 11.9188853 ], [ 108.4733003, 11.9188416 ], [ 108.473289, 11.9187952 ], [ 108.4732863, 11.9187475 ], [ 108.4732923, 11.9187002 ], [ 108.4733069, 11.9186546 ], [ 108.4733289, 11.9186132 ], [ 108.473358, 11.9185762 ], [ 108.4733932, 11.9185447 ], [ 108.4734334, 11.9185197 ], [ 108.4734776, 11.9185019 ], [ 108.4735242, 11.9184919 ], [ 108.4737816, 11.9184814 ], [ 108.4738158, 11.918482 ], [ 108.4738494, 11.9184755 ], [ 108.4738808, 11.9184624 ], [ 108.4739087, 11.918443 ], [ 108.4739318, 11.9184184 ], [ 108.473951, 11.9183857 ], [ 108.4739617, 11.9183495 ], [ 108.4739633, 11.9183118 ], [ 108.4739559, 11.9182748 ], [ 108.4739397, 11.9182406 ], [ 108.4739158, 11.9182111 ], [ 108.4738456, 11.918083 ], [ 108.4737821, 11.9179517 ], [ 108.4737253, 11.9178174 ], [ 108.4736795, 11.9176924 ], [ 108.4736615, 11.9176284 ], [ 108.4736395, 11.9175655 ], [ 108.4736074, 11.9174907 ], [ 108.4735697, 11.9174185 ], [ 108.4735248, 11.9173404 ], [ 108.4734732, 11.9172663 ], [ 108.4734194, 11.9172012 ], [ 108.4733605, 11.9171403 ], [ 108.4733015, 11.9170616 ], [ 108.4732518, 11.9169798 ], [ 108.4732103, 11.9168937 ], [ 108.473168, 11.9168297 ], [ 108.4731196, 11.91677 ], [ 108.4730655, 11.9167152 ], [ 108.4729993, 11.9166605 ], [ 108.4729275, 11.9166131 ], [ 108.4728509, 11.9165735 ], [ 108.4728044, 11.9165585 ], [ 108.4727595, 11.9165392 ], [ 108.4727168, 11.9165157 ], [ 108.4726651, 11.9164795 ], [ 108.4726183, 11.9164373 ], [ 108.4725773, 11.9163898 ], [ 108.4725131, 11.9163021 ], [ 108.4724541, 11.916211 ], [ 108.4724003, 11.9161168 ], [ 108.4723549, 11.9160261 ], [ 108.4723145, 11.9159331 ], [ 108.4723013, 11.9158569 ], [ 108.4722834, 11.9157815 ], [ 108.4722608, 11.9157074 ], [ 108.4722278, 11.9156207 ], [ 108.4721884, 11.9155366 ], [ 108.4721428, 11.9154555 ], [ 108.4720829, 11.9153868 ], [ 108.4720283, 11.9153141 ], [ 108.4719792, 11.9152376 ], [ 108.4719359, 11.9151577 ], [ 108.4718987, 11.9150749 ], [ 108.4718888, 11.9150483 ], [ 108.4718845, 11.9150204 ], [ 108.4718861, 11.9149921 ], [ 108.4718934, 11.9149647 ], [ 108.4719058, 11.9149399 ], [ 108.4719229, 11.914918 ], [ 108.4719441, 11.9148998 ], [ 108.4719685, 11.914886 ], [ 108.4720247, 11.9148646 ], [ 108.4720777, 11.9148364 ], [ 108.4721267, 11.914802 ], [ 108.4721739, 11.9147586 ], [ 108.4722147, 11.9147095 ], [ 108.4722484, 11.9146553 ], [ 108.4722742, 11.9145973 ], [ 108.4723052, 11.9144708 ], [ 108.4723279, 11.9143427 ], [ 108.4723398, 11.9142419 ], [ 108.4723467, 11.9141406 ], [ 108.4723505, 11.9141045 ], [ 108.4723595, 11.9140693 ], [ 108.4723735, 11.9140357 ], [ 108.4723904, 11.9140069 ], [ 108.472411, 11.9139805 ], [ 108.4724265, 11.9139392 ], [ 108.4724379, 11.9138966 ], [ 108.4724467, 11.9138359 ], [ 108.4724503, 11.913801 ], [ 108.472462, 11.913768 ], [ 108.4724767, 11.9137439 ], [ 108.4724956, 11.9137229 ], [ 108.4725182, 11.9137056 ], [ 108.4725435, 11.9136926 ], [ 108.4725964, 11.9136548 ], [ 108.4726436, 11.9136106 ], [ 108.4726846, 11.9135606 ], [ 108.4727158, 11.913511 ], [ 108.4727407, 11.9134581 ], [ 108.472759, 11.9134026 ], [ 108.4727704, 11.9133454 ], [ 108.4727711, 11.9132783 ], [ 108.4727639, 11.9132115 ], [ 108.472749, 11.913146 ], [ 108.4727247, 11.9130782 ], [ 108.4726921, 11.9130139 ], [ 108.4726517, 11.912954 ], [ 108.4726042, 11.9128993 ], [ 108.4724915, 11.9127996 ], [ 108.4722125, 11.9124584 ], [ 108.4721769, 11.9124011 ], [ 108.4721479, 11.9123404 ], [ 108.4721257, 11.9122771 ], [ 108.4721106, 11.9122117 ], [ 108.4721028, 11.9121437 ], [ 108.4721027, 11.9120753 ], [ 108.4721103, 11.9120073 ], [ 108.4721255, 11.9119405 ], [ 108.4721482, 11.9118757 ], [ 108.4722555, 11.9115608 ], [ 108.4723628, 11.9111409 ], [ 108.4723642, 11.9111028 ], [ 108.4723628, 11.9110648 ], [ 108.4723569, 11.9110185 ], [ 108.4723467, 11.9109729 ], [ 108.4723433, 11.9109405 ], [ 108.4723442, 11.910908 ], [ 108.4723493, 11.9108758 ], [ 108.4723614, 11.9108373 ], [ 108.4723794, 11.9108012 ], [ 108.472403, 11.9107682 ], [ 108.4724298, 11.910738 ], [ 108.4724523, 11.9107045 ], [ 108.47247, 11.9106685 ], [ 108.4724846, 11.9106234 ], [ 108.4724918, 11.9105767 ], [ 108.4724915, 11.9105294 ], [ 108.4724995, 11.9103273 ], [ 108.4725058, 11.9102874 ], [ 108.4725175, 11.9102487 ], [ 108.4725344, 11.9102118 ], [ 108.4725587, 11.9101744 ], [ 108.4725884, 11.9101409 ], [ 108.4726229, 11.9101121 ], [ 108.4726696, 11.9100709 ], [ 108.4727118, 11.9100252 ], [ 108.472749, 11.9099756 ], [ 108.4727872, 11.9099103 ], [ 108.4728169, 11.9098408 ], [ 108.4728375, 11.9097683 ], [ 108.4728462, 11.9097206 ], [ 108.472848, 11.9096722 ], [ 108.4728429, 11.909624 ], [ 108.4728288, 11.9095708 ], [ 108.4728062, 11.9095205 ], [ 108.4727758, 11.9094744 ], [ 108.4726363, 11.9093694 ], [ 108.4726221, 11.9093567 ], [ 108.472612, 11.9093407 ], [ 108.4726068, 11.9093226 ], [ 108.4726068, 11.9093038 ], [ 108.4726132, 11.9092836 ], [ 108.4726255, 11.9092663 ], [ 108.4726427, 11.9092535 ], [ 108.4726631, 11.9092466 ], [ 108.4726846, 11.909246 ], [ 108.472715, 11.9092436 ], [ 108.4727445, 11.9092361 ], [ 108.4727722, 11.9092236 ], [ 108.4727973, 11.9092067 ], [ 108.4728216, 11.9091825 ], [ 108.4728407, 11.9091542 ], [ 108.4728536, 11.9091227 ], [ 108.4728778, 11.9089985 ], [ 108.4729099, 11.908876 ], [ 108.4729388, 11.9087862 ], [ 108.4729719, 11.9086977 ], [ 108.4730092, 11.9086109 ], [ 108.473051, 11.9085483 ], [ 108.473099, 11.9084902 ], [ 108.4731366, 11.9084521 ], [ 108.4731768, 11.9084167 ], [ 108.4732089, 11.9083889 ], [ 108.4732358, 11.9083563 ], [ 108.4732547, 11.9083243 ], [ 108.4732687, 11.90829 ], [ 108.4732774, 11.908254 ], [ 108.4732787, 11.9080991 ], [ 108.473374, 11.9081155 ], [ 108.4734703, 11.9081242 ], [ 108.4735671, 11.9081254 ], [ 108.4736601, 11.9081193 ], [ 108.4737524, 11.9081061 ], [ 108.4738433, 11.908086 ], [ 108.473879, 11.9080695 ], [ 108.4739168, 11.9080589 ], [ 108.473956, 11.9080545 ], [ 108.4740007, 11.9080571 ], [ 108.4740441, 11.9080677 ], [ 108.4740847, 11.908086 ], [ 108.4741228, 11.9081026 ], [ 108.4741637, 11.9081106 ], [ 108.4742054, 11.9081096 ], [ 108.4742364, 11.9081029 ], [ 108.4742658, 11.9080913 ], [ 108.4742904, 11.9080748 ], [ 108.4743175, 11.9080624 ], [ 108.4743462, 11.9080545 ], [ 108.4743806, 11.9080512 ], [ 108.474415, 11.9080543 ], [ 108.4744482, 11.9080637 ], [ 108.4746265, 11.9081149 ], [ 108.474884, 11.9081411 ], [ 108.474938, 11.9081431 ], [ 108.4749918, 11.9081395 ], [ 108.475045, 11.9081306 ], [ 108.47511, 11.9081119 ], [ 108.4751721, 11.908085 ], [ 108.47523, 11.9080506 ], [ 108.4754808, 11.9078498 ], [ 108.4757303, 11.9076543 ], [ 108.4757602, 11.9076304 ], [ 108.4757947, 11.9076135 ], [ 108.4758322, 11.9076044 ], [ 108.4758642, 11.9076032 ], [ 108.475896, 11.9076077 ], [ 108.4759263, 11.9076179 ], [ 108.4759542, 11.9076333 ], [ 108.4759792, 11.9076543 ], [ 108.476008, 11.9076697 ], [ 108.4760395, 11.9076791 ], [ 108.4760723, 11.9076818 ], [ 108.4761072, 11.9076774 ], [ 108.4761404, 11.9076655 ], [ 108.47617, 11.9076467 ], [ 108.4761946, 11.907622 ], [ 108.4762131, 11.9075926 ], [ 108.4762509, 11.9075453 ], [ 108.4762922, 11.9075007 ], [ 108.4763454, 11.9074518 ], [ 108.4764028, 11.9074075 ], [ 108.4764639, 11.9073682 ], [ 108.4765186, 11.9073504 ], [ 108.4765752, 11.9073398 ], [ 108.4766328, 11.9073367 ], [ 108.476696, 11.9073419 ], [ 108.4767576, 11.907356 ], [ 108.4768166, 11.9073787 ], [ 108.4768575, 11.907419 ], [ 108.476893, 11.907464 ], [ 108.4769252, 11.9075185 ], [ 108.4769493, 11.9075769 ], [ 108.4769745, 11.9076225 ], [ 108.4770041, 11.9076655 ], [ 108.4770378, 11.9077055 ], [ 108.4771022, 11.9077763 ], [ 108.4771961, 11.9078918 ], [ 108.4774643, 11.9079154 ], [ 108.4775132, 11.907901 ], [ 108.4775635, 11.9078922 ], [ 108.4776145, 11.9078892 ], [ 108.4776636, 11.9078917 ], [ 108.4777121, 11.9078996 ], [ 108.4777594, 11.9079128 ], [ 108.4777926, 11.9079188 ], [ 108.4778264, 11.907918 ], [ 108.4778573, 11.9079113 ], [ 108.4778862, 11.9078989 ], [ 108.4779122, 11.9078813 ], [ 108.4782448, 11.9078865 ], [ 108.4784272, 11.9079732 ], [ 108.4784634, 11.9079854 ], [ 108.478501, 11.9079926 ], [ 108.4785393, 11.9079947 ], [ 108.4785774, 11.9079915 ], [ 108.4786189, 11.907982 ], [ 108.4786584, 11.9079663 ], [ 108.4786949, 11.9079448 ], [ 108.4787276, 11.907918 ], [ 108.4788376, 11.9078209 ], [ 108.4788808, 11.9078033 ], [ 108.4789261, 11.9077921 ], [ 108.4789811, 11.9077874 ], [ 108.4790361, 11.9077921 ], [ 108.4790775, 11.9078041 ], [ 108.4791163, 11.9078227 ], [ 108.4791514, 11.9078472 ], [ 108.4791848, 11.9078803 ], [ 108.4792114, 11.9079188 ], [ 108.4792306, 11.9079613 ], [ 108.4792431, 11.908002 ], [ 108.4792617, 11.9080403 ], [ 108.4792859, 11.9080756 ], [ 108.479315, 11.908107 ], [ 108.4793564, 11.908139 ], [ 108.479403, 11.9081633 ], [ 108.4794532, 11.908179 ], [ 108.4795055, 11.9081857 ], [ 108.4797227, 11.9081906 ], [ 108.47994, 11.9081857 ], [ 108.4801065, 11.9081755 ], [ 108.4802726, 11.9081595 ], [ 108.4803427, 11.908137 ], [ 108.4804121, 11.9081123 ], [ 108.4805274, 11.908065 ], [ 108.4805511, 11.9080607 ], [ 108.4805751, 11.9080634 ], [ 108.4805971, 11.9080729 ], [ 108.4806169, 11.9080902 ], [ 108.4806299, 11.9081129 ], [ 108.4806347, 11.9081385 ], [ 108.4806186, 11.9082671 ], [ 108.4806172, 11.9082882 ], [ 108.4806238, 11.9083084 ], [ 108.4806374, 11.9083248 ], [ 108.480654, 11.9083346 ], [ 108.4806729, 11.9083385 ], [ 108.4806922, 11.9083361 ], [ 108.4807095, 11.9083278 ], [ 108.4808131, 11.9082422 ], [ 108.4808768, 11.908184 ], [ 108.4809439, 11.9081297 ], [ 108.4810142, 11.9080794 ], [ 108.4810817, 11.9080368 ], [ 108.4811515, 11.9079978 ], [ 108.4812234, 11.9079627 ], [ 108.481489, 11.9081976 ], [ 108.4816982, 11.9080375 ], [ 108.4819302, 11.908212 ], [ 108.4819591, 11.908239 ], [ 108.4819838, 11.9082697 ], [ 108.4820039, 11.9083039 ], [ 108.4820187, 11.9083406 ], [ 108.4820534, 11.9083906 ], [ 108.4820938, 11.9084363 ], [ 108.4821394, 11.9084771 ], [ 108.4821846, 11.9085092 ], [ 108.4822331, 11.9085364 ], [ 108.4822842, 11.9085584 ], [ 108.4823295, 11.9085715 ], [ 108.4823754, 11.908582 ], [ 108.4824395, 11.9085924 ], [ 108.4825042, 11.9085978 ], [ 108.4825693, 11.9086122 ], [ 108.4826329, 11.9086319 ], [ 108.4827003, 11.9086593 ], [ 108.4827649, 11.9086927 ], [ 108.4828261, 11.9087316 ], [ 108.4830165, 11.9089101 ], [ 108.4831291, 11.9090413 ], [ 108.483274, 11.9092172 ], [ 108.4833118, 11.9092482 ], [ 108.4833541, 11.9092729 ], [ 108.4834, 11.9092906 ], [ 108.4834452, 11.9093005 ], [ 108.4834914, 11.9093036 ], [ 108.4835375, 11.9092998 ], [ 108.4835825, 11.9092893 ], [ 108.4836253, 11.9092723 ], [ 108.4837483, 11.9091949 ], [ 108.4838694, 11.9091148 ], [ 108.4840116, 11.9090156 ], [ 108.4841511, 11.9089127 ], [ 108.4842351, 11.9088465 ], [ 108.4843247, 11.9087877 ], [ 108.4844193, 11.9087369 ], [ 108.4845197, 11.9086937 ], [ 108.4846237, 11.9086595 ], [ 108.4847304, 11.9086345 ], [ 108.4848071, 11.908643 ], [ 108.4848842, 11.9086439 ], [ 108.4849611, 11.9086372 ], [ 108.4850344, 11.9086235 ], [ 108.4851059, 11.908603 ], [ 108.4851485, 11.9085894 ], [ 108.4851926, 11.9085815 ], [ 108.4852374, 11.9085794 ], [ 108.4852883, 11.9085842 ], [ 108.4853378, 11.9085966 ], [ 108.4853849, 11.9086162 ], [ 108.4854438, 11.9086496 ], [ 108.4855068, 11.9086751 ], [ 108.4855726, 11.9086923 ], [ 108.4856332, 11.9087002 ], [ 108.4856943, 11.9087011 ], [ 108.485755, 11.9086949 ], [ 108.4857914, 11.9086874 ], [ 108.4858285, 11.908687 ], [ 108.485865, 11.9086936 ], [ 108.4859014, 11.9087079 ], [ 108.485934, 11.9087292 ], [ 108.4859616, 11.9087566 ], [ 108.485984, 11.9087794 ], [ 108.4860107, 11.9087971 ], [ 108.4860407, 11.9088091 ], [ 108.4860706, 11.9088145 ], [ 108.486101, 11.908814 ], [ 108.4861308, 11.9088078 ], [ 108.4861587, 11.9087959 ], [ 108.4861845, 11.908789 ], [ 108.4862111, 11.9087859 ], [ 108.4862378, 11.9087867 ], [ 108.4862726, 11.9087939 ], [ 108.4863052, 11.9088076 ], [ 108.4863344, 11.9088274 ], [ 108.4863655, 11.9088483 ], [ 108.4864001, 11.9088629 ], [ 108.4864335, 11.9088703 ], [ 108.4864676, 11.9088718 ], [ 108.4865016, 11.9088676 ], [ 108.4865342, 11.9088576 ], [ 108.4866174, 11.9088064 ], [ 108.4866392, 11.9087954 ], [ 108.4866627, 11.9087883 ], [ 108.4866871, 11.9087854 ], [ 108.4867197, 11.9087883 ], [ 108.4867506, 11.9087985 ], [ 108.4867783, 11.9088156 ], [ 108.4868067, 11.9088319 ], [ 108.4868374, 11.9088438 ], [ 108.4868695, 11.908851 ], [ 108.4869043, 11.9088534 ], [ 108.486939, 11.9088503 ], [ 108.4869727, 11.9088419 ], [ 108.4871149, 11.9087723 ], [ 108.487144, 11.9087564 ], [ 108.487175, 11.9087445 ], [ 108.4872074, 11.9087369 ], [ 108.4872477, 11.9087336 ], [ 108.4872879, 11.9087369 ], [ 108.4873194, 11.9087394 ], [ 108.4873509, 11.9087369 ], [ 108.4873865, 11.9087276 ], [ 108.4874199, 11.9087126 ], [ 108.4874502, 11.9086923 ], [ 108.4874766, 11.9086671 ], [ 108.4874983, 11.908638 ], [ 108.4875146, 11.9086057 ], [ 108.4875277, 11.9085727 ], [ 108.4875467, 11.9085427 ], [ 108.4875662, 11.9085211 ], [ 108.4875887, 11.9085026 ], [ 108.4876138, 11.9084876 ], [ 108.4876486, 11.9084601 ], [ 108.4876808, 11.9084298 ], [ 108.4877182, 11.9083871 ], [ 108.4877506, 11.9083406 ], [ 108.4877789, 11.9083023 ], [ 108.4878112, 11.9082671 ], [ 108.4878471, 11.9082356 ], [ 108.4878897, 11.908206 ], [ 108.4879355, 11.9081814 ], [ 108.4879839, 11.9081621 ], [ 108.4885204, 11.907897 ], [ 108.488747, 11.9075244 ], [ 108.489148, 11.9072173 ], [ 108.4892118, 11.9071689 ], [ 108.489279, 11.9071251 ], [ 108.4893492, 11.9070861 ], [ 108.4894357, 11.9070464 ], [ 108.4895253, 11.9070139 ], [ 108.4928495, 11.9060481 ], [ 108.4928897, 11.9058473 ], [ 108.4929018, 11.9058051 ], [ 108.4929219, 11.905766 ], [ 108.492941, 11.9057403 ], [ 108.4929635, 11.9057174 ], [ 108.4929889, 11.9056977 ], [ 108.4930523, 11.9056109 ], [ 108.4931123, 11.9055219 ], [ 108.4931663, 11.9054349 ], [ 108.4932169, 11.905346 ], [ 108.4932552, 11.9052896 ], [ 108.4932974, 11.9052358 ], [ 108.4933452, 11.9051829 ], [ 108.4933966, 11.9051334 ], [ 108.4934403, 11.9050839 ], [ 108.4934798, 11.9050311 ], [ 108.49349, 11.9049943 ], [ 108.4934945, 11.9049564 ], [ 108.4934932, 11.9049182 ], [ 108.4934858, 11.9048792 ], [ 108.4934723, 11.9048418 ], [ 108.493453, 11.9048068 ], [ 108.4934285, 11.9047752 ], [ 108.4933993, 11.9047476 ], [ 108.4930962, 11.9044563 ], [ 108.4928119, 11.9040941 ], [ 108.4926617, 11.9038763 ], [ 108.4925603, 11.9037922 ], [ 108.4924636, 11.9037029 ], [ 108.492372, 11.9036086 ], [ 108.4922932, 11.9035186 ], [ 108.4922189, 11.9034249 ], [ 108.4921494, 11.9033278 ], [ 108.4921271, 11.9032903 ], [ 108.492099, 11.9032567 ], [ 108.492066, 11.9032279 ], [ 108.4920287, 11.9032044 ], [ 108.4919821, 11.903185 ], [ 108.4919327, 11.903174 ], [ 108.491882, 11.9031718 ], [ 108.4918318, 11.9031785 ], [ 108.4917836, 11.903194 ], [ 108.491739, 11.9032175 ], [ 108.4916505, 11.9032832 ], [ 108.4916119, 11.9033038 ], [ 108.4915701, 11.9033173 ], [ 108.4915335, 11.9033227 ], [ 108.4914966, 11.9033227 ], [ 108.4914601, 11.9033173 ], [ 108.4913873, 11.9032918 ], [ 108.491313, 11.9032712 ], [ 108.4912375, 11.9032556 ], [ 108.4911439, 11.9032433 ], [ 108.4910497, 11.9032385 ], [ 108.4909371, 11.903232 ], [ 108.4908977, 11.9032221 ], [ 108.4908606, 11.9032057 ], [ 108.4908347, 11.9031892 ], [ 108.4908114, 11.9031693 ], [ 108.4907909, 11.9031467 ], [ 108.4907024, 11.903022 ], [ 108.4906669, 11.9029719 ], [ 108.4906273, 11.9029249 ], [ 108.4905804, 11.9028781 ], [ 108.4905294, 11.9028357 ], [ 108.4903041, 11.9026926 ], [ 108.4902842, 11.9026785 ], [ 108.4902694, 11.9026592 ], [ 108.490261, 11.9026366 ], [ 108.4902598, 11.9026126 ], [ 108.4902658, 11.9025894 ], [ 108.4902784, 11.9025689 ], [ 108.4902966, 11.9025529 ], [ 108.4903187, 11.9025427 ], [ 108.4903429, 11.9025394 ], [ 108.4903671, 11.902543 ], [ 108.490634, 11.9026073 ], [ 108.4906677, 11.9026147 ], [ 108.4907023, 11.9026143 ], [ 108.4907359, 11.902606 ], [ 108.4907635, 11.9025924 ], [ 108.4907877, 11.9025735 ], [ 108.4908074, 11.9025502 ], [ 108.4908217, 11.9025234 ], [ 108.4908544, 11.9024609 ], [ 108.4908804, 11.9023955 ], [ 108.4908995, 11.9023278 ], [ 108.4909104, 11.9022665 ], [ 108.4909156, 11.9022045 ], [ 108.490912, 11.9021772 ], [ 108.4909008, 11.902152 ], [ 108.4908811, 11.9021289 ], [ 108.4908552, 11.9021126 ], [ 108.4908356, 11.9021041 ], [ 108.4908184, 11.9020917 ], [ 108.4908043, 11.9020759 ], [ 108.490792, 11.9020521 ], [ 108.4907868, 11.902026 ], [ 108.4907842, 11.901862 ], [ 108.490783, 11.9018412 ], [ 108.4907764, 11.9018215 ], [ 108.4907647, 11.9018042 ], [ 108.4907443, 11.9017877 ], [ 108.4907195, 11.9017787 ], [ 108.490693, 11.901778 ], [ 108.4906125, 11.9017786 ], [ 108.4905933, 11.9017775 ], [ 108.4905756, 11.9017701 ], [ 108.4905622, 11.9017581 ], [ 108.4905535, 11.9017425 ], [ 108.4905303, 11.9016727 ], [ 108.4905007, 11.9016051 ], [ 108.490465, 11.9015405 ], [ 108.4904233, 11.9014789 ], [ 108.490376, 11.9014214 ], [ 108.4903236, 11.9013683 ], [ 108.4902665, 11.90132 ], [ 108.4900814, 11.9012045 ], [ 108.4900615, 11.9011885 ], [ 108.4900452, 11.901169 ], [ 108.4900331, 11.9011468 ], [ 108.4900253, 11.9011203 ], [ 108.4900235, 11.9010927 ], [ 108.4900278, 11.9010654 ], [ 108.4900975, 11.9008423 ], [ 108.4901082, 11.9007505 ], [ 108.4901099, 11.9006782 ], [ 108.4901056, 11.9006061 ], [ 108.4901431, 11.9000655 ], [ 108.4901432, 11.9000445 ], [ 108.4901386, 11.9000241 ], [ 108.4901297, 11.9000051 ], [ 108.4901154, 11.899987 ], [ 108.4900972, 11.8999728 ], [ 108.4900761, 11.8999631 ], [ 108.4899732, 11.8999405 ], [ 108.4898722, 11.8999106 ], [ 108.489782, 11.899877 ], [ 108.4896942, 11.8998376 ], [ 108.4896094, 11.8997925 ], [ 108.4895538, 11.8997487 ], [ 108.4895048, 11.899698 ], [ 108.4894631, 11.8996414 ], [ 108.4894297, 11.8995799 ], [ 108.4894287, 11.899562 ], [ 108.4894329, 11.8995445 ], [ 108.4894417, 11.8995287 ], [ 108.4894561, 11.8995149 ], [ 108.4894741, 11.8995058 ], [ 108.489494, 11.8995025 ], [ 108.4895758, 11.8995012 ], [ 108.4896051, 11.8994875 ], [ 108.4896294, 11.8994665 ], [ 108.4896469, 11.8994397 ], [ 108.4896563, 11.8994093 ], [ 108.4896572, 11.8993808 ], [ 108.4896508, 11.899353 ], [ 108.4896377, 11.8993276 ], [ 108.4896186, 11.8993061 ], [ 108.4895946, 11.8992899 ], [ 108.4895492, 11.8992666 ], [ 108.4895021, 11.8992466 ], [ 108.4894268, 11.8992226 ], [ 108.4893492, 11.8992072 ], [ 108.4893115, 11.8991957 ], [ 108.4892767, 11.8991776 ], [ 108.4892459, 11.8991534 ], [ 108.4892175, 11.8991202 ], [ 108.4891968, 11.899082 ], [ 108.4891846, 11.8990404 ], [ 108.4891815, 11.8989973 ], [ 108.4892043, 11.8987925 ], [ 108.4892028, 11.8987607 ], [ 108.4891963, 11.8987296 ], [ 108.4891856, 11.8987013 ], [ 108.4891707, 11.8986748 ], [ 108.489152, 11.8986508 ], [ 108.4889683, 11.8984645 ], [ 108.4889241, 11.8984347 ], [ 108.4888771, 11.8984094 ], [ 108.4888161, 11.8983846 ], [ 108.4887524, 11.8983674 ], [ 108.4887241, 11.8983592 ], [ 108.4886979, 11.8983458 ], [ 108.4886749, 11.8983277 ], [ 108.4886558, 11.8983057 ], [ 108.4886397, 11.8982764 ], [ 108.4886306, 11.8982444 ], [ 108.488629, 11.8982112 ], [ 108.4886374, 11.8981603 ], [ 108.4886545, 11.8981115 ], [ 108.4886714, 11.8980794 ], [ 108.488692, 11.8980495 ], [ 108.4887162, 11.8980222 ], [ 108.4887832, 11.8979566 ], [ 108.4887935, 11.8979355 ], [ 108.4887998, 11.897913 ], [ 108.488802, 11.8978897 ], [ 108.4887981, 11.8978571 ], [ 108.4887862, 11.8978265 ], [ 108.488767, 11.8977996 ], [ 108.4887417, 11.8977781 ], [ 108.4886374, 11.8977154 ], [ 108.4885311, 11.8976561 ], [ 108.4883971, 11.8975877 ], [ 108.4882602, 11.8975249 ], [ 108.4882148, 11.8975026 ], [ 108.4881718, 11.8974763 ], [ 108.4881315, 11.8974461 ], [ 108.4880862, 11.8974042 ], [ 108.4880462, 11.8973574 ], [ 108.4880119, 11.8973064 ], [ 108.4879839, 11.8972519 ], [ 108.4877855, 11.896853 ], [ 108.4877737, 11.8968236 ], [ 108.4877683, 11.8967926 ], [ 108.4877694, 11.8967611 ], [ 108.4877777, 11.8967283 ], [ 108.4877932, 11.8966981 ], [ 108.487815, 11.8966719 ], [ 108.4878593, 11.8966367 ], [ 108.4879088, 11.8966089 ], [ 108.4879571, 11.8965905 ], [ 108.4880075, 11.8965791 ], [ 108.488059, 11.8965748 ], [ 108.4884158, 11.8965695 ], [ 108.4884554, 11.8965664 ], [ 108.4884941, 11.8965576 ], [ 108.4885311, 11.8965433 ], [ 108.4885645, 11.8965245 ], [ 108.4885948, 11.8965013 ], [ 108.4886214, 11.8964741 ], [ 108.4886438, 11.8964435 ], [ 108.4888503, 11.8960945 ], [ 108.4888687, 11.8960588 ], [ 108.4888911, 11.8960254 ], [ 108.4889173, 11.8959947 ], [ 108.4889516, 11.8959635 ], [ 108.4889898, 11.895937 ], [ 108.4890267, 11.8959054 ], [ 108.4890591, 11.8958693 ], [ 108.4890863, 11.8958294 ], [ 108.4891067, 11.8957893 ], [ 108.489122, 11.8957471 ], [ 108.4891319, 11.8957034 ], [ 108.4891387, 11.8956661 ], [ 108.4891504, 11.8956301 ], [ 108.4891668, 11.8955958 ], [ 108.4891906, 11.8955599 ], [ 108.4892195, 11.8955278 ], [ 108.489253, 11.8955002 ], [ 108.4892902, 11.8954777 ], [ 108.4893609, 11.895455 ], [ 108.4894337, 11.8954396 ], [ 108.4895139, 11.8954313 ], [ 108.4895946, 11.8954317 ], [ 108.4896789, 11.8954359 ], [ 108.4897626, 11.8954459 ], [ 108.4898454, 11.8954619 ], [ 108.4899317, 11.8954853 ], [ 108.4900159, 11.8955151 ], [ 108.4900975, 11.8955512 ], [ 108.4901685, 11.895579 ], [ 108.4902424, 11.8955984 ], [ 108.4903064, 11.8956081 ], [ 108.4903711, 11.8956115 ], [ 108.49041, 11.8956079 ], [ 108.4904472, 11.8955964 ], [ 108.4904811, 11.8955774 ], [ 108.4905092, 11.8955529 ], [ 108.4905317, 11.8955234 ], [ 108.4905476, 11.8954899 ], [ 108.4905562, 11.8954541 ], [ 108.4906393, 11.8951732 ], [ 108.4906822, 11.8949633 ], [ 108.490686, 11.8949265 ], [ 108.4906822, 11.8948898 ], [ 108.4906703, 11.8948528 ], [ 108.4906508, 11.8948191 ], [ 108.4906246, 11.8947902 ], [ 108.4905927, 11.8947672 ], [ 108.4905566, 11.8947512 ], [ 108.490518, 11.894743 ], [ 108.4904784, 11.8947428 ], [ 108.4898025, 11.8947349 ], [ 108.4897417, 11.894734 ], [ 108.4896814, 11.8947258 ], [ 108.4896227, 11.8947102 ], [ 108.4895664, 11.8946877 ], [ 108.4895141, 11.8946588 ], [ 108.4894658, 11.8946239 ], [ 108.4894222, 11.8945835 ], [ 108.4893841, 11.8945381 ], [ 108.4893197, 11.8944252 ], [ 108.489258, 11.8942992 ], [ 108.4892536, 11.8942643 ], [ 108.4892536, 11.8942291 ], [ 108.489258, 11.8941942 ], [ 108.4892691, 11.8941534 ], [ 108.4892862, 11.8941146 ], [ 108.489309, 11.8940788 ], [ 108.4893487, 11.8940521 ], [ 108.4893921, 11.8940315 ], [ 108.4894382, 11.8940175 ], [ 108.489486, 11.8940105 ], [ 108.4895343, 11.8940105 ], [ 108.4901351, 11.8940761 ], [ 108.490188, 11.8940823 ], [ 108.4902412, 11.8940802 ], [ 108.4902935, 11.8940699 ], [ 108.4903434, 11.8940518 ], [ 108.4903899, 11.8940263 ], [ 108.4904273, 11.8939978 ], [ 108.4904603, 11.8939645 ], [ 108.4904882, 11.893927 ], [ 108.4905104, 11.8938861 ], [ 108.4905267, 11.8938425 ], [ 108.4905435, 11.8937855 ], [ 108.4905642, 11.8937297 ], [ 108.4905984, 11.8936559 ], [ 108.4906393, 11.8935853 ], [ 108.4907573, 11.8934357 ], [ 108.4907728, 11.8934004 ], [ 108.4907836, 11.8933635 ], [ 108.4907895, 11.8933255 ], [ 108.4907896, 11.8932735 ], [ 108.4907806, 11.8932222 ], [ 108.4907627, 11.8931733 ], [ 108.4907442, 11.8931333 ], [ 108.4907325, 11.8930909 ], [ 108.4907278, 11.8930473 ], [ 108.4907302, 11.893005 ], [ 108.4907392, 11.8929635 ], [ 108.4907546, 11.892924 ], [ 108.4907761, 11.8928872 ], [ 108.4908861, 11.8927691 ], [ 108.490928, 11.8927252 ], [ 108.4909656, 11.8926779 ], [ 108.4909987, 11.8926273 ], [ 108.4910337, 11.8925595 ], [ 108.4910604, 11.8924882 ], [ 108.4910612, 11.8924646 ], [ 108.4910581, 11.8924413 ], [ 108.491051, 11.8924187 ], [ 108.4910354, 11.89239 ], [ 108.4910136, 11.8923656 ], [ 108.4909867, 11.8923465 ], [ 108.4909458, 11.892319 ], [ 108.4909088, 11.8922868 ], [ 108.4908762, 11.8922502 ], [ 108.4908485, 11.89221 ], [ 108.4908274, 11.8921693 ], [ 108.4908112, 11.8921265 ], [ 108.4908004, 11.8920821 ], [ 108.4907949, 11.8920368 ], [ 108.4907963, 11.891992 ], [ 108.4908044, 11.891948 ], [ 108.490819, 11.8919056 ], [ 108.4908357, 11.8918795 ], [ 108.4908575, 11.8918573 ], [ 108.4908834, 11.8918399 ], [ 108.4909128, 11.891828 ], [ 108.4909441, 11.8918222 ], [ 108.4909759, 11.8918229 ], [ 108.4911369, 11.8918321 ], [ 108.4911862, 11.8918357 ], [ 108.4912356, 11.8918335 ], [ 108.4912844, 11.8918255 ], [ 108.4913277, 11.8918134 ], [ 108.4913695, 11.8917967 ], [ 108.4914091, 11.8917756 ], [ 108.4914251, 11.89175 ], [ 108.4914368, 11.8917222 ], [ 108.491444, 11.891693 ], [ 108.4914462, 11.8916506 ], [ 108.4914389, 11.8916089 ], [ 108.4914225, 11.8915696 ], [ 108.4912133, 11.891357 ], [ 108.4911953, 11.8913303 ], [ 108.4911818, 11.8913012 ], [ 108.4911731, 11.8912704 ], [ 108.4911695, 11.891241 ], [ 108.4911704, 11.8912113 ], [ 108.4911803, 11.8911939 ], [ 108.4911944, 11.8911795 ], [ 108.491212, 11.8911693 ], [ 108.4912318, 11.891164 ], [ 108.4912525, 11.891164 ], [ 108.4912723, 11.8911693 ], [ 108.4913769, 11.8911903 ], [ 108.4914048, 11.8911933 ], [ 108.4914328, 11.8911915 ], [ 108.4914601, 11.8911851 ], [ 108.4914956, 11.8911688 ], [ 108.4915261, 11.8911447 ], [ 108.4915499, 11.8911142 ], [ 108.4915958, 11.8910227 ], [ 108.4916371, 11.8909292 ], [ 108.4916836, 11.8908056 ], [ 108.4917221, 11.8906795 ], [ 108.4917632, 11.8904988 ], [ 108.4917971, 11.8903933 ], [ 108.4918392, 11.8902908 ], [ 108.4918892, 11.8901917 ], [ 108.491944, 11.890101 ], [ 108.4920054, 11.8900145 ], [ 108.4920731, 11.8899326 ], [ 108.4921467, 11.8898557 ], [ 108.4922024, 11.8898092 ], [ 108.4922625, 11.8897683 ], [ 108.4923265, 11.8897333 ], [ 108.4923936, 11.8897046 ], [ 108.4924632, 11.8896825 ], [ 108.4925412, 11.8896661 ], [ 108.4926206, 11.889658 ], [ 108.4927004, 11.8896582 ], [ 108.4927797, 11.8896667 ], [ 108.4928617, 11.889682 ], [ 108.4929423, 11.889703 ], [ 108.4930211, 11.8897297 ], [ 108.4930948, 11.8897606 ], [ 108.493166, 11.8897963 ], [ 108.4932346, 11.8898369 ], [ 108.4933001, 11.889882 ], [ 108.4933541, 11.8899189 ], [ 108.4934115, 11.8899505 ], [ 108.4934717, 11.8899764 ], [ 108.4935346, 11.8899966 ], [ 108.4935992, 11.8900107 ], [ 108.4936649, 11.8900184 ], [ 108.4938097, 11.8900184 ], [ 108.4938555, 11.8900218 ], [ 108.4939009, 11.8900289 ], [ 108.493954, 11.8900422 ], [ 108.4940055, 11.8900604 ], [ 108.4940514, 11.8900791 ], [ 108.4940994, 11.8900919 ], [ 108.4941421, 11.8900982 ], [ 108.4941852, 11.8900998 ], [ 108.4944642, 11.8900972 ], [ 108.4945185, 11.8901002 ], [ 108.4945721, 11.890109 ], [ 108.4946261, 11.8901238 ], [ 108.4946781, 11.8901444 ], [ 108.494786, 11.8902048 ], [ 108.4948147, 11.8902175 ], [ 108.4948453, 11.8902249 ], [ 108.4948768, 11.8902268 ], [ 108.4949081, 11.8902232 ], [ 108.4949448, 11.8902113 ], [ 108.494978, 11.8901917 ], [ 108.495006, 11.8901655 ], [ 108.4950274, 11.8901339 ], [ 108.4951186, 11.8899646 ], [ 108.4951365, 11.8899106 ], [ 108.4951464, 11.8898547 ], [ 108.4951481, 11.889798 ], [ 108.4951434, 11.8897515 ], [ 108.4951333, 11.8897058 ], [ 108.4951178, 11.8896616 ], [ 108.4950972, 11.8896195 ], [ 108.4950825, 11.8896013 ], [ 108.4950742, 11.8895796 ], [ 108.495073, 11.8895565 ], [ 108.4950785, 11.8895353 ], [ 108.49509, 11.8895165 ], [ 108.4951065, 11.8895017 ], [ 108.4951267, 11.8894922 ], [ 108.4953171, 11.8894095 ], [ 108.4955156, 11.889252 ], [ 108.4956926, 11.8891904 ], [ 108.4957142, 11.8891828 ], [ 108.4957329, 11.8891697 ], [ 108.4957471, 11.8891521 ], [ 108.4957558, 11.8891313 ], [ 108.4957583, 11.889109 ], [ 108.4957531, 11.889083 ], [ 108.4957395, 11.8890601 ], [ 108.495719, 11.8890428 ], [ 108.495694, 11.8890329 ], [ 108.4955946, 11.8890031 ], [ 108.495497, 11.8889681 ], [ 108.4954016, 11.8889279 ], [ 108.4953166, 11.8888869 ], [ 108.4952339, 11.8888418 ], [ 108.4951927, 11.8888188 ], [ 108.4951535, 11.8887927 ], [ 108.4950996, 11.8887485 ], [ 108.4950516, 11.8886982 ], [ 108.4950389, 11.8886753 ], [ 108.4950308, 11.8886505 ], [ 108.4950274, 11.8886247 ], [ 108.4950303, 11.888591 ], [ 108.4950412, 11.8885589 ], [ 108.4950596, 11.8885302 ], [ 108.4951857, 11.8883649 ], [ 108.4952042, 11.8883353 ], [ 108.495216, 11.8883026 ], [ 108.4952206, 11.8882682 ], [ 108.4952179, 11.8882337 ], [ 108.4952065, 11.8881973 ], [ 108.495187, 11.8881645 ], [ 108.4951604, 11.8881368 ], [ 108.4951281, 11.8881158 ], [ 108.4950918, 11.8881024 ], [ 108.4949201, 11.8880211 ], [ 108.4948815, 11.8879951 ], [ 108.4948477, 11.8879633 ], [ 108.494826, 11.8879359 ], [ 108.4948081, 11.887906 ], [ 108.4947941, 11.8878741 ], [ 108.4947377, 11.8876615 ], [ 108.494728, 11.887617 ], [ 108.4947277, 11.8875716 ], [ 108.4947346, 11.8875347 ], [ 108.4947478, 11.8874994 ], [ 108.4947584, 11.8874856 ], [ 108.4947713, 11.8874738 ], [ 108.4947941, 11.8874606 ], [ 108.4948196, 11.8874535 ], [ 108.4951146, 11.8873872 ], [ 108.4953681, 11.8873308 ], [ 108.49545, 11.8873208 ], [ 108.4955323, 11.8873156 ], [ 108.4956148, 11.887315 ], [ 108.4957051, 11.8873198 ], [ 108.4957949, 11.8873301 ], [ 108.4958838, 11.8873461 ], [ 108.4959716, 11.8873675 ], [ 108.4962988, 11.8874883 ], [ 108.49636, 11.8875136 ], [ 108.4964238, 11.887532 ], [ 108.4964892, 11.8875434 ], [ 108.496548, 11.8875474 ], [ 108.4966068, 11.8875456 ], [ 108.4966652, 11.8875381 ], [ 108.4967226, 11.887525 ], [ 108.496801, 11.8875037 ], [ 108.4968808, 11.8874883 ], [ 108.4969557, 11.8874791 ], [ 108.497031, 11.8874751 ], [ 108.4970607, 11.8874729 ], [ 108.4970891, 11.8874644 ], [ 108.4971149, 11.88745 ], [ 108.497137, 11.8874305 ], [ 108.4971507, 11.8874125 ], [ 108.4971611, 11.8873924 ], [ 108.4971638, 11.8873719 ], [ 108.4971584, 11.8873518 ], [ 108.4971476, 11.8873367 ], [ 108.4971323, 11.8873259 ], [ 108.4971142, 11.8873207 ], [ 108.4968609, 11.8872761 ], [ 108.4968131, 11.8872614 ], [ 108.4967681, 11.8872399 ], [ 108.4967269, 11.8872121 ], [ 108.4966904, 11.8871785 ], [ 108.4966614, 11.8871429 ], [ 108.4966378, 11.8871036 ], [ 108.4966201, 11.8870615 ], [ 108.4966085, 11.8870174 ], [ 108.4966033, 11.8869721 ], [ 108.4966046, 11.8869266 ], [ 108.4966421, 11.8865959 ], [ 108.4966513, 11.886544 ], [ 108.4966674, 11.8864938 ], [ 108.4966904, 11.8864462 ], [ 108.4967208, 11.8864006 ], [ 108.4967574, 11.8863596 ], [ 108.4967815, 11.8863416 ], [ 108.4968087, 11.8863283 ], [ 108.4968379, 11.8863203 ], [ 108.4968704, 11.8863178 ], [ 108.4969027, 11.8863219 ], [ 108.4969334, 11.8863323 ], [ 108.4969614, 11.8863486 ], [ 108.4969854, 11.8863701 ], [ 108.497192, 11.8865539 ], [ 108.4972097, 11.8865726 ], [ 108.4972323, 11.8865854 ], [ 108.4972578, 11.8865912 ], [ 108.4972839, 11.8865894 ], [ 108.4973082, 11.8865802 ], [ 108.4973288, 11.8865644 ], [ 108.4973441, 11.8865424 ], [ 108.4973519, 11.8865168 ], [ 108.4973513, 11.8864902 ], [ 108.4973424, 11.886465 ], [ 108.4973261, 11.8864436 ], [ 108.497192, 11.8863124 ], [ 108.4971786, 11.8862886 ], [ 108.4971696, 11.886263 ], [ 108.4971651, 11.8862363 ], [ 108.4971659, 11.8862044 ], [ 108.4971732, 11.8861734 ], [ 108.4971866, 11.8861444 ], [ 108.4972113, 11.8860918 ], [ 108.4972295, 11.8860368 ], [ 108.4972415, 11.8859771 ], [ 108.497246, 11.8859164 ], [ 108.4972429, 11.8858557 ], [ 108.497192, 11.8855119 ], [ 108.4971879, 11.8853019 ], [ 108.4971913, 11.8852565 ], [ 108.4972026, 11.8852123 ], [ 108.4972215, 11.8851706 ], [ 108.4972491, 11.8851307 ], [ 108.4972837, 11.8850963 ], [ 108.4973241, 11.8850686 ], [ 108.497369, 11.8850486 ], [ 108.4975333, 11.8849797 ], [ 108.4977351, 11.8848688 ], [ 108.4978127, 11.8848377 ], [ 108.4978929, 11.884814 ], [ 108.4979752, 11.8847979 ], [ 108.4980545, 11.8847899 ], [ 108.4981343, 11.884789 ], [ 108.4982139, 11.8847953 ], [ 108.4983775, 11.8848058 ], [ 108.498408, 11.8848022 ], [ 108.4984373, 11.8847928 ], [ 108.4984641, 11.8847781 ], [ 108.4984875, 11.8847586 ], [ 108.4985101, 11.8847293 ], [ 108.498525, 11.8846956 ], [ 108.4985311, 11.8846685 ], [ 108.4985302, 11.8846408 ], [ 108.4985223, 11.8846142 ], [ 108.498508, 11.8845903 ], [ 108.498488, 11.8845707 ], [ 108.4984637, 11.8845565 ], [ 108.4984365, 11.8845486 ], [ 108.4983311, 11.8845204 ], [ 108.4982285, 11.8844835 ], [ 108.4981294, 11.8844383 ], [ 108.4980454, 11.8843918 ], [ 108.4979653, 11.8843392 ], [ 108.4978893, 11.8842809 ], [ 108.4978297, 11.8842409 ], [ 108.497766, 11.8842074 ], [ 108.4977113, 11.884185 ], [ 108.4976548, 11.8841675 ], [ 108.497597, 11.8841549 ], [ 108.497513, 11.884136 ], [ 108.4974306, 11.8841115 ], [ 108.4973502, 11.8840814 ], [ 108.4972674, 11.8840435 ], [ 108.4971877, 11.8839996 ], [ 108.4971115, 11.8839502 ], [ 108.4970721, 11.8839218 ], [ 108.4970361, 11.8838893 ], [ 108.4970042, 11.883853 ], [ 108.4969707, 11.8838034 ], [ 108.4969446, 11.8837497 ], [ 108.4969264, 11.8836929 ], [ 108.4968996, 11.8835564 ], [ 108.4968424, 11.8833504 ], [ 108.4967762, 11.883147 ], [ 108.4967385, 11.8830429 ], [ 108.4966984, 11.8829396 ], [ 108.496667, 11.8828798 ], [ 108.4966293, 11.8828236 ], [ 108.4965858, 11.8827716 ], [ 108.4965357, 11.8827234 ], [ 108.4964805, 11.8826808 ], [ 108.496421, 11.8826442 ], [ 108.4963578, 11.8826142 ], [ 108.4962451, 11.8825774 ], [ 108.4962118, 11.8825675 ], [ 108.4961805, 11.8825526 ], [ 108.4961521, 11.882533 ], [ 108.4961271, 11.8825092 ], [ 108.4961057, 11.8824807 ], [ 108.4960893, 11.8824493 ], [ 108.4960785, 11.8824156 ], [ 108.4960735, 11.8823806 ], [ 108.4960663, 11.8822163 ], [ 108.496052, 11.8820525 ], [ 108.4960377, 11.8819367 ], [ 108.4960198, 11.8818215 ], [ 108.4960041, 11.8817392 ], [ 108.495993, 11.8816561 ], [ 108.495986, 11.8815605 ], [ 108.495985, 11.8814645 ], [ 108.4959902, 11.8811401 ], [ 108.4959974, 11.8810943 ], [ 108.4960117, 11.8810502 ], [ 108.4960328, 11.8810088 ], [ 108.4960601, 11.8809711 ], [ 108.4960933, 11.8809376 ], [ 108.4961315, 11.8809096 ], [ 108.4961737, 11.8808877 ], [ 108.4962188, 11.8808725 ], [ 108.4962658, 11.8808644 ], [ 108.4963135, 11.8808635 ], [ 108.4969318, 11.8808635 ], [ 108.4969815, 11.8808629 ], [ 108.4970306, 11.8808552 ], [ 108.497078, 11.8808406 ], [ 108.4971227, 11.8808192 ], [ 108.4971636, 11.8807916 ], [ 108.4972, 11.8807585 ], [ 108.4972313, 11.88072 ], [ 108.4972564, 11.8806774 ], [ 108.4972747, 11.8806316 ], [ 108.4972859, 11.8805836 ], [ 108.4972896, 11.8805346 ], [ 108.4972858, 11.8804855 ], [ 108.4972794, 11.8804145 ], [ 108.4972674, 11.8803441 ], [ 108.4972498, 11.8802749 ], [ 108.4972268, 11.8802073 ], [ 108.4971949, 11.8801341 ], [ 108.4971567, 11.880064 ], [ 108.4971123, 11.8799974 ], [ 108.4970623, 11.8799347 ], [ 108.4970069, 11.8798766 ], [ 108.4966743, 11.8796036 ], [ 108.4966014, 11.8795626 ], [ 108.4965241, 11.8795301 ], [ 108.4964559, 11.8795094 ], [ 108.4963859, 11.8794954 ], [ 108.4963149, 11.8794881 ], [ 108.4960628, 11.8794881 ], [ 108.4960035, 11.8794846 ], [ 108.4959454, 11.8794728 ], [ 108.4958896, 11.8794528 ], [ 108.4958374, 11.8794251 ], [ 108.4957904, 11.8793907 ], [ 108.495749, 11.87935 ], [ 108.4957139, 11.8793039 ], [ 108.495686, 11.8792533 ], [ 108.4956658, 11.8791994 ], [ 108.4956492, 11.8791232 ], [ 108.4956384, 11.8790461 ], [ 108.4956336, 11.8789684 ], [ 108.4956351, 11.8788832 ], [ 108.4956437, 11.8787985 ], [ 108.4956593, 11.8787147 ], [ 108.4956819, 11.8786324 ], [ 108.4957945, 11.8784172 ], [ 108.4958253, 11.8783706 ], [ 108.4958493, 11.8783203 ], [ 108.4958659, 11.8782672 ], [ 108.495875, 11.8782125 ], [ 108.4958761, 11.8781534 ], [ 108.4958683, 11.8780948 ], [ 108.4958519, 11.8780379 ], [ 108.4958271, 11.877984 ], [ 108.4957945, 11.8779342 ], [ 108.4957692, 11.8778617 ], [ 108.4957513, 11.8777871 ], [ 108.4957409, 11.8777111 ], [ 108.495738, 11.8776409 ], [ 108.4957416, 11.8775707 ], [ 108.4957516, 11.8775011 ], [ 108.4957597, 11.8773437 ], [ 108.4957545, 11.8773142 ], [ 108.4957427, 11.8772866 ], [ 108.4957248, 11.8772623 ], [ 108.4957001, 11.8772415 ], [ 108.4956711, 11.877227 ], [ 108.4956393, 11.8772198 ], [ 108.4956068, 11.8772203 ], [ 108.4954903, 11.877236 ], [ 108.495373, 11.8772439 ], [ 108.4952554, 11.8772439 ], [ 108.4951383, 11.877236 ], [ 108.4950221, 11.8772203 ], [ 108.4949138, 11.8772048 ], [ 108.4948048, 11.8771967 ], [ 108.4947149, 11.8771955 ], [ 108.4946251, 11.8771993 ], [ 108.4945722, 11.8771951 ], [ 108.4945205, 11.8771835 ], [ 108.4944749, 11.8771667 ], [ 108.494432, 11.8771442 ], [ 108.4943924, 11.8771164 ], [ 108.4943569, 11.8770838 ], [ 108.4942549, 11.8769854 ], [ 108.4942296, 11.8769535 ], [ 108.4942093, 11.8769184 ], [ 108.4941955, 11.8768838 ], [ 108.4941865, 11.8768476 ], [ 108.4941662, 11.8767963 ], [ 108.4941396, 11.8767478 ], [ 108.4941031, 11.8766978 ], [ 108.4940599, 11.876653 ], [ 108.494011, 11.8766143 ], [ 108.4939572, 11.8765825 ], [ 108.4937856, 11.8764617 ], [ 108.4937594, 11.8764423 ], [ 108.4937378, 11.8764182 ], [ 108.4937216, 11.8763903 ], [ 108.4937115, 11.8763597 ], [ 108.4937078, 11.8763279 ], [ 108.4937112, 11.8762935 ], [ 108.4937221, 11.8762606 ], [ 108.49374, 11.8762309 ], [ 108.4937641, 11.8762056 ], [ 108.4937931, 11.876186 ], [ 108.4938258, 11.876173 ], [ 108.494094, 11.8761257 ], [ 108.4945527, 11.8760286 ], [ 108.49461, 11.8760081 ], [ 108.4946647, 11.8759818 ], [ 108.4947163, 11.8759499 ], [ 108.4947559, 11.8759198 ], [ 108.4947926, 11.8758865 ], [ 108.4948263, 11.8758501 ], [ 108.4948492, 11.8758014 ], [ 108.4948665, 11.8757504 ], [ 108.494879, 11.8756899 ], [ 108.4948835, 11.8756283 ], [ 108.4948799, 11.8755667 ], [ 108.494879, 11.8754249 ], [ 108.4948853, 11.8752832 ], [ 108.494898, 11.8751463 ], [ 108.4949174, 11.8750102 ], [ 108.4949268, 11.8749177 ], [ 108.4949286, 11.8748248 ], [ 108.4949228, 11.874732 ], [ 108.4949099, 11.8746423 ], [ 108.4948898, 11.8745538 ], [ 108.4948628, 11.8744672 ], [ 108.4948289, 11.8743829 ], [ 108.4948013, 11.8743128 ], [ 108.4947789, 11.8742409 ], [ 108.4947619, 11.8741676 ], [ 108.4947498, 11.8740888 ], [ 108.494744, 11.8740092 ], [ 108.4947444, 11.8739295 ], [ 108.4947512, 11.87385 ], [ 108.4947914, 11.8736164 ], [ 108.4948104, 11.873563 ], [ 108.4948355, 11.873512 ], [ 108.4948665, 11.8734642 ], [ 108.4949047, 11.8734183 ], [ 108.4949482, 11.8733772 ], [ 108.4949965, 11.8733416 ], [ 108.4950489, 11.873312 ], [ 108.495182, 11.8732219 ], [ 108.4953126, 11.8731282 ], [ 108.4954405, 11.8730311 ], [ 108.4955668, 11.8729295 ], [ 108.4956903, 11.8728245 ], [ 108.4958106, 11.8727161 ], [ 108.4958505, 11.8726638 ], [ 108.4958851, 11.872608 ], [ 108.4959139, 11.8725491 ], [ 108.4959367, 11.8724878 ], [ 108.4959538, 11.8724222 ], [ 108.495964, 11.8723552 ], [ 108.4959672, 11.8722876 ], [ 108.4959635, 11.87222 ], [ 108.4959555, 11.8718184 ], [ 108.4959233, 11.8714877 ], [ 108.4955746, 11.8712672 ], [ 108.4955147, 11.8712182 ], [ 108.4954588, 11.8711649 ], [ 108.4954071, 11.8711077 ], [ 108.49536, 11.8710467 ], [ 108.4953121, 11.8709731 ], [ 108.495271, 11.8708956 ], [ 108.4952368, 11.870815 ], [ 108.4952098, 11.8707317 ], [ 108.4949094, 11.8698183 ], [ 108.4948476, 11.8696702 ], [ 108.4947807, 11.8695243 ], [ 108.4947103, 11.8693836 ], [ 108.4946351, 11.8692454 ], [ 108.4945553, 11.8691096 ], [ 108.4941262, 11.8683379 ], [ 108.494017, 11.8681677 ], [ 108.4939009, 11.8680019 ], [ 108.4938031, 11.8678727 ], [ 108.4937012, 11.8677467 ], [ 108.4935951, 11.8676239 ], [ 108.4929196, 11.8669706 ], [ 108.4928407, 11.8668881 ], [ 108.492769, 11.8667997 ], [ 108.4927188, 11.8667277 ], [ 108.4926734, 11.8666527 ], [ 108.4926328, 11.8665751 ], [ 108.4925973, 11.8664952 ], [ 108.492431, 11.8659702 ], [ 108.4921709, 11.8648284 ], [ 108.492136, 11.864705 ], [ 108.4920989, 11.8645884 ], [ 108.4920435, 11.8644924 ], [ 108.4919875, 11.8644223 ], [ 108.4918816, 11.8643179 ], [ 108.4917773, 11.8642401 ], [ 108.4916688, 11.8641678 ], [ 108.4915567, 11.8641013 ], [ 108.4914344, 11.8640375 ], [ 108.4913086, 11.8639806 ], [ 108.4911798, 11.8639307 ], [ 108.4911139, 11.8639105 ], [ 108.491047, 11.8638939 ], [ 108.4910031, 11.8638851 ], [ 108.4909583, 11.8638826 ], [ 108.4909136, 11.8638864 ], [ 108.49087, 11.8638965 ], [ 108.4908418, 11.8639068 ], [ 108.4908147, 11.8639196 ], [ 108.4907627, 11.863949 ], [ 108.4907148, 11.8639844 ], [ 108.4906715, 11.8640252 ], [ 108.490642, 11.8640487 ], [ 108.4906087, 11.8640667 ], [ 108.4905726, 11.8640785 ], [ 108.4905349, 11.8640837 ], [ 108.4904969, 11.8640821 ], [ 108.4904597, 11.8640739 ], [ 108.4904247, 11.8640593 ], [ 108.4904043, 11.864047 ], [ 108.4903854, 11.8640324 ], [ 108.4903421, 11.8640121 ], [ 108.490296, 11.8639989 ], [ 108.4902689, 11.8639947 ], [ 108.4902415, 11.863993 ], [ 108.4901885, 11.8639789 ], [ 108.4901383, 11.8639571 ], [ 108.4900922, 11.863928 ], [ 108.4900671, 11.8639076 ], [ 108.4900441, 11.8638851 ], [ 108.4899919, 11.8638469 ], [ 108.4899363, 11.8638139 ], [ 108.4898776, 11.8637863 ], [ 108.4898047, 11.863761 ], [ 108.4897293, 11.863744 ], [ 108.4895825, 11.8636971 ], [ 108.4893821, 11.8636243 ], [ 108.4891802, 11.8635553 ], [ 108.4889823, 11.8634918 ], [ 108.4887832, 11.8634319 ], [ 108.4886919, 11.8634048 ], [ 108.4886024, 11.8633723 ], [ 108.488515, 11.8633348 ], [ 108.4884543, 11.8633051 ], [ 108.4883968, 11.8632696 ], [ 108.4883432, 11.8632288 ], [ 108.4882939, 11.863183 ], [ 108.4882495, 11.8631327 ], [ 108.4882108, 11.8630791 ], [ 108.4881776, 11.863022 ], [ 108.4881502, 11.8629621 ], [ 108.488086, 11.8628445 ], [ 108.4880188, 11.8627285 ], [ 108.4879437, 11.8626062 ], [ 108.487874, 11.862481 ], [ 108.4878096, 11.8623531 ], [ 108.4877454, 11.86221 ], [ 108.4876729, 11.8620707 ], [ 108.4875923, 11.8619357 ], [ 108.4875157, 11.8618219 ], [ 108.4874328, 11.8617125 ], [ 108.4873438, 11.8616077 ], [ 108.487249, 11.8615079 ], [ 108.4871617, 11.861425 ], [ 108.4870714, 11.8613454 ], [ 108.4869781, 11.861269 ], [ 108.4868718, 11.8611886 ], [ 108.4867716, 11.861101 ], [ 108.4867301, 11.8610609 ], [ 108.4866844, 11.8610255 ], [ 108.486635, 11.8609952 ], [ 108.4865825, 11.8609704 ], [ 108.4865275, 11.8609514 ], [ 108.4864886, 11.8609418 ], [ 108.486449, 11.8609351 ], [ 108.486372, 11.8609132 ], [ 108.4862968, 11.8608858 ], [ 108.4862377, 11.8608597 ], [ 108.486176, 11.8608401 ], [ 108.4861125, 11.8608273 ], [ 108.4860479, 11.8608215 ], [ 108.485983, 11.8608228 ], [ 108.4859087, 11.8608329 ], [ 108.4858353, 11.8608478 ], [ 108.4857631, 11.8608674 ], [ 108.4857193, 11.8608818 ], [ 108.4856737, 11.8608891 ], [ 108.4856275, 11.8608892 ], [ 108.4855819, 11.8608821 ], [ 108.485538, 11.8608679 ], [ 108.485497, 11.8608471 ], [ 108.48546, 11.8608201 ], [ 108.4854289, 11.860789 ], [ 108.485403, 11.8607535 ], [ 108.4853403, 11.8606921 ], [ 108.4852722, 11.8606364 ], [ 108.4852212, 11.8606007 ], [ 108.485168, 11.8605682 ], [ 108.4850603, 11.8605051 ], [ 108.4849934, 11.8604694 ], [ 108.484931, 11.8604266 ], [ 108.484874, 11.8603771 ], [ 108.484823, 11.8603217 ], [ 108.4847787, 11.860261 ], [ 108.4847519, 11.8602157 ], [ 108.4847289, 11.8601685 ], [ 108.4846768, 11.8600773 ], [ 108.4846172, 11.8599793 ], [ 108.4845641, 11.8598778 ], [ 108.4845254, 11.8597918 ], [ 108.4844837, 11.8597072 ], [ 108.4844432, 11.8596318 ], [ 108.4844005, 11.8595575 ], [ 108.4843677, 11.8595036 ], [ 108.4843283, 11.8594541 ], [ 108.484283, 11.8594097 ], [ 108.4842325, 11.8593711 ], [ 108.4841775, 11.8593388 ], [ 108.4841189, 11.8593134 ], [ 108.4840698, 11.8592983 ], [ 108.4840194, 11.8592879 ], [ 108.483922, 11.8592557 ], [ 108.4838272, 11.8592169 ], [ 108.4837353, 11.8591717 ], [ 108.4836512, 11.859123 ], [ 108.4835634, 11.8590809 ], [ 108.4834725, 11.8590457 ], [ 108.4834172, 11.8590281 ], [ 108.4833611, 11.859013 ], [ 108.4832525, 11.8589722 ], [ 108.4831619, 11.8589306 ], [ 108.4830734, 11.8588851 ], [ 108.482987, 11.8588357 ], [ 108.4829054, 11.858784 ], [ 108.4828262, 11.8587289 ], [ 108.4826705, 11.8586152 ], [ 108.4825587, 11.8585266 ], [ 108.4824433, 11.8584425 ], [ 108.4823245, 11.8583632 ], [ 108.4821974, 11.8582857 ], [ 108.482067, 11.8582136 ], [ 108.481972, 11.858157 ], [ 108.4818739, 11.8581059 ], [ 108.4817874, 11.8580665 ], [ 108.4817041, 11.8580209 ], [ 108.4816244, 11.8579694 ], [ 108.4815806, 11.8579374 ], [ 108.481534, 11.8579093 ], [ 108.4814849, 11.8578854 ], [ 108.4814409, 11.8578683 ], [ 108.4813947, 11.8578581 ], [ 108.4813475, 11.8578548 ], [ 108.4813003, 11.8578587 ], [ 108.4812543, 11.8578697 ], [ 108.481227, 11.8578798 ], [ 108.4812008, 11.8578924 ], [ 108.4811443, 11.8579064 ], [ 108.4811191, 11.8579097 ], [ 108.4810939, 11.8579061 ], [ 108.4810707, 11.8578958 ], [ 108.4810513, 11.8578798 ], [ 108.481037, 11.8578592 ], [ 108.4810297, 11.8578384 ], [ 108.4810277, 11.8578164 ], [ 108.4810129, 11.8577752 ], [ 108.4809981, 11.8577451 ], [ 108.4809889, 11.857713 ], [ 108.4809858, 11.8576798 ], [ 108.4809887, 11.8576466 ], [ 108.4810002, 11.8576081 ], [ 108.4810037, 11.8575681 ], [ 108.4809993, 11.8575283 ], [ 108.480987, 11.8574901 ], [ 108.4809673, 11.8574549 ], [ 108.4809446, 11.8574278 ], [ 108.4809175, 11.8574048 ], [ 108.4808868, 11.8573867 ], [ 108.4808394, 11.8573412 ], [ 108.4807903, 11.8572974 ], [ 108.4807621, 11.8572738 ], [ 108.4807295, 11.8572565 ], [ 108.480694, 11.8572463 ], [ 108.480657, 11.8572436 ], [ 108.4806203, 11.8572485 ], [ 108.4805854, 11.8572608 ], [ 108.480554, 11.8572801 ], [ 108.4805274, 11.8573053 ], [ 108.4805095, 11.8573305 ], [ 108.4804965, 11.8573584 ], [ 108.4804684, 11.8574129 ], [ 108.4804301, 11.8575004 ], [ 108.4803988, 11.8575905 ], [ 108.4803209, 11.8577647 ], [ 108.4802372, 11.8579305 ], [ 108.4801465, 11.8580928 ], [ 108.4801319, 11.8581175 ], [ 108.480112, 11.8581384 ], [ 108.4800879, 11.8581545 ], [ 108.4800607, 11.8581649 ], [ 108.4800318, 11.8581691 ], [ 108.4800027, 11.8581669 ], [ 108.4799749, 11.8581584 ], [ 108.4799488, 11.8581435 ], [ 108.4799269, 11.8581231 ], [ 108.4798837, 11.8580823 ], [ 108.4798426, 11.8580322 ], [ 108.4798086, 11.8579773 ], [ 108.4797632, 11.8579084 ], [ 108.4797404, 11.857874 ], [ 108.4797201, 11.8578382 ], [ 108.4796908, 11.8577731 ], [ 108.4796696, 11.8577052 ], [ 108.4796567, 11.8576353 ], [ 108.4796523, 11.8575643 ], [ 108.4796564, 11.8574934 ], [ 108.4796691, 11.8574234 ], [ 108.4796804, 11.8573358 ], [ 108.4796852, 11.8572476 ], [ 108.479682, 11.8571186 ], [ 108.4796851, 11.8570271 ], [ 108.4872463, 11.8557382 ], [ 108.4874372, 11.8557006 ], [ 108.4876111, 11.8556621 ], [ 108.4878182, 11.8556112 ], [ 108.4880239, 11.8555552 ], [ 108.488228, 11.8554941 ], [ 108.4883926, 11.8554386 ], [ 108.4885554, 11.8553783 ], [ 108.4886366, 11.8553475 ], [ 108.4887162, 11.8553129 ], [ 108.4888077, 11.8552673 ], [ 108.4888963, 11.8552165 ], [ 108.4889372, 11.8551859 ], [ 108.4889817, 11.8551607 ], [ 108.4890318, 11.8551403 ], [ 108.4890842, 11.8551267 ], [ 108.489138, 11.85512 ], [ 108.4891923, 11.8551204 ], [ 108.489246, 11.8551279 ], [ 108.4892982, 11.8551423 ], [ 108.4976158, 11.847997 ], [ 108.4978256, 11.8479417 ], [ 108.4980369, 11.847892 ], [ 108.4981548, 11.8478668 ], [ 108.4982705, 11.847833 ], [ 108.4983833, 11.8477907 ], [ 108.4984924, 11.8477403 ], [ 108.4985974, 11.847682 ], [ 108.4986697, 11.8476355 ], [ 108.4987372, 11.8475825 ], [ 108.4987991, 11.8475235 ], [ 108.4988549, 11.8474588 ], [ 108.4988851, 11.8474179 ], [ 108.4989129, 11.8473754 ], [ 108.4989772, 11.8472966 ], [ 108.4990474, 11.8472227 ], [ 108.4991232, 11.8471543 ], [ 108.4992027, 11.8470928 ], [ 108.4992841, 11.8470336 ], [ 108.4994007, 11.8469551 ], [ 108.4995205, 11.8468816 ], [ 108.4996435, 11.8468131 ], [ 108.4997453, 11.8467522 ], [ 108.49985, 11.8466962 ], [ 108.4999573, 11.8466451 ], [ 108.5000703, 11.8465977 ], [ 108.5001795, 11.8465424 ], [ 108.5002841, 11.8464793 ], [ 108.5003838, 11.8464088 ], [ 108.5004622, 11.8463451 ], [ 108.5005445, 11.8462864 ], [ 108.5006306, 11.8462329 ], [ 108.500708, 11.8461909 ], [ 108.5007877, 11.8461531 ], [ 108.5009416, 11.8460673 ], [ 108.5010919, 11.8459757 ], [ 108.501181, 11.8459175 ], [ 108.5012732, 11.845864 ], [ 108.5013682, 11.8458155 ], [ 108.5014948, 11.8457603 ], [ 108.5016203, 11.8457027 ], [ 108.5016943, 11.8456672 ], [ 108.5017642, 11.8456245 ], [ 108.5018292, 11.8455749 ], [ 108.5018885, 11.8455189 ], [ 108.5019238, 11.8454794 ], [ 108.5019562, 11.8454377 ], [ 108.5020189, 11.8453527 ], [ 108.5020763, 11.8452643 ], [ 108.5021105, 11.8452053 ], [ 108.5021424, 11.8451451 ], [ 108.502216, 11.8450303 ], [ 108.5022969, 11.8449202 ], [ 108.5023847, 11.8448154 ], [ 108.5024686, 11.8447266 ], [ 108.5025572, 11.8446423 ], [ 108.5026502, 11.8445628 ], [ 108.5027475, 11.8444883 ], [ 108.5028487, 11.844419 ], [ 108.5029596, 11.8443517 ], [ 108.503074, 11.8442904 ], [ 108.5031555, 11.8442515 ], [ 108.503235, 11.844209 ], [ 108.5033262, 11.8441543 ], [ 108.5034201, 11.844104 ], [ 108.5035132, 11.8440594 ], [ 108.5036098, 11.8440224 ], [ 108.5037092, 11.8439933 ], [ 108.5038107, 11.8439723 ], [ 108.5039136, 11.8439596 ], [ 108.5040085, 11.8439552 ], [ 108.5041034, 11.8439579 ], [ 108.5041979, 11.8439675 ], [ 108.504298, 11.8439725 ], [ 108.5043974, 11.8439847 ], [ 108.5044957, 11.8440041 ], [ 108.5045922, 11.8440305 ], [ 108.5046538, 11.8440514 ], [ 108.5047176, 11.8440644 ], [ 108.5047826, 11.8440695 ], [ 108.5048477, 11.8440664 ], [ 108.5049119, 11.8440554 ], [ 108.5049741, 11.8440364 ], [ 108.5050334, 11.8440099 ], [ 108.5050888, 11.8439762 ], [ 108.5051393, 11.843936 ], [ 108.5051643, 11.8439118 ], [ 108.5051875, 11.843886 ], [ 108.5052293, 11.8438308 ], [ 108.5052641, 11.8437712 ], [ 108.5052915, 11.8437079 ], [ 108.505311, 11.843642 ], [ 108.5053213, 11.8435844 ], [ 108.5053255, 11.8435261 ], [ 108.5053336, 11.8434096 ], [ 108.5053351, 11.8432928 ], [ 108.5053321, 11.8432068 ], [ 108.5053214, 11.8431215 ], [ 108.505303, 11.8430373 ], [ 108.5052771, 11.8429551 ], [ 108.505244, 11.8428754 ], [ 108.5052054, 11.8428018 ], [ 108.5051606, 11.8427316 ], [ 108.5051098, 11.8426654 ], [ 108.5050654, 11.842597 ], [ 108.5050283, 11.8425245 ], [ 108.504999, 11.8424486 ], [ 108.5049778, 11.8423702 ], [ 108.504965, 11.84229 ], [ 108.5049613, 11.8422392 ], [ 108.5049609, 11.8421883 ], [ 108.504964, 11.8420865 ], [ 108.5049744, 11.8419852 ], [ 108.5049919, 11.8418848 ], [ 108.5050166, 11.8417859 ], [ 108.5050482, 11.8416889 ], [ 108.5050804, 11.8416081 ], [ 108.5051175, 11.8415294 ], [ 108.5051594, 11.841453 ], [ 108.5052627, 11.8412137 ], [ 108.5053276, 11.8410516 ], [ 108.5053888, 11.8408882 ], [ 108.5054758, 11.8406757 ], [ 108.5055551, 11.8404603 ], [ 108.5055808, 11.8403849 ], [ 108.505601, 11.8403078 ], [ 108.5056157, 11.8402296 ], [ 108.5056248, 11.8401505 ], [ 108.5056283, 11.840062 ], [ 108.5056247, 11.8399734 ], [ 108.5056116, 11.8398369 ], [ 108.5055892, 11.8397014 ], [ 108.5055685, 11.839573 ], [ 108.5055551, 11.8394119 ], [ 108.5055596, 11.839256 ], [ 108.5055711, 11.8391005 ], [ 108.5055866, 11.8389685 ], [ 108.5056072, 11.8388372 ], [ 108.5056329, 11.8387067 ], [ 108.5050119, 11.8380954 ], [ 108.5042944, 11.8374183 ], [ 108.5040819, 11.8372172 ], [ 108.5038634, 11.8370223 ], [ 108.5036392, 11.8368338 ], [ 108.5034093, 11.8366519 ], [ 108.5031636, 11.8364691 ], [ 108.5029123, 11.8362938 ], [ 108.5026556, 11.8361262 ], [ 108.502197, 11.8358413 ], [ 108.5019153, 11.8356799 ], [ 108.5015764, 11.8354371 ], [ 108.5011506, 11.8350951 ], [ 108.500572, 11.8341179 ], [ 108.5000462, 11.8335194 ], [ 108.4996573, 11.8337057 ], [ 108.4992818, 11.8336769 ], [ 108.4984611, 11.8335299 ], [ 108.4972541, 11.8333724 ], [ 108.4973238, 11.8327738 ], [ 108.4973301, 11.8326931 ], [ 108.4973289, 11.8326122 ], [ 108.4973203, 11.8325318 ], [ 108.4973042, 11.8324524 ], [ 108.4972809, 11.8323748 ], [ 108.4972515, 11.8323018 ], [ 108.4972156, 11.8322316 ], [ 108.4971736, 11.8321648 ], [ 108.4971083, 11.8320996 ], [ 108.4970383, 11.8320394 ], [ 108.4969639, 11.8319845 ], [ 108.4968854, 11.8319352 ], [ 108.4968034, 11.8318917 ], [ 108.4967026, 11.8318483 ], [ 108.4965983, 11.8318137 ], [ 108.4964912, 11.8317883 ], [ 108.4963823, 11.8317723 ], [ 108.4962724, 11.8317657 ], [ 108.4950171, 11.8316817 ], [ 108.4947113, 11.8314717 ], [ 108.4944592, 11.8312092 ], [ 108.494191, 11.8307445 ], [ 108.4941392, 11.8306524 ], [ 108.4940917, 11.8305581 ], [ 108.4940394, 11.8304398 ], [ 108.4939938, 11.830319 ], [ 108.4939549, 11.8301958 ], [ 108.4937967, 11.8296839 ], [ 108.4937738, 11.8296168 ], [ 108.4937433, 11.8295526 ], [ 108.4937055, 11.8294923 ], [ 108.4936591, 11.8294346 ], [ 108.4936061, 11.8293827 ], [ 108.4935472, 11.8293374 ], [ 108.4928257, 11.8288753 ], [ 108.492765, 11.8288472 ], [ 108.492702, 11.8288246 ], [ 108.4926371, 11.8288077 ], [ 108.4925709, 11.8287966 ], [ 108.4924884, 11.828791 ], [ 108.4924058, 11.8287946 ], [ 108.4923242, 11.8288071 ], [ 108.4918682, 11.828899 ], [ 108.4917602, 11.8289162 ], [ 108.4916513, 11.8289267 ], [ 108.491542, 11.8289304 ], [ 108.4914326, 11.8289273 ], [ 108.4913237, 11.8289173 ], [ 108.4912038, 11.8288983 ], [ 108.4910857, 11.8288711 ], [ 108.4909697, 11.8288358 ], [ 108.4908567, 11.8287925 ], [ 108.490747, 11.8287414 ], [ 108.4904654, 11.8286758 ], [ 108.4904704, 11.8281497 ], [ 108.490463, 11.8280532 ], [ 108.4904468, 11.8279577 ], [ 108.4904217, 11.827864 ], [ 108.4903881, 11.827773 ], [ 108.4903462, 11.8276853 ], [ 108.4902964, 11.8276017 ], [ 108.4902432, 11.827528 ], [ 108.4901838, 11.827459 ], [ 108.4901186, 11.8273952 ], [ 108.4900482, 11.8273369 ], [ 108.4882354, 11.8262635 ], [ 108.4881511, 11.8262183 ], [ 108.4880694, 11.8261687 ], [ 108.4879907, 11.8261148 ], [ 108.4878986, 11.8260435 ], [ 108.4878116, 11.8259662 ], [ 108.4874975, 11.8256747 ], [ 108.4872372, 11.8251357 ], [ 108.4874968, 11.8250709 ], [ 108.48765, 11.8250252 ], [ 108.4877987, 11.8249342 ], [ 108.4893304, 11.8237744 ], [ 108.4895503, 11.8234804 ], [ 108.490355, 11.8230498 ], [ 108.4904009, 11.8230847 ], [ 108.4905035, 11.8231375 ], [ 108.4905589, 11.8231549 ], [ 108.490673, 11.8231702 ], [ 108.4907877, 11.8231595 ], [ 108.4908433, 11.8231445 ], [ 108.4910539, 11.8230528 ], [ 108.4913582, 11.8228923 ], [ 108.4915217, 11.8227918 ], [ 108.4916802, 11.8226837 ], [ 108.4918332, 11.8225684 ], [ 108.4919804, 11.822446 ], [ 108.4922782, 11.8222412 ], [ 108.4924323, 11.8221625 ], [ 108.4925142, 11.8221337 ], [ 108.4926844, 11.8220986 ], [ 108.4928582, 11.8220941 ], [ 108.4930374, 11.8221223 ], [ 108.4931278, 11.82215 ], [ 108.4932149, 11.8221863 ], [ 108.4932979, 11.8222309 ], [ 108.4933761, 11.8222832 ], [ 108.4934486, 11.8223429 ], [ 108.4935147, 11.8224093 ], [ 108.4937909, 11.8228083 ], [ 108.4937832, 11.8226763 ], [ 108.4938045, 11.8225456 ], [ 108.4938542, 11.8224218 ], [ 108.4939304, 11.8223108 ], [ 108.4939773, 11.822262 ], [ 108.494086, 11.8221809 ], [ 108.4951023, 11.8216088 ], [ 108.4952528, 11.8214957 ], [ 108.4953225, 11.8214326 ], [ 108.4954528, 11.8212904 ], [ 108.4955108, 11.8212136 ], [ 108.4957838, 11.8208131 ], [ 108.4961057, 11.8203773 ], [ 108.4961658, 11.8202723 ], [ 108.4962626, 11.8200512 ], [ 108.4962988, 11.8199362 ], [ 108.4963421, 11.819727 ], [ 108.4963537, 11.8196208 ], [ 108.4963561, 11.8194073 ], [ 108.4963056, 11.8190069 ], [ 108.496319, 11.8189136 ], [ 108.4963541, 11.8188263 ], [ 108.4963793, 11.8187863 ], [ 108.4970176, 11.818088 ], [ 108.4974682, 11.8176469 ], [ 108.4975518, 11.8174608 ], [ 108.4975813, 11.8173632 ], [ 108.4976139, 11.8171724 ], [ 108.4976157, 11.8169886 ], [ 108.4976058, 11.8168972 ], [ 108.4975331, 11.8165562 ], [ 108.4975149, 11.8165241 ], [ 108.4974655, 11.8164798 ], [ 108.4974095, 11.8164598 ], [ 108.4973797, 11.8164576 ], [ 108.4966341, 11.8163684 ], [ 108.5020173, 11.8144019 ], [ 108.5022152, 11.8142425 ], [ 108.5026251, 11.8139413 ], [ 108.5030526, 11.8136645 ], [ 108.5032725, 11.8135356 ], [ 108.5037135, 11.8133021 ], [ 108.503939, 11.8131949 ], [ 108.5049665, 11.812755 ], [ 108.5050588, 11.8126863 ], [ 108.5050969, 11.8126433 ], [ 108.5051506, 11.8125511 ], [ 108.505167, 11.8125043 ], [ 108.5051823, 11.8124066 ], [ 108.505177, 11.8122452 ], [ 108.5051488, 11.8120813 ], [ 108.5050964, 11.8119183 ], [ 108.5048819, 11.811577 ], [ 108.5048608, 11.8115171 ], [ 108.5048336, 11.8113932 ], [ 108.5048271, 11.8113224 ], [ 108.5048336, 11.8111806 ], [ 108.518908, 11.8147499 ], [ 108.5191458, 11.8147933 ], [ 108.5193872, 11.8148063 ], [ 108.5195199, 11.8148003 ], [ 108.5196518, 11.8147852 ], [ 108.5197823, 11.8147609 ], [ 108.5199107, 11.8147276 ], [ 108.5201814, 11.8146398 ], [ 108.5204762, 11.8145647 ], [ 108.5207579, 11.8145143 ], [ 108.5210605, 11.8144787 ], [ 108.5211387, 11.8144585 ], [ 108.5212871, 11.8143962 ], [ 108.521356, 11.8143547 ], [ 108.5214775, 11.8142553 ], [ 108.5215775, 11.8141352 ], [ 108.5216523, 11.8139986 ], [ 108.5216993, 11.8138506 ], [ 108.5217704, 11.8132048 ], [ 108.5218656, 11.8126272 ], [ 108.5220212, 11.8114667 ], [ 108.5220456, 11.8113815 ], [ 108.5221156, 11.8112183 ], [ 108.5221607, 11.8111415 ], [ 108.5222694, 11.8110001 ], [ 108.5224084, 11.8108717 ], [ 108.5224902, 11.8108142 ], [ 108.5225771, 11.8107642 ], [ 108.522763, 11.8106887 ], [ 108.5228605, 11.8106637 ], [ 108.5234749, 11.8105373 ], [ 108.523679, 11.8104753 ], [ 108.5240789, 11.8103281 ], [ 108.5244738, 11.8101472 ], [ 108.5246693, 11.8100433 ], [ 108.5248604, 11.8099317 ], [ 108.5252186, 11.8096989 ], [ 108.5253096, 11.80965 ], [ 108.5255319, 11.809558 ], [ 108.5256475, 11.8095239 ], [ 108.5257613, 11.8095039 ], [ 108.5258851, 11.8095092 ], [ 108.5263867, 11.809638 ], [ 108.5267358, 11.8097587 ], [ 108.5268986, 11.809827 ], [ 108.5271013, 11.8099252 ], [ 108.5271947, 11.8099543 ], [ 108.5273003, 11.8099582 ], [ 108.5273563, 11.8099484 ], [ 108.5275456, 11.8098898 ], [ 108.5278144, 11.8098343 ], [ 108.5279466, 11.8098185 ], [ 108.5282128, 11.809809 ], [ 108.5285375, 11.809825 ], [ 108.5287286, 11.8098426 ], [ 108.5291076, 11.809902 ], [ 108.5293058, 11.8099463 ], [ 108.5295018, 11.8099994 ], [ 108.5296951, 11.8100612 ], [ 108.5298853, 11.8101315 ], [ 108.529959, 11.8101486 ], [ 108.5300343, 11.8101567 ], [ 108.5301512, 11.8101508 ], [ 108.5304701, 11.8100963 ], [ 108.5308228, 11.809902 ], [ 108.5309234, 11.8098272 ], [ 108.5309726, 11.80978 ], [ 108.5312426, 11.8094688 ], [ 108.5312799, 11.809445 ], [ 108.5313626, 11.8094146 ], [ 108.5315913, 11.8094007 ], [ 108.531653, 11.8093822 ], [ 108.5317169, 11.8093366 ], [ 108.5317415, 11.809306 ], [ 108.5318863, 11.8091721 ], [ 108.5325515, 11.80871 ], [ 108.5335539, 11.8083979 ], [ 108.533749, 11.8083303 ], [ 108.5341349, 11.8081706 ], [ 108.5343249, 11.8080784 ], [ 108.5345109, 11.8079789 ], [ 108.5346041, 11.8081609 ], [ 108.5346517, 11.8082716 ], [ 108.5347004, 11.8083676 ], [ 108.5347547, 11.8084606 ], [ 108.5348146, 11.8085504 ], [ 108.5348797, 11.8086365 ], [ 108.535333, 11.8092876 ], [ 108.53562, 11.8101435 ], [ 108.5355913, 11.810244 ], [ 108.5355715, 11.8103465 ], [ 108.5355608, 11.8104503 ], [ 108.5355593, 11.8105546 ], [ 108.5355669, 11.8106586 ], [ 108.5355836, 11.8107617 ], [ 108.5356092, 11.8108629 ], [ 108.5356429, 11.8109595 ], [ 108.5356846, 11.811053 ], [ 108.5357343, 11.8111428 ], [ 108.5357915, 11.8112281 ], [ 108.5358558, 11.8113085 ], [ 108.5359268, 11.8113832 ], [ 108.5360039, 11.8114519 ], [ 108.5360867, 11.811514 ], [ 108.5373151, 11.8126429 ], [ 108.5374253, 11.8127452 ], [ 108.5375297, 11.812853 ], [ 108.5376209, 11.8129573 ], [ 108.5377068, 11.8130659 ], [ 108.5377872, 11.8131785 ], [ 108.5379481, 11.8134201 ], [ 108.5383907, 11.8139162 ], [ 108.5384711, 11.8139857 ], [ 108.5385562, 11.8140497 ], [ 108.5386455, 11.8141079 ], [ 108.5387522, 11.814167 ], [ 108.5388633, 11.8142179 ], [ 108.5389781, 11.8142602 ], [ 108.5399651, 11.8145437 ], [ 108.5412633, 11.8150583 ], [ 108.5422933, 11.8154364 ], [ 108.5423755, 11.8154778 ], [ 108.542454, 11.8155256 ], [ 108.5425284, 11.8155792 ], [ 108.5425983, 11.8156385 ], [ 108.5426631, 11.815703 ], [ 108.5427225, 11.8157724 ], [ 108.5427796, 11.8158515 ], [ 108.5428296, 11.8159351 ], [ 108.5428722, 11.8160226 ], [ 108.5429071, 11.8161132 ], [ 108.542934, 11.8162065 ], [ 108.5429526, 11.8163016 ], [ 108.542963, 11.816398 ], [ 108.542965, 11.8164948 ], [ 108.5429585, 11.8165915 ], [ 108.5429478, 11.8170221 ], [ 108.5429456, 11.8170807 ], [ 108.5429367, 11.8171387 ], [ 108.5429209, 11.8171953 ], [ 108.5428961, 11.8172552 ], [ 108.5428637, 11.8173115 ], [ 108.5428244, 11.8173634 ], [ 108.5427829, 11.817433 ], [ 108.5427496, 11.8175067 ], [ 108.5427249, 11.8175836 ], [ 108.542709, 11.8176627 ], [ 108.5427024, 11.8177379 ], [ 108.5427038, 11.8178134 ], [ 108.5427132, 11.8178884 ], [ 108.5427305, 11.8179619 ], [ 108.542744, 11.8180094 ], [ 108.5427517, 11.818058 ], [ 108.5427534, 11.8181072 ], [ 108.5427493, 11.8181562 ], [ 108.5427385, 11.8182074 ], [ 108.5427212, 11.8182568 ], [ 108.5426978, 11.8183038 ], [ 108.5426685, 11.8183475 ], [ 108.5426339, 11.8183873 ], [ 108.5422826, 11.8187706 ], [ 108.5422504, 11.8196159 ], [ 108.5422542, 11.8197583 ], [ 108.5422667, 11.8199003 ], [ 108.5422879, 11.8200412 ], [ 108.5423098, 11.8201474 ], [ 108.5423367, 11.8202525 ], [ 108.5423684, 11.8203563 ], [ 108.5423871, 11.8203882 ], [ 108.5424108, 11.8204168 ], [ 108.5424387, 11.8204414 ], [ 108.5424703, 11.8204613 ], [ 108.5425026, 11.8204753 ], [ 108.5425367, 11.8204845 ], [ 108.5425718, 11.8204886 ], [ 108.5426071, 11.8204875 ], [ 108.542996, 11.8204823 ], [ 108.5436183, 11.8205925 ], [ 108.5436694, 11.8206132 ], [ 108.5437171, 11.8206405 ], [ 108.5437605, 11.8206739 ], [ 108.5437946, 11.820708 ], [ 108.5438242, 11.8207458 ], [ 108.543849, 11.8207868 ], [ 108.5438946, 11.820885 ], [ 108.5439321, 11.8209863 ], [ 108.5439582, 11.8210774 ], [ 108.5439777, 11.8211701 ], [ 108.5439797, 11.8212176 ], [ 108.5439877, 11.8212646 ], [ 108.5440014, 11.8213102 ], [ 108.5440207, 11.8213539 ], [ 108.544046, 11.821396 ], [ 108.5440766, 11.8214347 ], [ 108.5441118, 11.8214694 ], [ 108.544158, 11.8215193 ], [ 108.5441977, 11.8215744 ], [ 108.544225, 11.8216231 ], [ 108.5442473, 11.8216743 ], [ 108.5442641, 11.8217273 ], [ 108.5442755, 11.8217818 ], [ 108.5443479, 11.8223515 ], [ 108.5443643, 11.8224344 ], [ 108.5443885, 11.8225155 ], [ 108.5444201, 11.8225941 ], [ 108.544459, 11.8226695 ], [ 108.5445048, 11.8227411 ], [ 108.5445571, 11.8228083 ], [ 108.5446123, 11.8228674 ], [ 108.5446725, 11.8229215 ], [ 108.5447373, 11.8229703 ], [ 108.5448061, 11.8230135 ], [ 108.5448786, 11.8230506 ], [ 108.5450155, 11.8230923 ], [ 108.5450751, 11.8231107 ], [ 108.5451318, 11.8231364 ], [ 108.5451847, 11.8231688 ], [ 108.545233, 11.8232076 ], [ 108.5452759, 11.823252 ], [ 108.545313, 11.8233017 ], [ 108.5453433, 11.8233556 ], [ 108.5453664, 11.8234129 ], [ 108.5453819, 11.8234726 ], [ 108.5453894, 11.8235337 ], [ 108.545389, 11.8235953 ], [ 108.5453735, 11.8239667 ], [ 108.5453458, 11.8240745 ], [ 108.5453249, 11.8241837 ], [ 108.5453107, 11.824294 ], [ 108.5453033, 11.8244049 ], [ 108.5453027, 11.8245161 ], [ 108.5453089, 11.824625 ], [ 108.5453216, 11.8247333 ], [ 108.5453408, 11.8248408 ], [ 108.5454291, 11.8251934 ], [ 108.5454449, 11.8256909 ], [ 108.5454472, 11.8257354 ], [ 108.5454555, 11.8257791 ], [ 108.5454699, 11.8258214 ], [ 108.5454899, 11.8258613 ], [ 108.5455153, 11.8258983 ], [ 108.5455508, 11.8259364 ], [ 108.5455919, 11.8259687 ], [ 108.5456377, 11.8259943 ], [ 108.545687, 11.8260125 ], [ 108.5459076, 11.8260781 ], [ 108.5464145, 11.8260855 ], [ 108.5464735, 11.826088 ], [ 108.5465315, 11.8260994 ], [ 108.5465869, 11.8261195 ], [ 108.5466378, 11.8261473 ], [ 108.5466837, 11.8261825 ], [ 108.5467236, 11.8262241 ], [ 108.5470163, 11.8265352 ], [ 108.5470869, 11.8265996 ], [ 108.5471602, 11.8266609 ], [ 108.5472445, 11.8267253 ], [ 108.5473318, 11.8267856 ], [ 108.5476255, 11.826972 ], [ 108.5476716, 11.8270199 ], [ 108.5477103, 11.8270736 ], [ 108.5477409, 11.8271322 ], [ 108.5477595, 11.8271827 ], [ 108.547772, 11.827235 ], [ 108.5477784, 11.8272884 ], [ 108.5477784, 11.8273422 ], [ 108.5477679, 11.8274371 ], [ 108.5477623, 11.8275325 ], [ 108.5477618, 11.8276284 ], [ 108.5477664, 11.8277242 ], [ 108.547772, 11.8277626 ], [ 108.5477845, 11.8277995 ], [ 108.5478032, 11.8278338 ], [ 108.5478298, 11.8278664 ], [ 108.5478622, 11.8278936 ], [ 108.5478991, 11.8279145 ], [ 108.5479987, 11.8279694 ], [ 108.5480936, 11.8280317 ], [ 108.5481834, 11.8281009 ], [ 108.5482612, 11.8281705 ], [ 108.5483336, 11.8282453 ], [ 108.5490485, 11.8290591 ], [ 108.5491165, 11.8291343 ], [ 108.5491772, 11.8292153 ], [ 108.5492284, 11.8292985 ], [ 108.5492717, 11.8293859 ], [ 108.549369, 11.8296419 ], [ 108.5494244, 11.829704 ], [ 108.5494751, 11.8297698 ], [ 108.5495209, 11.8298391 ], [ 108.5495614, 11.8299113 ], [ 108.5495942, 11.8299807 ], [ 108.5496222, 11.830052 ], [ 108.5496452, 11.8301249 ], [ 108.5498223, 11.8310622 ], [ 108.5765965, 11.8465899 ], [ 108.5766074, 11.8466494 ], [ 108.5766242, 11.8467075 ], [ 108.5766748, 11.8468175 ], [ 108.5767595, 11.8469301 ], [ 108.5768066, 11.8469776 ], [ 108.5769126, 11.8470598 ], [ 108.5770119, 11.8471083 ], [ 108.5771191, 11.847136 ], [ 108.5771741, 11.8471405 ], [ 108.5772836, 11.84713 ], [ 108.5773873, 11.847094 ], [ 108.5774687, 11.8470447 ], [ 108.5774919, 11.8470231 ], [ 108.5775165, 11.8469893 ], [ 108.5775328, 11.846951 ], [ 108.5775454, 11.846846 ], [ 108.5775328, 11.8467179 ], [ 108.577515, 11.8466558 ], [ 108.577458, 11.8465399 ], [ 108.5771845, 11.8461598 ], [ 108.5771179, 11.8460309 ], [ 108.577095, 11.8459599 ], [ 108.5770979, 11.8458747 ], [ 108.5771319, 11.8457964 ], [ 108.5771934, 11.8457362 ], [ 108.5772318, 11.8457158 ], [ 108.5773102, 11.8456954 ], [ 108.5773508, 11.8456943 ], [ 108.5774302, 11.8457105 ], [ 108.5774768, 11.8457299 ], [ 108.5775602, 11.8457854 ], [ 108.577626, 11.8458602 ], [ 108.5776629, 11.8459182 ], [ 108.5777497, 11.8461058 ], [ 108.5778375, 11.8462148 ], [ 108.5778913, 11.8462602 ], [ 108.5780898, 11.8463931 ], [ 108.5782875, 11.8465254 ], [ 108.5784227, 11.8465952 ], [ 108.5784941, 11.8466181 ], [ 108.578605, 11.8466386 ], [ 108.578691, 11.846635 ], [ 108.578738, 11.8466229 ], [ 108.5788239, 11.8465787 ], [ 108.5788606, 11.8465475 ], [ 108.5789645, 11.8464141 ], [ 108.5790254, 11.8463652 ], [ 108.5790993, 11.8463378 ], [ 108.5791388, 11.8463336 ], [ 108.5792171, 11.8463454 ], [ 108.5792868, 11.8463822 ], [ 108.5793427, 11.8464311 ], [ 108.579784, 11.8468639 ], [ 108.5798508, 11.8469687 ], [ 108.5798671, 11.8470658 ], [ 108.5798517, 11.847159 ], [ 108.5798086, 11.8472391 ], [ 108.5797421, 11.847302 ], [ 108.5796416, 11.8473666 ], [ 108.5795351, 11.8474669 ], [ 108.5793958, 11.8476546 ], [ 108.5793078, 11.8477889 ], [ 108.579914, 11.8486244 ], [ 108.5804021, 11.8492176 ], [ 108.5815769, 11.8498949 ], [ 108.5820973, 11.8497794 ], [ 108.5832828, 11.8496639 ], [ 108.5834062, 11.8499448 ], [ 108.5834733, 11.8501371 ], [ 108.5834917, 11.8502036 ], [ 108.5835033, 11.8502717 ], [ 108.5835079, 11.8503405 ], [ 108.5835054, 11.8504094 ], [ 108.5834942, 11.8504865 ], [ 108.5834742, 11.8505618 ], [ 108.5834456, 11.8506344 ], [ 108.5834089, 11.8507034 ], [ 108.5833448, 11.8508493 ], [ 108.5832884, 11.8509981 ], [ 108.5832399, 11.8511497 ], [ 108.5832062, 11.8512753 ], [ 108.583178, 11.8514022 ], [ 108.5831552, 11.8515302 ], [ 108.583138, 11.8516589 ], [ 108.5831365, 11.8517044 ], [ 108.5831405, 11.8517497 ], [ 108.58315, 11.8517943 ], [ 108.5831648, 11.8518374 ], [ 108.5831847, 11.8518786 ], [ 108.5832095, 11.8519172 ], [ 108.5832388, 11.8519526 ], [ 108.5832721, 11.8519844 ], [ 108.5840955, 11.8527562 ], [ 108.5839882, 11.8530712 ], [ 108.584007, 11.8533599 ], [ 108.5843262, 11.8534046 ], [ 108.5845944, 11.8533993 ], [ 108.5854071, 11.8529189 ], [ 108.5858256, 11.8524412 ], [ 108.5861447, 11.8523034 ], [ 108.5861696, 11.852288 ], [ 108.586193, 11.8522706 ], [ 108.5862199, 11.8522463 ], [ 108.586244, 11.8522194 ], [ 108.5862878, 11.852183 ], [ 108.5863352, 11.8521511 ], [ 108.5864005, 11.8521171 ], [ 108.5864697, 11.8520916 ], [ 108.5865417, 11.852075 ], [ 108.5869735, 11.8519844 ], [ 108.5874081, 11.8516957 ], [ 108.5877031, 11.8515802 ], [ 108.588438, 11.8511497 ], [ 108.5888457, 11.8510499 ], [ 108.5893741, 11.8510289 ], [ 108.5896611, 11.850958 ], [ 108.589755, 11.8514594 ], [ 108.5897623, 11.851538 ], [ 108.5897604, 11.8516169 ], [ 108.589752, 11.8516803 ], [ 108.5897377, 11.8517426 ], [ 108.5897174, 11.8518033 ], [ 108.5896835, 11.8519224 ], [ 108.5896573, 11.8520433 ], [ 108.5896391, 11.8521657 ], [ 108.5896289, 11.8522889 ], [ 108.5896266, 11.8523956 ], [ 108.5896303, 11.8525023 ], [ 108.5896401, 11.8526086 ], [ 108.5896558, 11.8527142 ], [ 108.5896885, 11.8528351 ], [ 108.5897136, 11.8529578 ], [ 108.5897309, 11.8530817 ], [ 108.5897406, 11.8532128 ], [ 108.5897416, 11.8533442 ], [ 108.5897438, 11.8534573 ], [ 108.5897537, 11.8535699 ], [ 108.5897696, 11.8536745 ], [ 108.5897922, 11.8537779 ], [ 108.5898211, 11.8538797 ], [ 108.5898564, 11.8539796 ], [ 108.5899124, 11.8541109 ], [ 108.5899761, 11.8542387 ], [ 108.5900474, 11.8543627 ], [ 108.590129, 11.854487 ], [ 108.5902181, 11.8546062 ], [ 108.5903144, 11.8547199 ], [ 108.5904175, 11.8548277 ], [ 108.5905271, 11.8549293 ], [ 108.5906428, 11.8550242 ], [ 108.5907394, 11.8556122 ], [ 108.5914421, 11.8561214 ], [ 108.5918478, 11.8568423 ], [ 108.5923353, 11.8572961 ], [ 108.5924882, 11.8576571 ], [ 108.5926625, 11.8581952 ], [ 108.592869, 11.8583527 ], [ 108.5931131, 11.8584655 ], [ 108.5931833, 11.8584997 ], [ 108.5932505, 11.8585391 ], [ 108.5933143, 11.8585837 ], [ 108.5933848, 11.8586424 ], [ 108.5934493, 11.8587074 ], [ 108.5935074, 11.8587779 ], [ 108.5937703, 11.8591244 ], [ 108.5943979, 11.8597492 ], [ 108.5946125, 11.8606731 ], [ 108.5943657, 11.8617021 ], [ 108.594414, 11.8631511 ], [ 108.5944224, 11.8632627 ], [ 108.5944234, 11.8633745 ], [ 108.594417, 11.8634862 ], [ 108.5944033, 11.8635973 ], [ 108.5943816, 11.8637099 ], [ 108.5943524, 11.8638208 ], [ 108.5943158, 11.8639295 ], [ 108.5942718, 11.8640357 ], [ 108.5941136, 11.8643375 ], [ 108.5938561, 11.864432 ], [ 108.5936469, 11.8652405 ], [ 108.593547, 11.8652684 ], [ 108.5934491, 11.8653023 ], [ 108.5933535, 11.8653421 ], [ 108.5932606, 11.8653875 ], [ 108.5931615, 11.8654441 ], [ 108.5930666, 11.8655072 ], [ 108.5929763, 11.8655765 ], [ 108.5920644, 11.8664375 ], [ 108.5910585, 11.8671225 ], [ 108.590983, 11.8672028 ], [ 108.5909016, 11.8672773 ], [ 108.5908148, 11.8673456 ], [ 108.5907229, 11.8674074 ], [ 108.5906266, 11.8674623 ], [ 108.5905264, 11.8675101 ], [ 108.5904229, 11.8675504 ], [ 108.5903207, 11.8675819 ], [ 108.5902166, 11.8676062 ], [ 108.5901109, 11.867623 ], [ 108.5900042, 11.8676325 ], [ 108.5898972, 11.8676344 ], [ 108.5896665, 11.8676239 ], [ 108.589605, 11.8676204 ], [ 108.5895435, 11.8676235 ], [ 108.5894827, 11.867633 ], [ 108.5894233, 11.867649 ], [ 108.5893661, 11.8676712 ], [ 108.5893139, 11.8676979 ], [ 108.5892649, 11.8677298 ], [ 108.5892196, 11.8677665 ], [ 108.5891783, 11.8678076 ], [ 108.5889691, 11.8680439 ], [ 108.5889242, 11.868103 ], [ 108.5888741, 11.868158 ], [ 108.5888192, 11.8682084 ], [ 108.5887599, 11.8682539 ], [ 108.5886961, 11.8682943 ], [ 108.5886289, 11.8683289 ], [ 108.5885588, 11.8683575 ], [ 108.5884863, 11.8683799 ], [ 108.5880357, 11.8684744 ], [ 108.5879758, 11.868482 ], [ 108.5879166, 11.8684943 ], [ 108.5878587, 11.8685111 ], [ 108.5877952, 11.8685355 ], [ 108.5877343, 11.8685653 ], [ 108.5876763, 11.8686004 ], [ 108.5872739, 11.8688891 ], [ 108.5865176, 11.8691148 ], [ 108.5862064, 11.8691306 ], [ 108.5858256, 11.8694246 ], [ 108.5858738, 11.8697605 ], [ 108.5863781, 11.8701175 ], [ 108.5867375, 11.8704535 ], [ 108.587333, 11.8707475 ], [ 108.5865819, 11.8722332 ], [ 108.5865739, 11.8732332 ], [ 108.5864264, 11.8736401 ], [ 108.5863872, 11.8737109 ], [ 108.5863555, 11.8737852 ], [ 108.5863316, 11.8738623 ], [ 108.5863156, 11.8739413 ], [ 108.5863079, 11.8740215 ], [ 108.5863084, 11.874102 ], [ 108.5863173, 11.8741836 ], [ 108.5863348, 11.8742638 ], [ 108.5863605, 11.8743419 ], [ 108.5863942, 11.874417 ], [ 108.5865712, 11.8746532 ], [ 108.5866013, 11.8746949 ], [ 108.5866259, 11.8747399 ], [ 108.5866445, 11.8747875 ], [ 108.586657, 11.874837 ], [ 108.5866631, 11.8748859 ], [ 108.5866631, 11.8749351 ], [ 108.586657, 11.874984 ], [ 108.5863513, 11.8759026 ], [ 108.5862064, 11.8771415 ], [ 108.586193, 11.8781836 ], [ 108.5861152, 11.878698 ], [ 108.5860992, 11.8787758 ], [ 108.5860921, 11.8788549 ], [ 108.5860938, 11.8789343 ], [ 108.5861029, 11.8790048 ], [ 108.586119, 11.8790742 ], [ 108.5861421, 11.8791416 ], [ 108.5862574, 11.8794435 ], [ 108.5862741, 11.8794827 ], [ 108.5862839, 11.8795241 ], [ 108.5862864, 11.8795666 ], [ 108.5862815, 11.8796088 ], [ 108.586272, 11.8796431 ], [ 108.5862576, 11.8796757 ], [ 108.5862386, 11.8797059 ], [ 108.5862053, 11.8797711 ], [ 108.5861801, 11.8798397 ], [ 108.5861635, 11.8799107 ], [ 108.5861563, 11.8799731 ], [ 108.5861557, 11.8800359 ], [ 108.5861617, 11.8800984 ], [ 108.5861742, 11.88016 ], [ 108.5864907, 11.8804803 ], [ 108.586759, 11.880958 ], [ 108.5867791, 11.8816424 ], [ 108.5867845, 11.8817336 ], [ 108.5867965, 11.8818241 ], [ 108.5868162, 11.8819179 ], [ 108.5868431, 11.8820099 ], [ 108.586877, 11.8820997 ], [ 108.5870594, 11.8830499 ], [ 108.5870567, 11.8832677 ], [ 108.5868984, 11.8835407 ], [ 108.5868724, 11.8835875 ], [ 108.5868544, 11.8836378 ], [ 108.5868448, 11.8836903 ], [ 108.5868433, 11.8837273 ], [ 108.586846, 11.8837642 ], [ 108.5868528, 11.8838005 ], [ 108.5868666, 11.8838654 ], [ 108.586885, 11.8839292 ], [ 108.5869135, 11.8840046 ], [ 108.5869484, 11.8840774 ], [ 108.5869896, 11.884147 ], [ 108.5867858, 11.8846693 ], [ 108.5861528, 11.8868846 ], [ 108.585674, 11.8889108 ], [ 108.5849512, 11.8890289 ], [ 108.5840312, 11.8898688 ], [ 108.5837924, 11.8898872 ], [ 108.5834438, 11.8900499 ], [ 108.5834491, 11.8902389 ], [ 108.583535, 11.8906641 ], [ 108.5836905, 11.8908793 ], [ 108.5838595, 11.8911759 ], [ 108.5839021, 11.8912404 ], [ 108.5839515, 11.8913001 ], [ 108.584007, 11.8913544 ], [ 108.5840606, 11.8913972 ], [ 108.5841179, 11.8914349 ], [ 108.5841787, 11.8914673 ], [ 108.5846937, 11.891735 ], [ 108.5852838, 11.8919292 ], [ 108.5854608, 11.8924909 ], [ 108.5858148, 11.893063 ], [ 108.5870218, 11.8938452 ], [ 108.5872954, 11.8939764 ], [ 108.5875314, 11.8941234 ], [ 108.5881215, 11.8945669 ], [ 108.5881805, 11.8949081 ], [ 108.588886, 11.8956457 ], [ 108.589236, 11.8960984 ], [ 108.5892694, 11.8961259 ], [ 108.5893068, 11.8961479 ], [ 108.5893473, 11.896164 ], [ 108.5893873, 11.8961734 ], [ 108.5894283, 11.8961769 ], [ 108.5894693, 11.8961745 ], [ 108.589637, 11.8963727 ], [ 108.5898703, 11.8968845 ], [ 108.5900044, 11.8973543 ], [ 108.5900684, 11.8974125 ], [ 108.5901292, 11.8974738 ], [ 108.5901868, 11.897538 ], [ 108.5902445, 11.8976095 ], [ 108.5902982, 11.8976839 ], [ 108.5903478, 11.8977611 ], [ 108.5905007, 11.898013 ], [ 108.5909781, 11.898433 ], [ 108.5912678, 11.8988975 ], [ 108.5914126, 11.8995143 ], [ 108.5915092, 11.9000523 ], [ 108.5920966, 11.9013305 ], [ 108.5921287, 11.9017767 ], [ 108.5922253, 11.9019761 ], [ 108.5922039, 11.9024276 ], [ 108.5922897, 11.9031624 ], [ 108.5924721, 11.9034354 ], [ 108.5925257, 11.9048815 ], [ 108.5923997, 11.904837 ], [ 108.5922723, 11.9047967 ], [ 108.5921435, 11.9047608 ], [ 108.5919665, 11.9047188 ], [ 108.5917878, 11.904685 ], [ 108.591685, 11.90467 ], [ 108.5915816, 11.904661 ], [ 108.5914872, 11.9046582 ], [ 108.5913928, 11.9046604 ], [ 108.5912986, 11.9046676 ], [ 108.5911431, 11.9046852 ], [ 108.5909888, 11.9047113 ], [ 108.5908362, 11.9047458 ], [ 108.5906859, 11.9047886 ], [ 108.5905382, 11.9048395 ], [ 108.5904003, 11.9048955 ], [ 108.5902657, 11.9049586 ], [ 108.5901347, 11.9050286 ], [ 108.5900077, 11.9051053 ], [ 108.5898851, 11.9051886 ], [ 108.5897283, 11.9052831 ], [ 108.5895679, 11.9053715 ], [ 108.5894039, 11.9054537 ], [ 108.5892368, 11.9055293 ], [ 108.5890667, 11.9055985 ], [ 108.588894, 11.905661 ], [ 108.588702, 11.9057217 ], [ 108.5885074, 11.9057742 ], [ 108.5883107, 11.9058184 ], [ 108.5881122, 11.9058541 ], [ 108.5879123, 11.9058814 ], [ 108.5876106, 11.9059005 ], [ 108.5873092, 11.905925 ], [ 108.5870084, 11.9059549 ], [ 108.5867216, 11.9059885 ], [ 108.5864355, 11.906027 ], [ 108.5861501, 11.9060704 ], [ 108.5860093, 11.9061098 ], [ 108.5858713, 11.9061576 ], [ 108.5857366, 11.9062136 ], [ 108.5856056, 11.9062777 ], [ 108.5854908, 11.9063425 ], [ 108.5853798, 11.9064134 ], [ 108.585273, 11.9064903 ], [ 108.5851879, 11.9065349 ], [ 108.5850999, 11.9065736 ], [ 108.5850093, 11.9066063 ], [ 108.5849167, 11.9066328 ], [ 108.5848224, 11.906653 ], [ 108.5847286, 11.9066666 ], [ 108.584634, 11.906674 ], [ 108.5845392, 11.906675 ], [ 108.5844445, 11.9066698 ], [ 108.5843503, 11.9066583 ], [ 108.5838085, 11.9065848 ], [ 108.5835866, 11.9065433 ], [ 108.5833666, 11.9064927 ], [ 108.583149, 11.906433 ], [ 108.5829341, 11.9063643 ], [ 108.582756, 11.9062998 ], [ 108.5825804, 11.9062292 ], [ 108.5824075, 11.9061524 ], [ 108.5822374, 11.9060697 ], [ 108.5820705, 11.9059812 ], [ 108.5819704, 11.9059235 ], [ 108.5818665, 11.9058726 ], [ 108.5817594, 11.9058287 ], [ 108.5816494, 11.9057919 ], [ 108.5815372, 11.9057625 ], [ 108.5814232, 11.9057406 ], [ 108.581308, 11.9057263 ], [ 108.581192, 11.9057196 ], [ 108.5810759, 11.9057205 ], [ 108.58096, 11.9057292 ], [ 108.5808448, 11.9057455 ], [ 108.580731, 11.9057695 ], [ 108.5806192, 11.9058009 ], [ 108.5805097, 11.9058396 ], [ 108.5804032, 11.9058855 ], [ 108.5803001, 11.9059384 ], [ 108.5802009, 11.9059979 ], [ 108.580106, 11.9060639 ], [ 108.5793266, 11.9066583 ], [ 108.5792371, 11.9067383 ], [ 108.5791542, 11.9068248 ], [ 108.5790784, 11.9069173 ], [ 108.5790101, 11.9070152 ], [ 108.5789537, 11.9071105 ], [ 108.5789044, 11.9072096 ], [ 108.5788625, 11.9073118 ], [ 108.5782564, 11.9089416 ], [ 108.5781994, 11.9090935 ], [ 108.5781348, 11.9092423 ], [ 108.5780625, 11.9093878 ], [ 108.5779828, 11.9095295 ], [ 108.5778964, 11.9096663 ], [ 108.577803, 11.9097988 ], [ 108.577703, 11.9099265 ], [ 108.577457, 11.9101724 ], [ 108.576749, 11.9109519 ], [ 108.5758585, 11.9121487 ], [ 108.575793, 11.9122632 ], [ 108.5757344, 11.9123813 ], [ 108.5756828, 11.9125025 ], [ 108.5756385, 11.9126263 ], [ 108.5755979, 11.9127669 ], [ 108.5755666, 11.9129097 ], [ 108.5755447, 11.9130541 ], [ 108.5754347, 11.9139753 ], [ 108.5754086, 11.9141443 ], [ 108.5753764, 11.9143124 ], [ 108.5753381, 11.9144792 ], [ 108.5752835, 11.9146799 ], [ 108.5752201, 11.9148781 ], [ 108.5749626, 11.9155132 ], [ 108.5746635, 11.916332 ], [ 108.5745931, 11.9165451 ], [ 108.5745166, 11.9167563 ], [ 108.5744341, 11.9169652 ], [ 108.5743457, 11.9171718 ], [ 108.5742481, 11.9173829 ], [ 108.5741444, 11.9175912 ], [ 108.5740346, 11.9177964 ], [ 108.5735518, 11.918547 ], [ 108.5734898, 11.9186562 ], [ 108.5734361, 11.9187695 ], [ 108.5733909, 11.9188864 ], [ 108.5733545, 11.9190061 ], [ 108.5733271, 11.9191281 ], [ 108.5733088, 11.9192517 ], [ 108.5732996, 11.9193763 ], [ 108.5732993, 11.9194863 ], [ 108.5733061, 11.9195962 ], [ 108.5733201, 11.9197054 ], [ 108.5733412, 11.9198134 ], [ 108.5733693, 11.91992 ], [ 108.5734042, 11.9200245 ], [ 108.573816, 11.9207016 ], [ 108.5738944, 11.9208242 ], [ 108.5739648, 11.9209514 ], [ 108.574027, 11.9210826 ], [ 108.5740808, 11.9212173 ], [ 108.5741258, 11.9213551 ], [ 108.574157, 11.921474 ], [ 108.5741818, 11.9215943 ], [ 108.5742, 11.9217158 ], [ 108.5744141, 11.9231082 ], [ 108.5744396, 11.9232873 ], [ 108.5744557, 11.9234675 ], [ 108.5744621, 11.9236483 ], [ 108.574459, 11.9238292 ], [ 108.5744463, 11.9240096 ], [ 108.5744267, 11.9241713 ], [ 108.5743994, 11.924332 ], [ 108.5743645, 11.9244912 ], [ 108.5743405, 11.92456 ], [ 108.5743216, 11.9246303 ], [ 108.5743047, 11.9247213 ], [ 108.5742962, 11.9248134 ], [ 108.5742961, 11.9249058 ], [ 108.5743149, 11.9251446 ], [ 108.5743205, 11.9252431 ], [ 108.5743204, 11.9253418 ], [ 108.5743144, 11.9254403 ], [ 108.5743028, 11.9255383 ], [ 108.5742842, 11.9256414 ], [ 108.5742592, 11.9257431 ], [ 108.574228, 11.9258432 ], [ 108.5741906, 11.9259413 ], [ 108.5741472, 11.9260369 ], [ 108.5736859, 11.9271391 ], [ 108.5736304, 11.9272548 ], [ 108.573567, 11.9273665 ], [ 108.5734961, 11.9274737 ], [ 108.573418, 11.9275761 ], [ 108.573333, 11.9276731 ], [ 108.5732415, 11.9277642 ], [ 108.573144, 11.9278492 ], [ 108.5730408, 11.9279275 ], [ 108.5729325, 11.9279988 ], [ 108.5728195, 11.9280629 ], [ 108.5727124, 11.9281149 ], [ 108.5726022, 11.9281603 ], [ 108.5724894, 11.928199 ], [ 108.5723743, 11.9282308 ], [ 108.5722768, 11.928251 ], [ 108.5721813, 11.9282789 ], [ 108.5720884, 11.9283142 ], [ 108.5719988, 11.9283568 ], [ 108.57191, 11.9284082 ], [ 108.5718259, 11.9284668 ], [ 108.5717471, 11.928532 ], [ 108.5716742, 11.9286035 ], [ 108.5697591, 11.9310546 ], [ 108.569703, 11.9311281 ], [ 108.5696524, 11.9312054 ], [ 108.5696076, 11.9312859 ], [ 108.5695687, 11.9313695 ], [ 108.5695382, 11.9314491 ], [ 108.5695131, 11.9315306 ], [ 108.5694936, 11.9316135 ], [ 108.5694669, 11.9317327 ], [ 108.5694329, 11.9318501 ], [ 108.5693917, 11.9319652 ], [ 108.5693366, 11.9320919 ], [ 108.5692729, 11.9322145 ], [ 108.5692006, 11.9323327 ], [ 108.5691203, 11.9324457 ], [ 108.5690322, 11.932553 ], [ 108.5689334, 11.9326778 ], [ 108.5688386, 11.9328056 ], [ 108.5687479, 11.9329361 ], [ 108.5686574, 11.933076 ], [ 108.5685715, 11.9332186 ], [ 108.5684904, 11.9333639 ], [ 108.5684567, 11.9334428 ], [ 108.5684167, 11.9335189 ], [ 108.5683706, 11.9335916 ], [ 108.5683188, 11.9336604 ], [ 108.5682674, 11.9337188 ], [ 108.5682118, 11.9337735 ], [ 108.5681524, 11.9338241 ], [ 108.5680895, 11.9338704 ], [ 108.5679953, 11.9339253 ], [ 108.5679065, 11.9339881 ], [ 108.5678236, 11.9340583 ], [ 108.5677475, 11.9341354 ], [ 108.5676827, 11.9342133 ], [ 108.5676248, 11.9342961 ], [ 108.567574, 11.9343833 ], [ 108.5675308, 11.9344742 ], [ 108.5674953, 11.9345684 ], [ 108.5674237, 11.9347564 ], [ 108.5673575, 11.9349463 ], [ 108.5672969, 11.9351379 ], [ 108.5672403, 11.9353366 ], [ 108.5671896, 11.9355368 ], [ 108.5671432, 11.9356633 ], [ 108.5670882, 11.9357866 ], [ 108.5670248, 11.9359058 ], [ 108.5669532, 11.9360207 ], [ 108.5668739, 11.9361305 ], [ 108.5667872, 11.9362348 ], [ 108.5666923, 11.9363344 ], [ 108.5665906, 11.9364273 ], [ 108.5664826, 11.9365132 ], [ 108.5663688, 11.9365917 ], [ 108.5657962, 11.9368882 ], [ 108.5657334, 11.9369226 ], [ 108.5656744, 11.9369627 ], [ 108.5656196, 11.9370083 ], [ 108.5655695, 11.9370588 ], [ 108.565524, 11.9371148 ], [ 108.5654843, 11.9371749 ], [ 108.5654508, 11.9372386 ], [ 108.5650586, 11.9379589 ], [ 108.5650087, 11.9380347 ], [ 108.5649539, 11.9381072 ], [ 108.5648944, 11.938176 ], [ 108.5648306, 11.938241 ], [ 108.5647685, 11.9382968 ], [ 108.5647031, 11.9383489 ], [ 108.5646348, 11.9383971 ], [ 108.564587, 11.9384385 ], [ 108.5645443, 11.9384848 ], [ 108.5645073, 11.9385356 ], [ 108.5644763, 11.9385901 ], [ 108.5644523, 11.9386465 ], [ 108.5644348, 11.9387051 ], [ 108.5644241, 11.9387653 ], [ 108.5644202, 11.9388262 ], [ 108.5644251, 11.9389728 ], [ 108.5644373, 11.939119 ], [ 108.5644567, 11.9392644 ], [ 108.5644832, 11.9394088 ], [ 108.5645122, 11.9395333 ], [ 108.5645464, 11.9396565 ], [ 108.564586, 11.9397782 ], [ 108.5646307, 11.9398982 ], [ 108.5656071, 11.9417708 ], [ 108.5656545, 11.9418514 ], [ 108.5657063, 11.9419293 ], [ 108.5657732, 11.9420181 ], [ 108.5658458, 11.9421025 ], [ 108.5659027, 11.9421631 ], [ 108.5659522, 11.9422298 ], [ 108.5659935, 11.9423015 ], [ 108.5660262, 11.9423774 ], [ 108.5660477, 11.9424477 ], [ 108.5660617, 11.9425199 ], [ 108.5660681, 11.942593 ], [ 108.5660669, 11.9426664 ], [ 108.566058, 11.9427394 ], [ 108.5660416, 11.942811 ], [ 108.5660319, 11.9428736 ], [ 108.5660296, 11.9429369 ], [ 108.5660349, 11.9429999 ], [ 108.5660441, 11.9430483 ], [ 108.5660577, 11.9430957 ], [ 108.5660762, 11.9431397 ], [ 108.5660995, 11.9431814 ], [ 108.5661274, 11.9432204 ], [ 108.5661656, 11.9432619 ], [ 108.5662091, 11.9432983 ], [ 108.5662569, 11.9433288 ], [ 108.5663085, 11.9433529 ], [ 108.5664721, 11.9434316 ], [ 108.5664977, 11.9434469 ], [ 108.5665207, 11.9434659 ], [ 108.5665405, 11.943488 ], [ 108.5665569, 11.9435134 ], [ 108.566569, 11.943541 ], [ 108.5665767, 11.94357 ], [ 108.566592, 11.9437229 ], [ 108.5665996, 11.9438763 ], [ 108.5665995, 11.9440299 ], [ 108.5665923, 11.944175 ], [ 108.5665783, 11.9443195 ], [ 108.5665574, 11.9444633 ], [ 108.5665297, 11.9446059 ], [ 108.5662615, 11.9455821 ], [ 108.566106, 11.9461752 ], [ 108.5658055, 11.9475187 ], [ 108.5657358, 11.9479176 ], [ 108.5655943, 11.9482639 ], [ 108.5655266, 11.949572 ], [ 108.5657036, 11.950127 ], [ 108.5656941, 11.9502875 ], [ 108.5656916, 11.9504481 ], [ 108.5656962, 11.9506088 ], [ 108.5657077, 11.9507691 ], [ 108.5657263, 11.9509287 ], [ 108.5657519, 11.9510875 ], [ 108.565791, 11.9512733 ], [ 108.5658397, 11.9514569 ], [ 108.5658977, 11.9516379 ], [ 108.5659651, 11.9518158 ], [ 108.5660416, 11.9519901 ], [ 108.5675168, 11.9551442 ], [ 108.5679996, 11.9560469 ], [ 108.568182, 11.9563303 ], [ 108.5682175, 11.9564093 ], [ 108.5682586, 11.9564858 ], [ 108.5683049, 11.9565593 ], [ 108.5683563, 11.9566294 ], [ 108.568415, 11.9566986 ], [ 108.5684786, 11.9567634 ], [ 108.5685468, 11.9568236 ], [ 108.5685376, 11.9568963 ], [ 108.5685233, 11.9569681 ], [ 108.5685039, 11.9570388 ], [ 108.5684773, 11.9571133 ], [ 108.5684451, 11.9571856 ], [ 108.5684074, 11.9572554 ], [ 108.5683644, 11.9573222 ], [ 108.5683412, 11.9574543 ], [ 108.5683251, 11.9575873 ], [ 108.5683161, 11.957721 ], [ 108.5683146, 11.9578794 ], [ 108.5683231, 11.9580375 ], [ 108.5683415, 11.9581949 ], [ 108.5683697, 11.9583508 ], [ 108.5684341, 11.9586762 ], [ 108.568462, 11.9587519 ], [ 108.5684985, 11.9588242 ], [ 108.568543, 11.9588919 ], [ 108.568595, 11.9589543 ], [ 108.5686525, 11.9590094 ], [ 108.5687159, 11.9590579 ], [ 108.5687843, 11.9590994 ], [ 108.568857, 11.9591332 ], [ 108.568933, 11.959159 ], [ 108.5692763, 11.9592639 ], [ 108.5694072, 11.9592906 ], [ 108.5695392, 11.9593112 ], [ 108.5696543, 11.959324 ], [ 108.5697699, 11.9593322 ], [ 108.5698251, 11.9593325 ], [ 108.5698799, 11.9593397 ], [ 108.5699333, 11.9593537 ], [ 108.5699844, 11.9593741 ], [ 108.5700386, 11.9594047 ], [ 108.5700877, 11.9594426 ], [ 108.5701307, 11.9594869 ], [ 108.5701668, 11.9595368 ], [ 108.5702241, 11.9596567 ], [ 108.5702754, 11.959779 ], [ 108.5703207, 11.9599036 ], [ 108.5703599, 11.9600301 ], [ 108.5703947, 11.9601659 ], [ 108.5704224, 11.9603033 ], [ 108.570443, 11.9604418 ], [ 108.5704565, 11.9605812 ], [ 108.570489, 11.9607662 ], [ 108.5705284, 11.96095 ], [ 108.5705745, 11.9611322 ], [ 108.5706313, 11.9613253 ], [ 108.5706957, 11.9615161 ], [ 108.5707676, 11.9617042 ], [ 108.5708026, 11.9617664 ], [ 108.5708318, 11.9618313 ], [ 108.570855, 11.9618985 ], [ 108.5708721, 11.9619674 ], [ 108.570883, 11.9620375 ], [ 108.5708875, 11.9621121 ], [ 108.570885, 11.9621868 ], [ 108.5708754, 11.962261 ], [ 108.5708588, 11.962334 ], [ 108.5707355, 11.9627092 ], [ 108.5707175, 11.9627859 ], [ 108.5707073, 11.962864 ], [ 108.5707048, 11.9629343 ], [ 108.5707086, 11.9630044 ] ] ] } },
{ "type": "Feature", "properties": { "id": "6b75582b-215c-4ae0-a8b0-6619aded2000", "region_name": "Phường Lâm Viên - Đà Lạt", "country": "VN", "subtype": "locality", "class": "land" }, "geometry": { "type": "Polygon", "coordinates": [ [ [ 108.4754366, 11.9889344 ], [ 108.4753445, 11.9889399 ], [ 108.4752523, 11.9889399 ], [ 108.4746406, 11.9889141 ], [ 108.4738675, 11.9911803 ], [ 108.4738425, 11.9912494 ], [ 108.4738243, 11.9913206 ], [ 108.4738129, 11.9913931 ], [ 108.4738085, 11.9914663 ], [ 108.473811, 11.9915369 ], [ 108.4738199, 11.9916071 ], [ 108.4738353, 11.9916762 ], [ 108.4740124, 11.9921825 ], [ 108.4740309, 11.9922772 ], [ 108.4740434, 11.9923729 ], [ 108.4740497, 11.9924692 ], [ 108.4740499, 11.9925656 ], [ 108.4740422, 11.9926786 ], [ 108.4740261, 11.9927907 ], [ 108.4740016, 11.9929014 ], [ 108.4738353, 11.9933212 ], [ 108.4737922, 11.9934056 ], [ 108.4737423, 11.9934863 ], [ 108.4736858, 11.9935628 ], [ 108.4736232, 11.9936345 ], [ 108.4735549, 11.9937011 ], [ 108.4734813, 11.993762 ], [ 108.4734048, 11.9938156 ], [ 108.4733241, 11.9938632 ], [ 108.4732399, 11.9939044 ], [ 108.4731527, 11.9939389 ], [ 108.4730629, 11.9939666 ], [ 108.472462, 11.9941293 ], [ 108.4723829, 11.9941472 ], [ 108.4723024, 11.9941575 ], [ 108.4722212, 11.9941603 ], [ 108.4721402, 11.9941555 ], [ 108.4720622, 11.9941436 ], [ 108.4719857, 11.9941246 ], [ 108.4719114, 11.9940988 ], [ 108.4718398, 11.9940663 ], [ 108.471298, 11.9937961 ], [ 108.4712615, 11.9937795 ], [ 108.4712226, 11.9937694 ], [ 108.4711825, 11.9937662 ], [ 108.4711424, 11.9937698 ], [ 108.4711052, 11.9937798 ], [ 108.4710703, 11.9937956 ], [ 108.4710386, 11.993817 ], [ 108.471011, 11.9938433 ], [ 108.4708527, 11.9940899 ], [ 108.4708366, 11.9941126 ], [ 108.4708158, 11.9941313 ], [ 108.4707912, 11.9941449 ], [ 108.4707642, 11.9941529 ], [ 108.4707357, 11.9941548 ], [ 108.4707075, 11.9941503 ], [ 108.4706811, 11.9941398 ], [ 108.4705604, 11.9940689 ], [ 108.4704963, 11.9940442 ], [ 108.4704304, 11.9940245 ], [ 108.4703631, 11.9940099 ], [ 108.4702948, 11.9940007 ], [ 108.4702213, 11.9939968 ], [ 108.4701477, 11.993999 ], [ 108.4700746, 11.9940073 ], [ 108.4700025, 11.9940217 ], [ 108.4696725, 11.9941424 ], [ 108.4696083, 11.9941724 ], [ 108.469542, 11.9941979 ], [ 108.4694741, 11.9942185 ], [ 108.4693942, 11.9942362 ], [ 108.4693131, 11.9942474 ], [ 108.4691951, 11.9942508 ], [ 108.4690771, 11.9942447 ], [ 108.4689841, 11.9942332 ], [ 108.468892, 11.9942159 ], [ 108.4686587, 11.9941477 ], [ 108.468609, 11.9941359 ], [ 108.4685581, 11.9941319 ], [ 108.4685072, 11.9941359 ], [ 108.4684575, 11.9941477 ], [ 108.4684176, 11.9941634 ], [ 108.4683801, 11.9941842 ], [ 108.4683459, 11.9942097 ], [ 108.4683154, 11.9942395 ], [ 108.4682, 11.994431 ], [ 108.4681574, 11.994522 ], [ 108.4681215, 11.9946157 ], [ 108.4680927, 11.9947117 ], [ 108.4680713, 11.9948086 ], [ 108.4680569, 11.9949067 ], [ 108.4680498, 11.9950056 ], [ 108.4680422, 11.9950761 ], [ 108.468027, 11.9951455 ], [ 108.4680042, 11.9952129 ], [ 108.4679802, 11.995266 ], [ 108.4679515, 11.9953168 ], [ 108.4679184, 11.995365 ], [ 108.4678228, 11.9954526 ], [ 108.4677238, 11.9955364 ], [ 108.4676213, 11.9956162 ], [ 108.4674792, 11.9957167 ], [ 108.4673317, 11.9958094 ], [ 108.4671793, 11.9958943 ], [ 108.4670224, 11.995971 ], [ 108.4668616, 11.9960393 ], [ 108.4666175, 11.9961101 ], [ 108.4665341, 11.9961375 ], [ 108.4664539, 11.9961729 ], [ 108.4663778, 11.996216 ], [ 108.4663064, 11.9962662 ], [ 108.46624, 11.9963236 ], [ 108.4661799, 11.9963873 ], [ 108.4661267, 11.9964565 ], [ 108.4661079, 11.9967897 ], [ 108.4660311, 11.9973803 ], [ 108.4657136, 11.9979178 ], [ 108.4656672, 11.9979852 ], [ 108.4656148, 11.9980482 ], [ 108.4655568, 11.9981064 ], [ 108.4654937, 11.9981592 ], [ 108.4654367, 11.9981994 ], [ 108.4653768, 11.9982352 ], [ 108.4653143, 11.9982665 ], [ 108.4652496, 11.998293 ], [ 108.4649814, 11.998377 ], [ 108.4647587, 11.9984635 ], [ 108.4646671, 11.9984918 ], [ 108.4645737, 11.9985134 ], [ 108.4644782, 11.9985283 ], [ 108.4643819, 11.9985363 ], [ 108.463879, 11.9985344 ], [ 108.4637898, 11.9985496 ], [ 108.4637024, 11.9985726 ], [ 108.4636175, 11.9986033 ], [ 108.4635357, 11.9986414 ], [ 108.4634579, 11.9986865 ], [ 108.4634032, 11.9987242 ], [ 108.4633513, 11.9987654 ], [ 108.4633023, 11.9988098 ], [ 108.4632665, 11.9988476 ], [ 108.4632372, 11.9988905 ], [ 108.4632152, 11.9989373 ], [ 108.463201, 11.9989869 ], [ 108.463195, 11.9990381 ], [ 108.4631968, 11.9990855 ], [ 108.4632056, 11.9991321 ], [ 108.4632212, 11.9991769 ], [ 108.4632433, 11.9992191 ], [ 108.4633586, 11.9994238 ], [ 108.4634033, 11.9995094 ], [ 108.4634418, 11.9995979 ], [ 108.463474, 11.9996888 ], [ 108.4634983, 11.999776 ], [ 108.4635169, 11.9998645 ], [ 108.4635306, 11.9999285 ], [ 108.4635517, 11.9999905 ], [ 108.4635749, 12.0000402 ], [ 108.4636027, 12.0000875 ], [ 108.4639009, 12.0005741 ], [ 108.4639534, 12.0006681 ], [ 108.4639983, 12.0007659 ], [ 108.4640353, 12.0008668 ], [ 108.4640643, 12.0009701 ], [ 108.464083, 12.0010627 ], [ 108.4640953, 12.0011563 ], [ 108.4641011, 12.0012505 ], [ 108.4641003, 12.0013449 ], [ 108.4640828, 12.0018545 ], [ 108.4640705, 12.002023 ], [ 108.464055, 12.0021913 ], [ 108.4640198, 12.0024907 ], [ 108.4639729, 12.002719 ], [ 108.4639676, 12.0027756 ], [ 108.4639682, 12.0028325 ], [ 108.4639744, 12.002889 ], [ 108.4639863, 12.0029446 ], [ 108.4640053, 12.0030032 ], [ 108.4640307, 12.0030594 ], [ 108.464062, 12.0031127 ], [ 108.4640989, 12.0031624 ], [ 108.464082, 12.0033444 ], [ 108.4640568, 12.0035254 ], [ 108.4640235, 12.0037052 ], [ 108.4639821, 12.0038834 ], [ 108.4639326, 12.0040596 ], [ 108.4638846, 12.0042069 ], [ 108.463831, 12.0043524 ], [ 108.4637719, 12.0044957 ], [ 108.4637073, 12.0046368 ], [ 108.463529, 12.005235 ], [ 108.4634901, 12.0053413 ], [ 108.4634445, 12.0054449 ], [ 108.4634036, 12.0055246 ], [ 108.4633586, 12.0056023 ], [ 108.4631494, 12.0058515 ], [ 108.4630041, 12.006108 ], [ 108.4627846, 12.0063238 ], [ 108.4621731, 12.0066491 ], [ 108.4616058, 12.0068708 ], [ 108.4615247, 12.0069057 ], [ 108.461446, 12.0069457 ], [ 108.4613702, 12.0069905 ], [ 108.4612974, 12.00704 ], [ 108.4612228, 12.0070982 ], [ 108.4611525, 12.0071612 ], [ 108.4610868, 12.0072289 ], [ 108.4607502, 12.0076552 ], [ 108.4607231, 12.0076777 ], [ 108.4606918, 12.0076941 ], [ 108.4606576, 12.0077037 ], [ 108.4606224, 12.0077061 ], [ 108.4605875, 12.0077012 ], [ 108.4605544, 12.0076893 ], [ 108.4601413, 12.0075306 ], [ 108.4600714, 12.0074988 ], [ 108.4600032, 12.0074637 ], [ 108.4599489, 12.0074326 ], [ 108.4598959, 12.0073994 ], [ 108.4598496, 12.0073667 ], [ 108.4597998, 12.0073394 ], [ 108.459747, 12.0073181 ], [ 108.4596976, 12.0073041 ], [ 108.4596469, 12.0072953 ], [ 108.4595955, 12.0072918 ], [ 108.4594356, 12.0072839 ], [ 108.4592763, 12.0072682 ], [ 108.4591606, 12.0072519 ], [ 108.4590456, 12.0072315 ], [ 108.4586876, 12.0071292 ], [ 108.4581015, 12.0076775 ], [ 108.4577501, 12.007709 ], [ 108.4576604, 12.0077237 ], [ 108.45757, 12.0077342 ], [ 108.4574792, 12.0077405 ], [ 108.4573517, 12.007742 ], [ 108.4572244, 12.0077352 ], [ 108.4570466, 12.0077095 ], [ 108.4568677, 12.0076932 ], [ 108.4567377, 12.0076874 ], [ 108.4566075, 12.0076867 ], [ 108.4565432, 12.0076903 ], [ 108.4564797, 12.0077012 ], [ 108.4564179, 12.0077192 ], [ 108.4563586, 12.0077439 ], [ 108.4563027, 12.0077752 ], [ 108.4562508, 12.0078126 ], [ 108.456207, 12.0078522 ], [ 108.4561677, 12.0078961 ], [ 108.4561334, 12.0079439 ], [ 108.4561046, 12.0079949 ], [ 108.4559385, 12.0084057 ], [ 108.4559169, 12.0084459 ], [ 108.4558879, 12.0084812 ], [ 108.4558525, 12.0085105 ], [ 108.4558141, 12.0085316 ], [ 108.4557724, 12.0085455 ], [ 108.4557289, 12.0085517 ], [ 108.4556849, 12.0085501 ], [ 108.4556419, 12.0085406 ], [ 108.4553844, 12.0084632 ], [ 108.4553373, 12.00845 ], [ 108.4552892, 12.0084409 ], [ 108.4552444, 12.0084365 ], [ 108.4551993, 12.0084357 ], [ 108.454907, 12.0084409 ], [ 108.4546817, 12.0083019 ], [ 108.4542245, 12.0079697 ], [ 108.4539548, 12.0077431 ], [ 108.4537131, 12.0076431 ], [ 108.4531582, 12.0076486 ], [ 108.4525386, 12.0074125 ], [ 108.4523106, 12.0072158 ], [ 108.4519995, 12.0068799 ], [ 108.4519175, 12.0068085 ], [ 108.4518164, 12.0067558 ], [ 108.4517594, 12.0067383 ], [ 108.4516097, 12.0067191 ], [ 108.4515757, 12.0067068 ], [ 108.4515167, 12.0066648 ], [ 108.4514121, 12.0065651 ], [ 108.4513692, 12.0064838 ], [ 108.4513557, 12.0064025 ], [ 108.4513557, 12.0058745 ], [ 108.4514013, 12.005597 ], [ 108.4511009, 12.0052088 ], [ 108.4507947, 12.0048326 ], [ 108.45068, 12.0047376 ], [ 108.4506155, 12.0046998 ], [ 108.4505427, 12.0046674 ], [ 108.4503568, 12.0046063 ], [ 108.4502574, 12.0045476 ], [ 108.4501687, 12.0044656 ], [ 108.4501005, 12.0043666 ], [ 108.4496445, 12.003897 ], [ 108.4494782, 12.003367 ], [ 108.4494135, 12.0032089 ], [ 108.4493199, 12.0030653 ], [ 108.4492586, 12.0029957 ], [ 108.4491904, 12.0029326 ], [ 108.4491161, 12.0028764 ], [ 108.4486699, 12.0025999 ], [ 108.4485848, 12.0025552 ], [ 108.448422, 12.0024905 ], [ 108.4481776, 12.0024324 ], [ 108.4480003, 12.0023779 ], [ 108.4479194, 12.0023449 ], [ 108.447644, 12.0022088 ], [ 108.4473941, 12.0021182 ], [ 108.4472793, 12.0020875 ], [ 108.4470454, 12.0020447 ], [ 108.4463454, 12.0018768 ], [ 108.4461147, 12.0019477 ], [ 108.4459471, 12.0019683 ], [ 108.4457842, 12.0019564 ], [ 108.4457071, 12.0019395 ], [ 108.4455595, 12.0018847 ], [ 108.4450981, 12.0016696 ], [ 108.4448836, 12.0015541 ], [ 108.4447286, 12.001446 ], [ 108.4445661, 12.001309 ], [ 108.444398, 12.0011938 ], [ 108.4426868, 12.0003001 ], [ 108.4421826, 11.9998593 ], [ 108.4416332, 11.9994554 ], [ 108.4415229, 11.9993379 ], [ 108.4414396, 11.9992008 ], [ 108.4413933, 11.9990752 ], [ 108.441349, 11.9988201 ], [ 108.4413055, 11.9987023 ], [ 108.4412695, 11.9986366 ], [ 108.4411768, 11.9985186 ], [ 108.4409456, 11.9983064 ], [ 108.4408622, 11.9981957 ], [ 108.4407975, 11.998068 ], [ 108.4407734, 11.9979979 ], [ 108.4407457, 11.9978526 ], [ 108.4407554, 11.9970598 ], [ 108.4407419, 11.9969291 ], [ 108.4406997, 11.9968092 ], [ 108.4406269, 11.9966978 ], [ 108.4406133, 11.9966651 ], [ 108.4405908, 11.9964699 ], [ 108.4405545, 11.9963489 ], [ 108.4404892, 11.9962279 ], [ 108.4404127, 11.9961315 ], [ 108.4403623, 11.996048 ], [ 108.4402514, 11.9957638 ], [ 108.4401933, 11.9956465 ], [ 108.440128, 11.9955329 ], [ 108.4400774, 11.9954714 ], [ 108.44001, 11.995428 ], [ 108.4399693, 11.9954138 ], [ 108.4398837, 11.9954058 ], [ 108.4395621, 11.9954752 ], [ 108.4394816, 11.9952129 ], [ 108.4394916, 11.9951168 ], [ 108.4395084, 11.9950712 ], [ 108.4395552, 11.995 ], [ 108.4395858, 11.99497 ], [ 108.4396885, 11.9949058 ], [ 108.4397141, 11.9948819 ], [ 108.4397481, 11.9948217 ], [ 108.4397552, 11.9947878 ], [ 108.4397548, 11.9947494 ], [ 108.4397284, 11.9946776 ], [ 108.4395674, 11.9945202 ], [ 108.4392751, 11.9942801 ], [ 108.4391611, 11.9938776 ], [ 108.4391381, 11.9938286 ], [ 108.4391087, 11.993783 ], [ 108.4389263, 11.9935783 ], [ 108.4384677, 11.9929172 ], [ 108.4384406, 11.9928568 ], [ 108.4384217, 11.9927934 ], [ 108.4384114, 11.9927283 ], [ 108.4384095, 11.9926683 ], [ 108.4384149, 11.9926086 ], [ 108.4384274, 11.9925499 ], [ 108.4386232, 11.9920277 ], [ 108.4386816, 11.9919106 ], [ 108.4387466, 11.9917969 ], [ 108.4388149, 11.9916914 ], [ 108.4388888, 11.9915896 ], [ 108.4391302, 11.9913115 ], [ 108.4391563, 11.9912709 ], [ 108.439176, 11.991227 ], [ 108.4391888, 11.9911807 ], [ 108.4391946, 11.9911331 ], [ 108.4391925, 11.9910803 ], [ 108.4391818, 11.9910286 ], [ 108.4391626, 11.9909793 ], [ 108.4391355, 11.9909337 ], [ 108.4388727, 11.9905349 ], [ 108.4388216, 11.9904462 ], [ 108.438775, 11.9903552 ], [ 108.4387332, 11.990262 ], [ 108.438688, 11.9901437 ], [ 108.4386504, 11.9900228 ], [ 108.4386206, 11.9898999 ], [ 108.4386001, 11.9898098 ], [ 108.4385723, 11.9897215 ], [ 108.4385392, 11.9896401 ], [ 108.4384999, 11.9895615 ], [ 108.4383872, 11.9893568 ], [ 108.4383605, 11.9893082 ], [ 108.4383389, 11.9892571 ], [ 108.4383248, 11.9892117 ], [ 108.4383148, 11.9891653 ], [ 108.4383117, 11.9891268 ], [ 108.4383036, 11.989089 ], [ 108.4382907, 11.9890525 ], [ 108.4382714, 11.9890152 ], [ 108.4382471, 11.9889809 ], [ 108.4382182, 11.9889502 ], [ 108.4381854, 11.9889211 ], [ 108.4381571, 11.9888877 ], [ 108.4381339, 11.9888508 ], [ 108.4381163, 11.9888111 ], [ 108.4381048, 11.9887704 ], [ 108.4380991, 11.9887285 ], [ 108.4380994, 11.9886863 ], [ 108.4381056, 11.9886445 ], [ 108.4381086, 11.9885774 ], [ 108.438105, 11.9885102 ], [ 108.4380949, 11.9884438 ], [ 108.4380802, 11.9883853 ], [ 108.4380605, 11.9883284 ], [ 108.4380358, 11.9882732 ], [ 108.4376469, 11.9874651 ], [ 108.4377399, 11.9874395 ], [ 108.4378303, 11.9874063 ], [ 108.4379175, 11.9873657 ], [ 108.438001, 11.9873182 ], [ 108.4380791, 11.9872647 ], [ 108.4381524, 11.987205 ], [ 108.4382204, 11.9871396 ], [ 108.4382826, 11.987069 ], [ 108.438872, 11.9863704 ], [ 108.4392697, 11.9859276 ], [ 108.4393448, 11.9858358 ], [ 108.4394145, 11.985744 ], [ 108.4394508, 11.9857086 ], [ 108.4394912, 11.9856778 ], [ 108.4395352, 11.9856521 ], [ 108.439579, 11.985633 ], [ 108.4396248, 11.985619 ], [ 108.439672, 11.9856102 ], [ 108.4397809, 11.9855921 ], [ 108.4398892, 11.9855708 ], [ 108.4400147, 11.9855419 ], [ 108.440139, 11.9855086 ], [ 108.4402621, 11.9854711 ], [ 108.440243, 11.9853727 ], [ 108.4402178, 11.9852756 ], [ 108.4401846, 11.9851749 ], [ 108.4401447, 11.9850766 ], [ 108.4401245, 11.9850214 ], [ 108.4401092, 11.9849647 ], [ 108.440098, 11.9849008 ], [ 108.4400931, 11.9848362 ], [ 108.44009, 11.9847309 ], [ 108.440093, 11.9846256 ], [ 108.4401021, 11.9845206 ], [ 108.4401172, 11.9844164 ], [ 108.4401548, 11.9843062 ], [ 108.4401792, 11.9842418 ], [ 108.440196, 11.9841752 ], [ 108.4402049, 11.9841072 ], [ 108.4402058, 11.9840385 ], [ 108.4401977, 11.9839651 ], [ 108.4401805, 11.9838932 ], [ 108.4401543, 11.983824 ], [ 108.4401197, 11.9837584 ], [ 108.440077, 11.9836974 ], [ 108.4400319, 11.9836559 ], [ 108.4399912, 11.9836103 ], [ 108.4399551, 11.983561 ], [ 108.4399241, 11.9835085 ], [ 108.4398992, 11.9834553 ], [ 108.4398795, 11.9834001 ], [ 108.4398651, 11.9833432 ], [ 108.4398503, 11.9832992 ], [ 108.4398305, 11.9832571 ], [ 108.4398061, 11.9832173 ], [ 108.4397755, 11.9831784 ], [ 108.4397405, 11.9831432 ], [ 108.4397015, 11.9831124 ], [ 108.4396532, 11.9830662 ], [ 108.4396103, 11.9830153 ], [ 108.4395633, 11.9829617 ], [ 108.4395111, 11.9829129 ], [ 108.4394606, 11.9828742 ], [ 108.4394068, 11.98284 ], [ 108.4393501, 11.9828106 ], [ 108.4392993, 11.9827741 ], [ 108.4392509, 11.9827345 ], [ 108.4391908, 11.9826778 ], [ 108.4391355, 11.9826165 ], [ 108.4390495, 11.9825099 ], [ 108.4389672, 11.9824006 ], [ 108.4388888, 11.9822885 ], [ 108.4388115, 11.9821691 ], [ 108.4387386, 11.9820471 ], [ 108.4387059, 11.9819762 ], [ 108.4386796, 11.9819028 ], [ 108.4386626, 11.9818403 ], [ 108.4386501, 11.9817769 ], [ 108.4378722, 11.9810028 ], [ 108.4373009, 11.9805017 ], [ 108.436684, 11.979914 ], [ 108.4362978, 11.9795598 ], [ 108.4362496, 11.9795063 ], [ 108.4362093, 11.9794469 ], [ 108.4361781, 11.9793844 ], [ 108.4361556, 11.9793184 ], [ 108.4360027, 11.9786808 ], [ 108.4359893, 11.9783974 ], [ 108.4358525, 11.9781744 ], [ 108.4358203, 11.9781088 ], [ 108.4357942, 11.9780407 ], [ 108.4357745, 11.9779705 ], [ 108.4357613, 11.9778989 ], [ 108.4357548, 11.9778273 ], [ 108.4357548, 11.9777554 ], [ 108.4357613, 11.9776837 ], [ 108.4357752, 11.9776134 ], [ 108.4357962, 11.9775447 ], [ 108.4358231, 11.9774804 ], [ 108.4358563, 11.977419 ], [ 108.4358954, 11.977361 ], [ 108.4359035, 11.9772544 ], [ 108.4359178, 11.9771485 ], [ 108.4359384, 11.9770435 ], [ 108.4359683, 11.976929 ], [ 108.4360056, 11.9768167 ], [ 108.4360503, 11.9767069 ], [ 108.436102, 11.9766001 ], [ 108.4364265, 11.976629 ], [ 108.4366679, 11.9763351 ], [ 108.4367135, 11.9761567 ], [ 108.4370676, 11.9757788 ], [ 108.4371138, 11.9757339 ], [ 108.437165, 11.9756944 ], [ 108.4372205, 11.9756608 ], [ 108.437283, 11.9756321 ], [ 108.4373486, 11.975611 ], [ 108.4374163, 11.9755978 ], [ 108.4378347, 11.9755611 ], [ 108.4379527, 11.9754719 ], [ 108.4382692, 11.9754666 ], [ 108.4383228, 11.9757762 ], [ 108.4386367, 11.9756896 ], [ 108.439106, 11.9755873 ], [ 108.4390846, 11.9751308 ], [ 108.4391775, 11.9751398 ], [ 108.4392697, 11.9751544 ], [ 108.4393589, 11.975174 ], [ 108.4394467, 11.975199 ], [ 108.4395478, 11.9752248 ], [ 108.4396509, 11.9752415 ], [ 108.4397551, 11.9752488 ], [ 108.4398588, 11.9752468 ], [ 108.4399619, 11.9752356 ], [ 108.4400635, 11.9752152 ], [ 108.4401628, 11.9751859 ], [ 108.4405544, 11.9750337 ], [ 108.4403332, 11.9747464 ], [ 108.4402272, 11.9747418 ], [ 108.4400421, 11.9746611 ], [ 108.4394252, 11.9745535 ], [ 108.4387118, 11.97448 ], [ 108.4380358, 11.9744748 ], [ 108.4376281, 11.9743541 ], [ 108.4371266, 11.9742334 ], [ 108.4369925, 11.9741442 ], [ 108.4368985, 11.9741371 ], [ 108.4368053, 11.9741231 ], [ 108.4367135, 11.9741022 ], [ 108.4366328, 11.9740777 ], [ 108.436554, 11.974048 ], [ 108.4364775, 11.974013 ], [ 108.4363357, 11.9739472 ], [ 108.4361971, 11.9738753 ], [ 108.4360619, 11.9737975 ], [ 108.4359303, 11.9737139 ], [ 108.4358136, 11.9736327 ], [ 108.4357004, 11.9735469 ], [ 108.4355908, 11.9734567 ], [ 108.4354851, 11.9733623 ], [ 108.4354312, 11.9733091 ], [ 108.4353844, 11.9732499 ], [ 108.4353455, 11.9731854 ], [ 108.4353149, 11.9731168 ], [ 108.4352932, 11.973045 ], [ 108.4352807, 11.9729712 ], [ 108.4352776, 11.9728964 ], [ 108.4352839, 11.9728218 ], [ 108.4352983, 11.9727528 ], [ 108.4353209, 11.972686 ], [ 108.4353511, 11.9726221 ], [ 108.4353887, 11.9725621 ], [ 108.4354332, 11.9725067 ], [ 108.4354839, 11.9724568 ], [ 108.4355402, 11.9724129 ], [ 108.4356012, 11.9723757 ], [ 108.4356663, 11.9723457 ], [ 108.4357345, 11.9723232 ], [ 108.4356031, 11.9721396 ], [ 108.4356138, 11.9721055 ], [ 108.4353617, 11.9719401 ], [ 108.4355172, 11.9716541 ], [ 108.4356567, 11.9714547 ], [ 108.4356755, 11.9711714 ], [ 108.4355414, 11.9711609 ], [ 108.435528, 11.9708945 ], [ 108.4354643, 11.9705698 ], [ 108.4355012, 11.9704668 ], [ 108.4354958, 11.9700483 ], [ 108.4354556, 11.969639 ], [ 108.4354525, 11.9695816 ], [ 108.4354579, 11.9695243 ], [ 108.4354717, 11.9694685 ], [ 108.4354951, 11.9694118 ], [ 108.4355272, 11.9693593 ], [ 108.4355671, 11.9693122 ], [ 108.4356138, 11.9692717 ], [ 108.4356817, 11.9691964 ], [ 108.4357453, 11.9691176 ], [ 108.4358042, 11.9690355 ], [ 108.4358651, 11.9689392 ], [ 108.4359197, 11.9688394 ], [ 108.4359679, 11.9687364 ], [ 108.4360025, 11.9686541 ], [ 108.4360437, 11.9685748 ], [ 108.4360912, 11.9684989 ], [ 108.436136, 11.968438 ], [ 108.4361848, 11.9683802 ], [ 108.4362374, 11.9683257 ], [ 108.4358042, 11.9679702 ], [ 108.4355548, 11.9677341 ], [ 108.4354469, 11.9676714 ], [ 108.4353429, 11.9676029 ], [ 108.4352641, 11.967545 ], [ 108.4351881, 11.9674837 ], [ 108.4351149, 11.9674192 ], [ 108.4350581, 11.9673706 ], [ 108.4349979, 11.9673263 ], [ 108.4349344, 11.9672864 ], [ 108.4348682, 11.9672513 ], [ 108.4347952, 11.9672193 ], [ 108.43472, 11.967193 ], [ 108.4346428, 11.9671725 ], [ 108.434603, 11.9671692 ], [ 108.4345641, 11.9671601 ], [ 108.434527, 11.9671454 ], [ 108.4344926, 11.9671253 ], [ 108.4344554, 11.9670943 ], [ 108.4344247, 11.9670572 ], [ 108.4344014, 11.9670151 ], [ 108.434321, 11.9667475 ], [ 108.4342968, 11.9665559 ], [ 108.4343359, 11.9664705 ], [ 108.4343693, 11.9663827 ], [ 108.4343978, 11.9662894 ], [ 108.43442, 11.9661943 ], [ 108.4344357, 11.966098 ], [ 108.434452, 11.9659672 ], [ 108.4344605, 11.9658356 ], [ 108.4344616, 11.9657313 ], [ 108.4344578, 11.965627 ], [ 108.4344112, 11.9651836 ], [ 108.4344001, 11.9643164 ], [ 108.4340876, 11.9638664 ], [ 108.4339347, 11.9636283 ], [ 108.4339177, 11.963589 ], [ 108.433906, 11.9635478 ], [ 108.4338999, 11.9635056 ], [ 108.4338995, 11.9634601 ], [ 108.4339056, 11.963415 ], [ 108.433918, 11.9633711 ], [ 108.4340434, 11.9631041 ], [ 108.4340488, 11.9630787 ], [ 108.4340514, 11.963053 ], [ 108.4340511, 11.9630246 ], [ 108.4340474, 11.9629965 ], [ 108.4340464, 11.9629612 ], [ 108.43405, 11.962926 ], [ 108.4340581, 11.9628916 ], [ 108.4340748, 11.9628499 ], [ 108.4340982, 11.9628115 ], [ 108.4341277, 11.9627773 ], [ 108.4341624, 11.9627482 ], [ 108.4342015, 11.9627249 ], [ 108.4342439, 11.9627082 ], [ 108.4341721, 11.9619207 ], [ 108.4341386, 11.9614117 ], [ 108.4341252, 11.9612421 ], [ 108.4345875, 11.9601456 ], [ 108.4346481, 11.9600175 ], [ 108.4347021, 11.9598866 ], [ 108.4347495, 11.9597533 ], [ 108.4347951, 11.9595988 ], [ 108.4348317, 11.959442 ], [ 108.4348592, 11.9592834 ], [ 108.4348775, 11.9591236 ], [ 108.4348856, 11.9589968 ], [ 108.4348867, 11.9588699 ], [ 108.4348807, 11.958743 ], [ 108.4348679, 11.9586167 ], [ 108.434848, 11.9584912 ], [ 108.4348227, 11.9583725 ], [ 108.4347912, 11.9582553 ], [ 108.4347535, 11.9581398 ], [ 108.4347099, 11.9580263 ], [ 108.4346603, 11.9579152 ], [ 108.4346059, 11.9578013 ], [ 108.434545, 11.9576905 ], [ 108.4344779, 11.9575833 ], [ 108.4344132, 11.9574911 ], [ 108.4343438, 11.9574023 ], [ 108.43427, 11.9573169 ], [ 108.4339535, 11.9569535 ], [ 108.4334761, 11.9563516 ], [ 108.4336263, 11.9560869 ], [ 108.4336883, 11.9559934 ], [ 108.4337269, 11.9559424 ], [ 108.4337678, 11.9558931 ], [ 108.4337947, 11.9558726 ], [ 108.4338251, 11.9558576 ], [ 108.4338573, 11.9558488 ], [ 108.4338907, 11.955846 ], [ 108.4339425, 11.955847 ], [ 108.4339938, 11.955854 ], [ 108.4340494, 11.9558688 ], [ 108.4341025, 11.9558906 ], [ 108.4341522, 11.9559191 ], [ 108.4352531, 11.9567141 ], [ 108.4353939, 11.9568072 ], [ 108.4355161, 11.9568822 ], [ 108.4356406, 11.9569535 ], [ 108.4357197, 11.9569929 ], [ 108.4358014, 11.9570268 ], [ 108.4358854, 11.9570549 ], [ 108.4359712, 11.9570772 ], [ 108.4360751, 11.9570958 ], [ 108.4361801, 11.9571058 ], [ 108.4362857, 11.9571071 ], [ 108.436391, 11.9570998 ], [ 108.436792, 11.9570276 ], [ 108.4368617, 11.9570146 ], [ 108.4369297, 11.956995 ], [ 108.4369955, 11.9569689 ], [ 108.4370531, 11.9569397 ], [ 108.4371079, 11.9569056 ], [ 108.4371593, 11.9568668 ], [ 108.4373277, 11.9566963 ], [ 108.4373832, 11.9566468 ], [ 108.4374443, 11.9566041 ], [ 108.4375102, 11.9565688 ], [ 108.4375799, 11.9565415 ], [ 108.4376499, 11.9565231 ], [ 108.4377216, 11.9565127 ], [ 108.437794, 11.9565104 ], [ 108.4378662, 11.9565163 ], [ 108.4379373, 11.9565304 ], [ 108.4384278, 11.9567194 ], [ 108.4384786, 11.9567355 ], [ 108.4385311, 11.9567457 ], [ 108.4385844, 11.9567498 ], [ 108.4386424, 11.9567474 ], [ 108.4386997, 11.9567378 ], [ 108.4387553, 11.9567213 ], [ 108.4389907, 11.9566262 ], [ 108.4391121, 11.9565705 ], [ 108.4392301, 11.9565081 ], [ 108.4393388, 11.9564426 ], [ 108.4394437, 11.9563713 ], [ 108.4402349, 11.9557737 ], [ 108.4399724, 11.9554342 ], [ 108.4399912, 11.9554158 ], [ 108.4399174, 11.9552754 ], [ 108.4398249, 11.9551436 ], [ 108.4398624, 11.955118 ], [ 108.4397605, 11.9549028 ], [ 108.4395406, 11.954546 ], [ 108.4391677, 11.9541917 ], [ 108.4389612, 11.9538506 ], [ 108.4386943, 11.9534425 ], [ 108.4387332, 11.9534071 ], [ 108.4384114, 11.9528902 ], [ 108.4383577, 11.9526855 ], [ 108.4383027, 11.952551 ], [ 108.4383721, 11.9524714 ], [ 108.4384731, 11.9523605 ], [ 108.4385788, 11.9522538 ], [ 108.438689, 11.9521515 ], [ 108.4387993, 11.9520573 ], [ 108.4389134, 11.9519675 ], [ 108.4390311, 11.9518823 ], [ 108.4391523, 11.9518019 ], [ 108.4392383, 11.9519835 ], [ 108.4393142, 11.9521285 ], [ 108.4393953, 11.9522707 ], [ 108.4394816, 11.95241 ], [ 108.4395981, 11.9525821 ], [ 108.4397224, 11.9527488 ], [ 108.4398544, 11.9529099 ], [ 108.4402373, 11.9533822 ], [ 108.4402931, 11.9534503 ], [ 108.4403538, 11.9535142 ], [ 108.440419, 11.9535738 ], [ 108.4404857, 11.9536266 ], [ 108.440556, 11.9536748 ], [ 108.4406295, 11.9537181 ], [ 108.4412454, 11.9540976 ], [ 108.4413505, 11.9541651 ], [ 108.4414594, 11.9542264 ], [ 108.4415719, 11.9542814 ], [ 108.4416874, 11.9543298 ], [ 108.4418057, 11.9543715 ], [ 108.4419329, 11.954408 ], [ 108.4420622, 11.9544367 ], [ 108.4421931, 11.9544575 ], [ 108.442325, 11.9544703 ], [ 108.4424575, 11.9544751 ], [ 108.4430911, 11.9544521 ], [ 108.4431775, 11.954446 ], [ 108.4432631, 11.9544331 ], [ 108.4433473, 11.9544134 ], [ 108.4434335, 11.9543858 ], [ 108.4435171, 11.9543512 ], [ 108.4435974, 11.9543098 ], [ 108.4440105, 11.9540238 ], [ 108.4446448, 11.9535009 ], [ 108.444732, 11.9534208 ], [ 108.4448124, 11.9533343 ], [ 108.4448757, 11.9532555 ], [ 108.4449335, 11.9531727 ], [ 108.4455963, 11.9521784 ], [ 108.4459195, 11.9518084 ], [ 108.4462538, 11.9513079 ], [ 108.4463062, 11.9512341 ], [ 108.4463622, 11.951163 ], [ 108.4464218, 11.9510947 ], [ 108.4464985, 11.9510158 ], [ 108.44658, 11.9509415 ], [ 108.4466658, 11.9508722 ], [ 108.4467557, 11.950808 ], [ 108.4469058, 11.9507019 ], [ 108.4470605, 11.9506026 ], [ 108.4472197, 11.9505102 ], [ 108.447346, 11.9504434 ], [ 108.4474745, 11.9503809 ], [ 108.4480717, 11.9501067 ], [ 108.4481444, 11.9500678 ], [ 108.448213, 11.9500222 ], [ 108.4482819, 11.949966 ], [ 108.4483446, 11.949903 ], [ 108.4484737, 11.9497616 ], [ 108.448543, 11.9496977 ], [ 108.4486178, 11.9496399 ], [ 108.4486759, 11.9496018 ], [ 108.4487363, 11.9495674 ], [ 108.4487989, 11.949537 ], [ 108.4494714, 11.9492483 ], [ 108.4497162, 11.9493628 ], [ 108.4504263, 11.9497518 ], [ 108.4505038, 11.9497985 ], [ 108.4505779, 11.9498502 ], [ 108.4506383, 11.9498984 ], [ 108.4506959, 11.9499499 ], [ 108.4513758, 11.9506125 ], [ 108.4517071, 11.9511019 ], [ 108.4521247, 11.9509288 ], [ 108.4523411, 11.950835 ], [ 108.4524627, 11.9507844 ], [ 108.452679, 11.9506991 ], [ 108.4527335, 11.9507331 ], [ 108.4527905, 11.9507629 ], [ 108.4528497, 11.9507883 ], [ 108.4529142, 11.9508102 ], [ 108.4529802, 11.9508268 ], [ 108.4530475, 11.9508382 ], [ 108.453103, 11.9508395 ], [ 108.453158, 11.9508316 ], [ 108.4532108, 11.9508148 ], [ 108.4532601, 11.9507896 ], [ 108.4533037, 11.9507571 ], [ 108.4533413, 11.950718 ], [ 108.4533718, 11.9506733 ], [ 108.4537362, 11.9499394 ], [ 108.4537706, 11.9498829 ], [ 108.4538119, 11.9498309 ], [ 108.4538594, 11.9497844 ], [ 108.4539125, 11.9497439 ], [ 108.4539707, 11.94971 ], [ 108.4540327, 11.9496834 ], [ 108.4540976, 11.9496645 ], [ 108.4541664, 11.9496488 ], [ 108.4542361, 11.9496367 ], [ 108.4543018, 11.9496286 ], [ 108.4543678, 11.9496239 ], [ 108.4543943, 11.9492506 ], [ 108.4544054, 11.9488675 ], [ 108.4547641, 11.9488511 ], [ 108.4553093, 11.9487855 ], [ 108.4552755, 11.9486879 ], [ 108.4552449, 11.9485893 ], [ 108.455216, 11.9484845 ], [ 108.4551906, 11.9483787 ], [ 108.4551693, 11.9482497 ], [ 108.4551571, 11.9481196 ], [ 108.4551538, 11.9480115 ], [ 108.4551568, 11.9479033 ], [ 108.4551661, 11.9477955 ], [ 108.4551739, 11.9476807 ], [ 108.4551721, 11.9475656 ], [ 108.4551631, 11.947468 ], [ 108.455147, 11.9473713 ], [ 108.4551242, 11.947276 ], [ 108.454862, 11.9471926 ], [ 108.4548285, 11.947179 ], [ 108.4547975, 11.9471607 ], [ 108.4547695, 11.9471382 ], [ 108.4547429, 11.9471089 ], [ 108.4547214, 11.9470758 ], [ 108.4547058, 11.9470398 ], [ 108.4542706, 11.946019 ], [ 108.4542627, 11.9460037 ], [ 108.4542204, 11.9459216 ], [ 108.4541624, 11.9458283 ], [ 108.4540972, 11.9457398 ], [ 108.454025, 11.9456566 ], [ 108.4539463, 11.9455793 ], [ 108.4538616, 11.9455082 ], [ 108.4537715, 11.9454439 ], [ 108.4536765, 11.9453868 ], [ 108.4535771, 11.9453372 ], [ 108.4534741, 11.9452954 ], [ 108.4534234, 11.9452739 ], [ 108.4533744, 11.9452532 ], [ 108.4532458, 11.9452185 ], [ 108.4532183, 11.9452163 ], [ 108.4531424, 11.9452184 ], [ 108.4530277, 11.9452104 ], [ 108.4529126, 11.9452115 ], [ 108.4527981, 11.9452218 ], [ 108.4526847, 11.9452412 ], [ 108.4525734, 11.9452695 ], [ 108.4524648, 11.9453066 ], [ 108.4521188, 11.9454725 ], [ 108.4520894, 11.9454844 ], [ 108.4520583, 11.945491 ], [ 108.4520266, 11.9454922 ], [ 108.4519951, 11.945488 ], [ 108.4519634, 11.9454778 ], [ 108.4519342, 11.9454622 ], [ 108.4519083, 11.9454416 ], [ 108.4518868, 11.9454168 ], [ 108.4516963, 11.945195 ], [ 108.4515498, 11.945028 ], [ 108.4515106, 11.944972 ], [ 108.4517253, 11.9449156 ], [ 108.4518734, 11.9445639 ], [ 108.4523079, 11.9447384 ], [ 108.4529234, 11.944354 ], [ 108.4527773, 11.9441861 ], [ 108.4530026, 11.9439158 ], [ 108.4529261, 11.9438147 ], [ 108.4530991, 11.943614 ], [ 108.453303, 11.9434382 ], [ 108.4531125, 11.9431968 ], [ 108.4530509, 11.94311 ], [ 108.4529972, 11.9430183 ], [ 108.4529626, 11.9429472 ], [ 108.4529328, 11.942874 ], [ 108.4529201, 11.9428196 ], [ 108.4529121, 11.9427644 ], [ 108.4529087, 11.9427087 ], [ 108.4529112, 11.9426387 ], [ 108.452921, 11.9425693 ], [ 108.4529382, 11.9425014 ], [ 108.452969, 11.9423465 ], [ 108.4529835, 11.942251 ], [ 108.4529945, 11.942155 ], [ 108.4530121, 11.9419567 ], [ 108.4530988, 11.9419733 ], [ 108.4531865, 11.941983 ], [ 108.4532748, 11.9419857 ], [ 108.4533657, 11.9419812 ], [ 108.4534559, 11.9419692 ], [ 108.4536082, 11.9419468 ], [ 108.4536733, 11.941939 ], [ 108.4537388, 11.9419398 ], [ 108.4537982, 11.9419479 ], [ 108.4538561, 11.941963 ], [ 108.4539117, 11.9419849 ], [ 108.4539641, 11.9420132 ], [ 108.4561394, 11.9435287 ], [ 108.4562302, 11.9436017 ], [ 108.4563178, 11.9436783 ], [ 108.4563954, 11.9437518 ], [ 108.45647, 11.9438282 ], [ 108.4566034, 11.9438475 ], [ 108.4570232, 11.9441336 ], [ 108.4570517, 11.9441523 ], [ 108.4570838, 11.9441641 ], [ 108.4571178, 11.9441685 ], [ 108.4571519, 11.9441651 ], [ 108.45718, 11.9441561 ], [ 108.4572057, 11.9441419 ], [ 108.457228, 11.9441231 ], [ 108.4572461, 11.9441003 ], [ 108.4572592, 11.9440745 ], [ 108.4574574, 11.9435125 ], [ 108.4577197, 11.9436348 ], [ 108.4579858, 11.9437489 ], [ 108.4582555, 11.9438547 ], [ 108.4593071, 11.9442038 ], [ 108.4604035, 11.9445341 ], [ 108.4605613, 11.9445804 ], [ 108.4607165, 11.9446345 ], [ 108.4608687, 11.9446962 ], [ 108.4610175, 11.9447655 ], [ 108.4611624, 11.9448422 ], [ 108.4613032, 11.9449259 ], [ 108.4614395, 11.9450166 ], [ 108.4615564, 11.9451028 ], [ 108.4616093, 11.9451456 ], [ 108.4616693, 11.9451941 ], [ 108.4617778, 11.9452904 ], [ 108.4618818, 11.9453913 ], [ 108.4640124, 11.9475731 ], [ 108.4648881, 11.9467734 ], [ 108.4646004, 11.9462027 ], [ 108.4648231, 11.9460925 ], [ 108.4649988, 11.9459318 ], [ 108.4650398, 11.9459048 ], [ 108.4650846, 11.9458845 ], [ 108.465131, 11.9458716 ], [ 108.4651788, 11.9458658 ], [ 108.4652611, 11.9458548 ], [ 108.465625, 11.9457192 ], [ 108.4658946, 11.9456385 ], [ 108.4661192, 11.9455126 ], [ 108.4662765, 11.9457284 ], [ 108.4663596, 11.9457993 ], [ 108.4664458, 11.9458665 ], [ 108.4665576, 11.9459449 ], [ 108.4666738, 11.946017 ], [ 108.4668659, 11.9461483 ], [ 108.4668948, 11.9461721 ], [ 108.4669184, 11.946201 ], [ 108.4669356, 11.9462339 ], [ 108.466945, 11.9462642 ], [ 108.4669489, 11.9462957 ], [ 108.4669474, 11.9463273 ], [ 108.466938, 11.9464651 ], [ 108.4670547, 11.9465084 ], [ 108.467123, 11.9465375 ], [ 108.4671892, 11.9465708 ], [ 108.4672531, 11.9466081 ], [ 108.4673283, 11.9466595 ], [ 108.4673991, 11.9467165 ], [ 108.467465, 11.9467787 ], [ 108.4676903, 11.9469808 ], [ 108.4677458, 11.9470269 ], [ 108.4678057, 11.9470673 ], [ 108.4678736, 11.9471038 ], [ 108.4679452, 11.947133 ], [ 108.4680292, 11.9471536 ], [ 108.4681115, 11.9471802 ], [ 108.4681891, 11.9472116 ], [ 108.4682643, 11.9472484 ], [ 108.4682925, 11.9472688 ], [ 108.468323, 11.9472855 ], [ 108.4683555, 11.9472983 ], [ 108.4683924, 11.9473073 ], [ 108.4684303, 11.9473113 ], [ 108.4684683, 11.94731 ], [ 108.4685057, 11.9473035 ], [ 108.4686046, 11.9472923 ], [ 108.4687039, 11.9472862 ], [ 108.4688035, 11.9472851 ], [ 108.4689149, 11.9472901 ], [ 108.4690259, 11.9473015 ], [ 108.4691361, 11.9473193 ], [ 108.4696445, 11.9473787 ], [ 108.4697191, 11.9473837 ], [ 108.4697939, 11.9473827 ], [ 108.4698683, 11.9473757 ], [ 108.4699492, 11.9473611 ], [ 108.4700285, 11.9473396 ], [ 108.4701054, 11.9473111 ], [ 108.4701794, 11.947276 ], [ 108.470284, 11.9472257 ], [ 108.4703914, 11.9471815 ], [ 108.4705013, 11.9471434 ], [ 108.4706203, 11.9471099 ], [ 108.4707411, 11.9470837 ], [ 108.4708634, 11.9470647 ], [ 108.4710431, 11.9470464 ], [ 108.4710243, 11.9471802 ], [ 108.4712121, 11.9475659 ], [ 108.471306, 11.9475686 ], [ 108.4714669, 11.9477864 ], [ 108.4714374, 11.9480278 ], [ 108.4715057, 11.9481043 ], [ 108.4715791, 11.9481761 ], [ 108.4716573, 11.9482429 ], [ 108.4717418, 11.9483057 ], [ 108.4718304, 11.9483627 ], [ 108.4719229, 11.9484135 ], [ 108.4720177, 11.9484514 ], [ 108.4721108, 11.9484935 ], [ 108.4722018, 11.9485395 ], [ 108.4723277, 11.9486117 ], [ 108.4724486, 11.9486917 ], [ 108.4728831, 11.9491273 ], [ 108.4730735, 11.9492362 ], [ 108.4730715, 11.9491607 ], [ 108.4732278, 11.9490984 ], [ 108.4735295, 11.9497282 ], [ 108.4736064, 11.9496813 ], [ 108.4736791, 11.9496286 ], [ 108.4737473, 11.9495702 ], [ 108.473817, 11.9494996 ], [ 108.47388, 11.9494231 ], [ 108.4739357, 11.9493414 ], [ 108.4739838, 11.9492552 ], [ 108.4741317, 11.9489685 ], [ 108.4747365, 11.9490702 ], [ 108.4747704, 11.9491065 ], [ 108.4748, 11.9491463 ], [ 108.474825, 11.9491889 ], [ 108.4748454, 11.9492349 ], [ 108.4748605, 11.9492827 ], [ 108.4748652, 11.9493157 ], [ 108.4748673, 11.949349 ], [ 108.4748664, 11.9493844 ], [ 108.4748625, 11.9494196 ], [ 108.474848, 11.9495064 ], [ 108.4748264, 11.9495917 ], [ 108.4748011, 11.9496666 ], [ 108.4747704, 11.9497396 ], [ 108.4747345, 11.9498102 ], [ 108.4744371, 11.9503609 ], [ 108.4739422, 11.9512295 ], [ 108.4741055, 11.9513407 ], [ 108.4741089, 11.9513971 ], [ 108.4761795, 11.9528744 ], [ 108.4762992, 11.952957 ], [ 108.4764243, 11.9530314 ], [ 108.4765542, 11.9530974 ], [ 108.4766885, 11.9531546 ], [ 108.4768121, 11.9531982 ], [ 108.4769383, 11.9532343 ], [ 108.4770664, 11.9532629 ], [ 108.4771961, 11.9532838 ], [ 108.4771639, 11.9534143 ], [ 108.477003, 11.9534485 ], [ 108.4769064, 11.9534683 ], [ 108.4768085, 11.9534803 ], [ 108.4767099, 11.9534845 ], [ 108.4766027, 11.9534802 ], [ 108.4764962, 11.9534666 ], [ 108.4763914, 11.9534439 ], [ 108.476659, 11.953705 ], [ 108.4767111, 11.9537538 ], [ 108.4767656, 11.9538001 ], [ 108.4768271, 11.953847 ], [ 108.476891, 11.9538906 ], [ 108.4778747, 11.954525 ], [ 108.477918, 11.9545529 ], [ 108.477958, 11.9545852 ], [ 108.4779942, 11.9546215 ], [ 108.4780262, 11.9546614 ], [ 108.4780569, 11.9547103 ], [ 108.4780712, 11.9547354 ], [ 108.4780812, 11.9547624 ], [ 108.4780867, 11.954792 ], [ 108.4780869, 11.954822 ], [ 108.4780819, 11.9548517 ], [ 108.4780719, 11.954883 ], [ 108.4782469, 11.9548956 ], [ 108.4784299, 11.9547959 ], [ 108.4784428, 11.9547927 ], [ 108.4784561, 11.9547929 ], [ 108.4784688, 11.9547966 ], [ 108.4784825, 11.9548053 ], [ 108.4784926, 11.954818 ], [ 108.478498, 11.9548331 ], [ 108.4786043, 11.9551948 ], [ 108.4787296, 11.9551888 ], [ 108.4789583, 11.955223 ], [ 108.4793392, 11.955223 ], [ 108.4794186, 11.9551872 ], [ 108.4795006, 11.9551574 ], [ 108.4795846, 11.9551337 ], [ 108.4796695, 11.9551165 ], [ 108.4797555, 11.9551056 ], [ 108.4798421, 11.9551009 ], [ 108.4799024, 11.9551259 ], [ 108.4806132, 11.9550891 ], [ 108.4810504, 11.9548136 ], [ 108.4813924, 11.9545433 ], [ 108.4814577, 11.9544962 ], [ 108.4815265, 11.9544541 ], [ 108.4816132, 11.9544107 ], [ 108.4817035, 11.9543754 ], [ 108.4819436, 11.9542822 ], [ 108.4821072, 11.9542061 ], [ 108.4821462, 11.9541913 ], [ 108.4821863, 11.9541799 ], [ 108.4822389, 11.9541704 ], [ 108.4822923, 11.9541668 ], [ 108.4826745, 11.9541248 ], [ 108.4828985, 11.954113 ], [ 108.4830835, 11.9541104 ], [ 108.4831361, 11.9541062 ], [ 108.4831882, 11.9540986 ], [ 108.4832382, 11.9540877 ], [ 108.4832874, 11.9540736 ], [ 108.4833165, 11.9540642 ], [ 108.4833464, 11.9540579 ], [ 108.4833825, 11.9540544 ], [ 108.4834188, 11.9540553 ], [ 108.4834659, 11.954056 ], [ 108.4835127, 11.9540513 ], [ 108.483573, 11.9540369 ], [ 108.4835948, 11.9540244 ], [ 108.4836146, 11.9540093 ], [ 108.4836327, 11.9539914 ], [ 108.4836481, 11.9539713 ], [ 108.4836588, 11.9539606 ], [ 108.4836709, 11.9539516 ], [ 108.4836884, 11.9539427 ], [ 108.4837072, 11.9539372 ], [ 108.483797, 11.9539096 ], [ 108.4838932, 11.9538362 ], [ 108.484019, 11.9539372 ], [ 108.4840787, 11.9539962 ], [ 108.4841362, 11.9540573 ], [ 108.4841862, 11.9541142 ], [ 108.4842342, 11.9541727 ], [ 108.4848203, 11.9542219 ], [ 108.4849416, 11.9542366 ], [ 108.485062, 11.9542571 ], [ 108.4851812, 11.9542832 ], [ 108.485299, 11.954315 ], [ 108.4854167, 11.954353 ], [ 108.4855324, 11.9543965 ], [ 108.4856457, 11.9544456 ], [ 108.4857564, 11.9545 ], [ 108.4861755, 11.9547683 ], [ 108.4862395, 11.9548128 ], [ 108.4862998, 11.954862 ], [ 108.4863559, 11.9549158 ], [ 108.4864075, 11.9549737 ], [ 108.4864562, 11.9550381 ], [ 108.4864993, 11.9551063 ], [ 108.4865366, 11.9551777 ], [ 108.4865677, 11.9552518 ], [ 108.4867716, 11.9557104 ], [ 108.4868023, 11.9558099 ], [ 108.4868292, 11.9559105 ], [ 108.4868542, 11.9560199 ], [ 108.4868748, 11.9561302 ], [ 108.4869902, 11.9566163 ], [ 108.4870224, 11.9569607 ], [ 108.4872007, 11.9573182 ], [ 108.4872313, 11.9573735 ], [ 108.4872657, 11.9574265 ], [ 108.4873038, 11.9574771 ], [ 108.487351, 11.9575308 ], [ 108.4874024, 11.9575807 ], [ 108.4874576, 11.9576266 ], [ 108.4874879, 11.9576302 ], [ 108.4877291, 11.9575898 ], [ 108.4877842, 11.9575727 ], [ 108.4878407, 11.9575609 ], [ 108.4878981, 11.9575544 ], [ 108.4879555, 11.9575533 ], [ 108.4880128, 11.9575576 ], [ 108.4880694, 11.9575671 ], [ 108.4881248, 11.957582 ], [ 108.4883514, 11.957679 ], [ 108.4884801, 11.9578496 ], [ 108.4887859, 11.958112 ], [ 108.4889375, 11.9581632 ], [ 108.4889857, 11.9582681 ], [ 108.4891574, 11.9584125 ], [ 108.4893733, 11.9583377 ], [ 108.4891346, 11.9588297 ], [ 108.4891256, 11.9588645 ], [ 108.4891252, 11.9589005 ], [ 108.4891314, 11.9589296 ], [ 108.4891433, 11.9589569 ], [ 108.4891465, 11.9589705 ], [ 108.4891467, 11.9589845 ], [ 108.4891425, 11.9590014 ], [ 108.4891339, 11.9590166 ], [ 108.4891186, 11.9590574 ], [ 108.4891091, 11.9590999 ], [ 108.4891057, 11.9591417 ], [ 108.489108, 11.9591834 ], [ 108.4891158, 11.9592246 ], [ 108.4891324, 11.959283 ], [ 108.4891534, 11.95934 ], [ 108.4891869, 11.9594111 ], [ 108.4892272, 11.9594787 ], [ 108.4892741, 11.9595421 ], [ 108.4893531, 11.9597019 ], [ 108.4894364, 11.9598596 ], [ 108.489508, 11.9599876 ], [ 108.4895825, 11.9601141 ], [ 108.4898883, 11.960492 ], [ 108.4899205, 11.9605424 ], [ 108.4899574, 11.9605897 ], [ 108.4900005, 11.9606351 ], [ 108.4900479, 11.9606762 ], [ 108.4900992, 11.9607126 ], [ 108.4901538, 11.9607439 ], [ 108.4906474, 11.9610732 ], [ 108.490709, 11.9611098 ], [ 108.4907751, 11.961138 ], [ 108.4908445, 11.9611571 ], [ 108.4909079, 11.9611663 ], [ 108.490972, 11.961168 ], [ 108.4910358, 11.9611622 ], [ 108.4910985, 11.9611489 ], [ 108.4914048, 11.9610568 ], [ 108.4917377, 11.9609295 ], [ 108.4918182, 11.9611138 ], [ 108.4921011, 11.961022 ], [ 108.492156, 11.9610118 ], [ 108.4922116, 11.9610066 ], [ 108.4922674, 11.9610063 ], [ 108.4923326, 11.9610122 ], [ 108.4923968, 11.961025 ], [ 108.4924592, 11.9610443 ], [ 108.4926389, 11.9611138 ], [ 108.4928401, 11.9610561 ], [ 108.4928977, 11.9607281 ], [ 108.4953386, 11.9598622 ], [ 108.495938, 11.9597861 ], [ 108.4960079, 11.9597835 ], [ 108.4960775, 11.95979 ], [ 108.4961417, 11.9598045 ], [ 108.4962036, 11.9598268 ], [ 108.4962476, 11.9598337 ], [ 108.4962921, 11.959836 ], [ 108.4963441, 11.9598326 ], [ 108.4963953, 11.9598228 ], [ 108.4966367, 11.9597782 ], [ 108.4969398, 11.9599882 ], [ 108.4969614, 11.9600154 ], [ 108.4969787, 11.9600455 ], [ 108.4969913, 11.9600778 ], [ 108.4969988, 11.9601115 ], [ 108.4970011, 11.9601533 ], [ 108.4969957, 11.9601949 ], [ 108.4969828, 11.9602348 ], [ 108.4969649, 11.9602781 ], [ 108.4969522, 11.9603231 ], [ 108.4969447, 11.9603692 ], [ 108.4969425, 11.9604159 ], [ 108.4969469, 11.9604706 ], [ 108.4969586, 11.9605242 ], [ 108.4969774, 11.9605759 ], [ 108.497031, 11.960694 ], [ 108.4970325, 11.9607243 ], [ 108.4970283, 11.9607544 ], [ 108.4970194, 11.9607818 ], [ 108.4970059, 11.9608075 ], [ 108.4969881, 11.9608305 ], [ 108.4969356, 11.9608719 ], [ 108.4968781, 11.9609066 ], [ 108.4968218, 11.9609321 ], [ 108.4967628, 11.9609512 ], [ 108.4967286, 11.9609654 ], [ 108.4966978, 11.9609857 ], [ 108.4966716, 11.9610115 ], [ 108.496655, 11.9610347 ], [ 108.4966421, 11.9610601 ], [ 108.4966417, 11.9610775 ], [ 108.4966458, 11.9610945 ], [ 108.4966542, 11.9611099 ], [ 108.4966702, 11.9611258 ], [ 108.4966906, 11.9611357 ], [ 108.4967132, 11.9611388 ], [ 108.4968647, 11.961148 ], [ 108.4968979, 11.9611516 ], [ 108.4969303, 11.9611595 ], [ 108.4969613, 11.9611716 ], [ 108.4969892, 11.9611869 ], [ 108.4970149, 11.9612057 ], [ 108.4970305, 11.9612197 ], [ 108.4970418, 11.9612372 ], [ 108.4970486, 11.9612617 ], [ 108.4970471, 11.961287 ], [ 108.4970488, 11.9613174 ], [ 108.4970538, 11.9613474 ], [ 108.4970641, 11.9613824 ], [ 108.497079, 11.9614158 ], [ 108.4970981, 11.9614471 ], [ 108.4971331, 11.961479 ], [ 108.4971631, 11.9615155 ], [ 108.4971873, 11.9615559 ], [ 108.4972054, 11.9615993 ], [ 108.4972163, 11.9616418 ], [ 108.4972213, 11.9616854 ], [ 108.4972202, 11.9617292 ], [ 108.4972131, 11.9617725 ], [ 108.4972, 11.9618145 ], [ 108.4971815, 11.9618553 ], [ 108.4971572, 11.9618932 ], [ 108.4971276, 11.9619273 ], [ 108.4970921, 11.9619577 ], [ 108.4970524, 11.9619826 ], [ 108.4970094, 11.9620014 ], [ 108.496964, 11.9620139 ], [ 108.4968889, 11.9620217 ], [ 108.4968766, 11.9620276 ], [ 108.4968661, 11.9620362 ], [ 108.4968577, 11.9620478 ], [ 108.4968527, 11.9620611 ], [ 108.4968505, 11.9620913 ], [ 108.496854, 11.9621215 ], [ 108.4968636, 11.9621521 ], [ 108.496879, 11.9621805 ], [ 108.4968996, 11.9622054 ], [ 108.4969988, 11.9623051 ], [ 108.4970159, 11.9623353 ], [ 108.4970267, 11.962368 ], [ 108.497031, 11.9624022 ], [ 108.4970292, 11.962433 ], [ 108.4970219, 11.962463 ], [ 108.4970096, 11.9624914 ], [ 108.4969425, 11.9625597 ], [ 108.4969134, 11.9625905 ], [ 108.4968907, 11.9626261 ], [ 108.4968752, 11.9626653 ], [ 108.4968674, 11.9627066 ], [ 108.4968674, 11.9627451 ], [ 108.4968741, 11.962783 ], [ 108.4968874, 11.9628192 ], [ 108.4969068, 11.9628527 ], [ 108.4969318, 11.9628824 ], [ 108.4969776, 11.9629318 ], [ 108.497019, 11.9629849 ], [ 108.4970556, 11.9630411 ], [ 108.4970874, 11.9631002 ], [ 108.4971179, 11.9631724 ], [ 108.497141, 11.9632471 ], [ 108.4971544, 11.9633547 ], [ 108.4971676, 11.9634391 ], [ 108.4971901, 11.9635217 ], [ 108.4972215, 11.9636014 ], [ 108.4972535, 11.9636637 ], [ 108.497291, 11.9637231 ], [ 108.4973337, 11.9637791 ], [ 108.4973813, 11.9638311 ], [ 108.4974334, 11.9638788 ], [ 108.4975004, 11.9638727 ], [ 108.4975677, 11.9638734 ], [ 108.4976345, 11.9638808 ], [ 108.4976934, 11.9638931 ], [ 108.497751, 11.9639107 ], [ 108.4978066, 11.9639333 ], [ 108.4978598, 11.9639608 ], [ 108.4979394, 11.9640138 ], [ 108.4980147, 11.9640725 ], [ 108.4980851, 11.9641366 ], [ 108.4981564, 11.9642127 ], [ 108.4982209, 11.9642942 ], [ 108.4982783, 11.9643807 ], [ 108.4983909, 11.9645591 ], [ 108.4985384, 11.964727 ], [ 108.4986886, 11.9649028 ], [ 108.4987441, 11.9649674 ], [ 108.4988041, 11.9650278 ], [ 108.4988683, 11.9650839 ], [ 108.498938, 11.9651363 ], [ 108.4990115, 11.9651837 ], [ 108.4990883, 11.9652256 ], [ 108.4995416, 11.9654827 ], [ 108.4995797, 11.9655093 ], [ 108.4996113, 11.9655431 ], [ 108.4996318, 11.9655757 ], [ 108.4996462, 11.9656113 ], [ 108.49965, 11.9656782 ], [ 108.4996462, 11.9657451 ], [ 108.4996334, 11.9658175 ], [ 108.4996119, 11.9658878 ], [ 108.4995818, 11.965955 ], [ 108.4993833, 11.9662883 ], [ 108.4993594, 11.9663309 ], [ 108.4993316, 11.9663713 ], [ 108.4993002, 11.966409 ], [ 108.4992643, 11.9664448 ], [ 108.4992251, 11.9664772 ], [ 108.4991889, 11.9665035 ], [ 108.499157, 11.9665346 ], [ 108.4991302, 11.96657 ], [ 108.4991089, 11.9666089 ], [ 108.4990936, 11.9666504 ], [ 108.4990846, 11.9666949 ], [ 108.4990826, 11.9667402 ], [ 108.4990875, 11.9667853 ], [ 108.4990993, 11.9668292 ], [ 108.4991178, 11.9668708 ], [ 108.4991516, 11.9669808 ], [ 108.499179, 11.9670925 ], [ 108.4991999, 11.9672055 ], [ 108.4992143, 11.9673195 ], [ 108.4992227, 11.9674475 ], [ 108.4992228, 11.9675758 ], [ 108.4992146, 11.9677038 ], [ 108.4991983, 11.9678311 ], [ 108.499319, 11.9679046 ], [ 108.4994236, 11.967923 ], [ 108.4994467, 11.9679154 ], [ 108.4994669, 11.9679019 ], [ 108.4994826, 11.9678836 ], [ 108.4994908, 11.9678672 ], [ 108.4994953, 11.9678494 ], [ 108.499496, 11.9678311 ], [ 108.4995011, 11.9678058 ], [ 108.4995111, 11.9677819 ], [ 108.4995255, 11.9677603 ], [ 108.4995478, 11.9677225 ], [ 108.499563, 11.9676816 ], [ 108.4995707, 11.9676399 ], [ 108.4995711, 11.9675976 ], [ 108.4995711, 11.9674927 ], [ 108.4995847, 11.9674673 ], [ 108.4996045, 11.9674462 ], [ 108.4996291, 11.9674307 ], [ 108.4996569, 11.9674218 ], [ 108.4996864, 11.9674202 ], [ 108.4997153, 11.967426 ], [ 108.4997418, 11.967439 ], [ 108.4997639, 11.9674581 ], [ 108.4997803, 11.9674822 ], [ 108.4998071, 11.9675845 ], [ 108.4998206, 11.9676236 ], [ 108.4998395, 11.9676606 ], [ 108.4998634, 11.9676947 ], [ 108.4998933, 11.9677265 ], [ 108.4999275, 11.9677538 ], [ 108.4999654, 11.967776 ], [ 108.5000619, 11.967839 ], [ 108.5000924, 11.9678573 ], [ 108.5001203, 11.9678793 ], [ 108.5001451, 11.9679046 ], [ 108.5001674, 11.9679345 ], [ 108.5001854, 11.967967 ], [ 108.5001987, 11.9680017 ], [ 108.5002084, 11.9680421 ], [ 108.5002237, 11.9680809 ], [ 108.5002443, 11.9681171 ], [ 108.5002675, 11.9681475 ], [ 108.5002945, 11.9681748 ], [ 108.5003248, 11.9681985 ], [ 108.5005635, 11.96839 ], [ 108.5009471, 11.9685527 ], [ 108.5010006, 11.968582 ], [ 108.5010517, 11.9686153 ], [ 108.5010999, 11.9686524 ], [ 108.5011543, 11.968702 ], [ 108.5012036, 11.9687564 ], [ 108.5012475, 11.9688151 ], [ 108.5013682, 11.9690066 ], [ 108.5013875, 11.9690282 ], [ 108.5014106, 11.9690458 ], [ 108.5014366, 11.9690589 ], [ 108.5014647, 11.969067 ], [ 108.5014988, 11.9690698 ], [ 108.5015327, 11.9690653 ], [ 108.5015647, 11.9690537 ], [ 108.5015935, 11.9690355 ], [ 108.501703, 11.9689543 ], [ 108.501808, 11.9688676 ], [ 108.5019238, 11.9687604 ], [ 108.5020327, 11.9686465 ], [ 108.5020918, 11.9687178 ], [ 108.5021554, 11.9687854 ], [ 108.5022232, 11.968849 ], [ 108.5022949, 11.9689082 ], [ 108.5023599, 11.968956 ], [ 108.5024275, 11.9690002 ], [ 108.5024974, 11.9690408 ], [ 108.5025265, 11.9690563 ], [ 108.5025516, 11.9690775 ], [ 108.5025717, 11.9691033 ], [ 108.5025859, 11.9691326 ], [ 108.5025935, 11.9691637 ], [ 108.5025944, 11.9691956 ], [ 108.5025886, 11.9692271 ], [ 108.5025658, 11.9692979 ], [ 108.5025631, 11.9693132 ], [ 108.5025655, 11.9693286 ], [ 108.5025725, 11.9693425 ], [ 108.5025849, 11.9693546 ], [ 108.5026007, 11.9693619 ], [ 108.5026181, 11.9693635 ], [ 108.5026726, 11.9693605 ], [ 108.5027267, 11.969353 ], [ 108.5027686, 11.9693439 ], [ 108.5028099, 11.969332 ], [ 108.5028245, 11.9693249 ], [ 108.5028407, 11.9693225 ], [ 108.5028569, 11.9693249 ], [ 108.5028715, 11.969332 ], [ 108.502884, 11.9693438 ], [ 108.5028919, 11.9693589 ], [ 108.5028946, 11.9693756 ], [ 108.5028808, 11.9694585 ], [ 108.5028648, 11.9695236 ], [ 108.5028406, 11.969596 ], [ 108.5028102, 11.9696661 ], [ 108.5027736, 11.9697335 ], [ 108.5027698, 11.9697669 ], [ 108.5027564, 11.9697979 ], [ 108.5027347, 11.969824 ], [ 108.5027104, 11.969841 ], [ 108.5026826, 11.9698518 ], [ 108.5026529, 11.9698555 ], [ 108.5026277, 11.9698843 ], [ 108.502606, 11.9699158 ], [ 108.5025863, 11.9699541 ], [ 108.5025719, 11.9699946 ], [ 108.5025631, 11.9700365 ], [ 108.5025644, 11.9700561 ], [ 108.5025711, 11.9700747 ], [ 108.5025825, 11.9700908 ], [ 108.502598, 11.9701034 ], [ 108.5026177, 11.970112 ], [ 108.5026392, 11.9701147 ], [ 108.5026605, 11.9701112 ], [ 108.5026799, 11.970102 ], [ 108.5026959, 11.9700877 ], [ 108.5027539, 11.9700618 ], [ 108.5028139, 11.9700405 ], [ 108.5028794, 11.9700228 ], [ 108.5029461, 11.9700105 ], [ 108.5030137, 11.9700037 ], [ 108.5031282, 11.9699954 ], [ 108.503243, 11.9699959 ], [ 108.5033332, 11.9700023 ], [ 108.5034227, 11.9700142 ], [ 108.5035676, 11.9700798 ], [ 108.5036641, 11.9700798 ], [ 108.5037002, 11.9700999 ], [ 108.5037312, 11.970127 ], [ 108.5037514, 11.9701532 ], [ 108.5037668, 11.9701823 ], [ 108.5037768, 11.9702136 ], [ 108.5038868, 11.9703501 ], [ 108.5038983, 11.9703654 ], [ 108.5039021, 11.9703841 ], [ 108.5038975, 11.9704026 ], [ 108.5038855, 11.9704172 ], [ 108.5038684, 11.9704256 ], [ 108.5038492, 11.9704262 ], [ 108.5035729, 11.9704262 ], [ 108.5035535, 11.9704301 ], [ 108.5035426, 11.9704351 ], [ 108.5035327, 11.9704419 ], [ 108.5034958, 11.9704812 ], [ 108.5034622, 11.9705233 ], [ 108.5034321, 11.9705679 ], [ 108.5034051, 11.9706162 ], [ 108.5033822, 11.9706666 ], [ 108.5033637, 11.9707187 ], [ 108.5033568, 11.9707395 ], [ 108.5033545, 11.9707613 ], [ 108.503357, 11.970783 ], [ 108.5033656, 11.9708067 ], [ 108.5033798, 11.9708276 ], [ 108.5034522, 11.9708827 ], [ 108.5034828, 11.9709254 ], [ 108.5035059, 11.9709725 ], [ 108.5035209, 11.9710225 ], [ 108.5035273, 11.9710743 ], [ 108.5035254, 11.971124 ], [ 108.5035157, 11.9711728 ], [ 108.5034983, 11.9712196 ], [ 108.5034737, 11.9712632 ], [ 108.5034402, 11.9713157 ], [ 108.5034335, 11.9713326 ], [ 108.5034326, 11.9713507 ], [ 108.5034375, 11.9713681 ], [ 108.5034481, 11.9713837 ], [ 108.5034633, 11.971395 ], [ 108.5034814, 11.971401 ], [ 108.5035005, 11.9714009 ], [ 108.5035676, 11.9713891 ], [ 108.5036153, 11.971375 ], [ 108.5036615, 11.9713563 ], [ 108.5037024, 11.9713466 ], [ 108.5037446, 11.9713458 ], [ 108.5037821, 11.9713529 ], [ 108.5038174, 11.9713671 ], [ 108.5038492, 11.9713878 ], [ 108.5039672, 11.971477 ], [ 108.5039951, 11.9714963 ], [ 108.5040269, 11.9715084 ], [ 108.5040608, 11.9715126 ], [ 108.5040946, 11.9715085 ], [ 108.5041236, 11.971498 ], [ 108.5041496, 11.9714814 ], [ 108.5041711, 11.9714596 ], [ 108.5041872, 11.9714337 ], [ 108.5042137, 11.9713935 ], [ 108.5042462, 11.9713576 ], [ 108.5042811, 11.9713288 ], [ 108.5043198, 11.971305 ], [ 108.5043615, 11.9712868 ], [ 108.5044138, 11.9712645 ], [ 108.5044341, 11.9712483 ], [ 108.504458, 11.9712377 ], [ 108.5044838, 11.9712335 ], [ 108.5045099, 11.9712359 ], [ 108.5045345, 11.9712448 ], [ 108.5045578, 11.9712613 ], [ 108.5045754, 11.9712836 ], [ 108.5045859, 11.9713098 ], [ 108.5045885, 11.9713379 ], [ 108.5045828, 11.9713655 ], [ 108.5045707, 11.9713892 ], [ 108.504556, 11.9714114 ], [ 108.5045384, 11.9714322 ], [ 108.5045184, 11.9714508 ], [ 108.5045063, 11.9714683 ], [ 108.5045012, 11.9714888 ], [ 108.5045037, 11.9715098 ], [ 108.5045132, 11.9715283 ], [ 108.5045287, 11.9715425 ], [ 108.5045482, 11.9715507 ], [ 108.5045694, 11.9715518 ], [ 108.5053673, 11.9715859 ], [ 108.5054459, 11.9715947 ], [ 108.505523, 11.9716113 ], [ 108.505598, 11.9716358 ], [ 108.5056611, 11.9716633 ], [ 108.5057213, 11.9716962 ], [ 108.5057782, 11.9717344 ], [ 108.5058314, 11.9717775 ], [ 108.5060942, 11.9719874 ], [ 108.5061269, 11.972016 ], [ 108.5061542, 11.9720495 ], [ 108.5061755, 11.972087 ], [ 108.50619, 11.9721275 ], [ 108.5061975, 11.9721697 ], [ 108.5061979, 11.9722086 ], [ 108.5061924, 11.972247 ], [ 108.506181, 11.9722842 ], [ 108.506164, 11.9723193 ], [ 108.5061477, 11.972351 ], [ 108.5061378, 11.972385 ], [ 108.5061344, 11.9724203 ], [ 108.5061372, 11.9724521 ], [ 108.5061453, 11.972483 ], [ 108.5061586, 11.9725122 ], [ 108.5062525, 11.9726302 ], [ 108.5062921, 11.9726537 ], [ 108.5063355, 11.9726696 ], [ 108.5063812, 11.9726775 ], [ 108.5064188, 11.9726777 ], [ 108.5064561, 11.9726724 ], [ 108.5064921, 11.9726618 ], [ 108.5065261, 11.972646 ], [ 108.5066172, 11.9726072 ], [ 108.5067103, 11.9725731 ], [ 108.506805, 11.9725436 ], [ 108.5069169, 11.9725154 ], [ 108.5070303, 11.9724938 ], [ 108.5071202, 11.9724833 ], [ 108.5071486, 11.9724826 ], [ 108.5071765, 11.9724885 ], [ 108.5072068, 11.9725037 ], [ 108.5072315, 11.9725266 ], [ 108.5072546, 11.9725556 ], [ 108.5072824, 11.9725804 ], [ 108.5073044, 11.9725948 ], [ 108.507328, 11.9726066 ], [ 108.5073548, 11.9726106 ], [ 108.5073792, 11.9726221 ], [ 108.507399, 11.9726401 ], [ 108.5074125, 11.972663 ], [ 108.5074186, 11.9726896 ], [ 108.5074163, 11.9727167 ], [ 108.5074056, 11.9727418 ], [ 108.5073877, 11.9727626 ], [ 108.5073642, 11.9727772 ], [ 108.5073284, 11.9728025 ], [ 108.5072957, 11.9728314 ], [ 108.5072663, 11.9728637 ], [ 108.5072376, 11.9729041 ], [ 108.5072142, 11.9729476 ], [ 108.5071966, 11.9729936 ], [ 108.5071827, 11.9730275 ], [ 108.5071751, 11.9730632 ], [ 108.5071738, 11.9730914 ], [ 108.5071765, 11.9731196 ], [ 108.5071837, 11.9731354 ], [ 108.5071966, 11.9731471 ], [ 108.5072149, 11.9731532 ], [ 108.507328, 11.973155 ], [ 108.5073625, 11.9731627 ], [ 108.5073951, 11.973176 ], [ 108.5074307, 11.9731989 ], [ 108.5074608, 11.9732285 ], [ 108.507548, 11.973357 ], [ 108.5075655, 11.9734072 ], [ 108.5075748, 11.9734594 ], [ 108.5075761, 11.9735016 ], [ 108.507572, 11.9735437 ], [ 108.5075626, 11.9735849 ], [ 108.5075541, 11.9736052 ], [ 108.5075416, 11.9736234 ], [ 108.5075258, 11.9736383 ], [ 108.5075073, 11.9736499 ], [ 108.5074643, 11.973671 ], [ 108.5074192, 11.9736876 ], [ 108.5073573, 11.9737026 ], [ 108.5072938, 11.9737093 ], [ 108.5072891, 11.9737926 ], [ 108.507155, 11.9738385 ], [ 108.5071022, 11.9738856 ], [ 108.507056, 11.9739388 ], [ 108.5070169, 11.9739973 ], [ 108.5069855, 11.9740607 ], [ 108.5069625, 11.9741275 ], [ 108.5069485, 11.9741967 ], [ 108.5068989, 11.9745588 ], [ 108.5072006, 11.9752383 ], [ 108.5072061, 11.9752628 ], [ 108.5072042, 11.9752878 ], [ 108.5071952, 11.9753112 ], [ 108.5071797, 11.9753311 ], [ 108.5071591, 11.9753459 ], [ 108.5071364, 11.9753541 ], [ 108.5071123, 11.9753559 ], [ 108.5070886, 11.9753514 ], [ 108.507067, 11.9753408 ], [ 108.5070491, 11.9753249 ], [ 108.5069767, 11.9752593 ], [ 108.5068972, 11.9751773 ], [ 108.5068238, 11.9750901 ], [ 108.5066722, 11.9750599 ], [ 108.5066256, 11.9750549 ], [ 108.5065788, 11.9750584 ], [ 108.5065335, 11.9750703 ], [ 108.5064912, 11.9750901 ], [ 108.5064515, 11.9751187 ], [ 108.5064183, 11.9751542 ], [ 108.5063926, 11.9751954 ], [ 108.5063756, 11.9752406 ], [ 108.5063678, 11.9752882 ], [ 108.5063598, 11.9756949 ], [ 108.5062069, 11.9759022 ], [ 108.5061626, 11.9759429 ], [ 108.5061144, 11.9759793 ], [ 108.5060629, 11.9760108 ], [ 108.5060084, 11.9760373 ], [ 108.5059451, 11.9760604 ], [ 108.5058796, 11.9760766 ], [ 108.5058637, 11.9760819 ], [ 108.50585, 11.9760914 ], [ 108.5058399, 11.9761045 ], [ 108.505834, 11.9761199 ], [ 108.5058336, 11.9761402 ], [ 108.5058407, 11.9761593 ], [ 108.505868, 11.976189 ], [ 108.5058984, 11.9762157 ], [ 108.505927, 11.9762361 ], [ 108.5059574, 11.9762538 ], [ 108.505991, 11.9762689 ], [ 108.5060209, 11.9762903 ], [ 108.5060458, 11.9763171 ], [ 108.5060647, 11.9763482 ], [ 108.5060773, 11.9763839 ], [ 108.506082, 11.9764214 ], [ 108.5060787, 11.976459 ], [ 108.5060674, 11.9764951 ], [ 108.5060581, 11.9765618 ], [ 108.5060567, 11.976629 ], [ 108.5060633, 11.9766978 ], [ 108.5060781, 11.9767654 ], [ 108.506172, 11.9770671 ], [ 108.506187, 11.9771085 ], [ 108.5061942, 11.9771518 ], [ 108.5061935, 11.9771957 ], [ 108.5061848, 11.9772385 ], [ 108.5061685, 11.9772792 ], [ 108.5061452, 11.9773164 ], [ 108.5060486, 11.9774161 ], [ 108.5059862, 11.9774758 ], [ 108.5059279, 11.9775394 ], [ 108.5058849, 11.9775922 ], [ 108.5058448, 11.977647 ], [ 108.5058025, 11.9777165 ], [ 108.5057563, 11.9777834 ], [ 108.5057172, 11.9778342 ], [ 108.5056758, 11.9778831 ], [ 108.5054666, 11.9780983 ], [ 108.5054152, 11.9781425 ], [ 108.5053677, 11.9781907 ], [ 108.5053244, 11.9782426 ], [ 108.5052843, 11.9783001 ], [ 108.5052493, 11.9783607 ], [ 108.5050374, 11.9787293 ], [ 108.5043441, 11.9787306 ], [ 108.5042895, 11.9787266 ], [ 108.5042356, 11.9787171 ], [ 108.504183, 11.9787022 ], [ 108.5041322, 11.9786821 ], [ 108.504078, 11.9786536 ], [ 108.5040276, 11.9786191 ], [ 108.50398, 11.9786 ], [ 108.5039304, 11.9785866 ], [ 108.5038795, 11.9785791 ], [ 108.503828, 11.9785777 ], [ 108.5037768, 11.9785824 ], [ 108.503719, 11.9785952 ], [ 108.5036636, 11.9786157 ], [ 108.5036117, 11.9786435 ], [ 108.5035641, 11.9786781 ], [ 108.503522, 11.9787188 ], [ 108.5034078, 11.9788056 ], [ 108.5032913, 11.9788894 ], [ 108.5031836, 11.9789628 ], [ 108.503074, 11.9790337 ], [ 108.5030291, 11.9790645 ], [ 108.5029903, 11.9791025 ], [ 108.5029587, 11.9791465 ], [ 108.5029355, 11.9791948 ], [ 108.5029212, 11.9792462 ], [ 108.5029, 11.9792884 ], [ 108.5028739, 11.979328 ], [ 108.5028434, 11.9793643 ], [ 108.5028092, 11.9793964 ], [ 108.5027715, 11.9794246 ], [ 108.5027307, 11.9794482 ], [ 108.5026962, 11.9794763 ], [ 108.5026673, 11.9795099 ], [ 108.5026449, 11.9795479 ], [ 108.5026306, 11.9795863 ], [ 108.5026229, 11.9796265 ], [ 108.5026221, 11.9796673 ], [ 108.5026248, 11.9797644 ], [ 108.5026187, 11.9798214 ], [ 108.502606, 11.9798772 ], [ 108.5025849, 11.9799358 ], [ 108.5025564, 11.9799914 ], [ 108.5024504, 11.980154 ], [ 108.5024199, 11.980202 ], [ 108.5023834, 11.9802459 ], [ 108.5023418, 11.9802851 ], [ 108.5022955, 11.9803189 ], [ 108.5022452, 11.9803469 ], [ 108.502197, 11.9803668 ], [ 108.5021467, 11.9803814 ], [ 108.5020951, 11.9803903 ], [ 108.5020427, 11.9803935 ], [ 108.501997, 11.980405 ], [ 108.5019541, 11.9804242 ], [ 108.5019153, 11.9804505 ], [ 108.5018882, 11.9804761 ], [ 108.501865, 11.9805051 ], [ 108.5018462, 11.980537 ], [ 108.5018322, 11.9805712 ], [ 108.5016485, 11.9812232 ], [ 108.5016475, 11.9812465 ], [ 108.5016525, 11.9812693 ], [ 108.5016632, 11.9812901 ], [ 108.5016816, 11.9813101 ], [ 108.5017051, 11.981324 ], [ 108.5017316, 11.9813308 ], [ 108.5019187, 11.9813846 ], [ 108.5019454, 11.9813986 ], [ 108.5019683, 11.9814181 ], [ 108.5019879, 11.9814453 ], [ 108.5019998, 11.9814764 ], [ 108.5020642, 11.9816483 ], [ 108.5024598, 11.9820419 ], [ 108.5024482, 11.9821513 ], [ 108.5024456, 11.9822613 ], [ 108.5024522, 11.9823711 ], [ 108.5024679, 11.98248 ], [ 108.5024888, 11.9825735 ], [ 108.5025165, 11.9826653 ], [ 108.5025507, 11.982755 ], [ 108.5025912, 11.9828421 ], [ 108.5028058, 11.9831675 ], [ 108.5028971, 11.9831975 ], [ 108.502985, 11.9832361 ], [ 108.5030687, 11.9832829 ], [ 108.5031321, 11.983326 ], [ 108.503192, 11.9833738 ], [ 108.5032478, 11.983426 ], [ 108.5032994, 11.9834823 ], [ 108.5036159, 11.9837972 ], [ 108.5036749, 11.9838487 ], [ 108.5037378, 11.9838958 ], [ 108.503804, 11.9839382 ], [ 108.5038733, 11.9839756 ], [ 108.5039429, 11.9840068 ], [ 108.5040147, 11.9840331 ], [ 108.5040882, 11.9840542 ], [ 108.504163, 11.98407 ], [ 108.5048926, 11.9842406 ], [ 108.5048932, 11.9843077 ], [ 108.5048859, 11.9843744 ], [ 108.5048758, 11.9844214 ], [ 108.5048617, 11.9844675 ], [ 108.5048575, 11.9845002 ], [ 108.5048591, 11.9845331 ], [ 108.5048658, 11.9845633 ], [ 108.5048776, 11.984592 ], [ 108.5048939, 11.9846184 ], [ 108.5049198, 11.9846485 ], [ 108.5049404, 11.9846823 ], [ 108.504955, 11.984719 ], [ 108.5049633, 11.9847575 ], [ 108.504965, 11.9847968 ], [ 108.5049608, 11.9848325 ], [ 108.5049512, 11.9848673 ], [ 108.5049364, 11.9849002 ], [ 108.5049167, 11.9849306 ], [ 108.5049018, 11.9849592 ], [ 108.5048937, 11.9849903 ], [ 108.5048926, 11.9850224 ], [ 108.5048974, 11.9850496 ], [ 108.5049073, 11.9850755 ], [ 108.504922, 11.985099 ], [ 108.5049409, 11.9851195 ], [ 108.5049705, 11.9851634 ], [ 108.5049933, 11.9852111 ], [ 108.5050085, 11.9852616 ], [ 108.505016, 11.9853137 ], [ 108.5050153, 11.9853686 ], [ 108.5050059, 11.9854227 ], [ 108.5049881, 11.9854748 ], [ 108.5049623, 11.9855236 ], [ 108.5049158, 11.9856005 ], [ 108.5048761, 11.985681 ], [ 108.5048437, 11.9857646 ], [ 108.5048187, 11.9858506 ], [ 108.5048013, 11.9859383 ], [ 108.5047917, 11.9860272 ], [ 108.50479, 11.9861166 ], [ 108.504796, 11.9862058 ], [ 108.5048108, 11.9862988 ], [ 108.5048342, 11.9863901 ], [ 108.5048658, 11.986479 ], [ 108.5049056, 11.9865647 ], [ 108.504953, 11.9866466 ], [ 108.5050079, 11.9867239 ], [ 108.5048336, 11.9868656 ], [ 108.5047102, 11.9869706 ], [ 108.5046173, 11.987037 ], [ 108.5045197, 11.9870966 ], [ 108.5044178, 11.987149 ], [ 108.5043211, 11.9871905 ], [ 108.5042217, 11.9872255 ], [ 108.5041201, 11.9872539 ], [ 108.5038251, 11.9872749 ], [ 108.50373, 11.9872741 ], [ 108.5036351, 11.9872794 ], [ 108.5035407, 11.9872907 ], [ 108.503427, 11.9873125 ], [ 108.5033154, 11.9873431 ], [ 108.5025832, 11.9876265 ], [ 108.5025363, 11.9876385 ], [ 108.502492, 11.987658 ], [ 108.5024551, 11.9876816 ], [ 108.5024223, 11.9877105 ], [ 108.5023761, 11.9877494 ], [ 108.5023269, 11.9877845 ], [ 108.5022747, 11.9878154 ], [ 108.5022237, 11.9878404 ], [ 108.5021709, 11.9878614 ], [ 108.5021165, 11.9878784 ], [ 108.5020204, 11.9878941 ], [ 108.5019261, 11.9879177 ], [ 108.5018389, 11.9879472 ], [ 108.5017544, 11.9879833 ], [ 108.5010919, 11.9884031 ], [ 108.5007298, 11.9887652 ], [ 108.5004723, 11.9889279 ], [ 108.5001504, 11.9889174 ], [ 108.4992063, 11.9889226 ], [ 108.4991455, 11.9889056 ], [ 108.4990829, 11.9888964 ], [ 108.4990178, 11.9888951 ], [ 108.498953, 11.9889021 ], [ 108.4988898, 11.9889174 ], [ 108.4989166, 11.9892217 ], [ 108.4988844, 11.9893896 ], [ 108.4986538, 11.9896363 ], [ 108.4985518, 11.9899354 ], [ 108.4983708, 11.9903 ], [ 108.4980784, 11.9901951 ], [ 108.4972255, 11.9900219 ], [ 108.4969707, 11.9898724 ], [ 108.4967145, 11.9897596 ], [ 108.4966484, 11.989729 ], [ 108.4965789, 11.9897065 ], [ 108.4965072, 11.9896926 ], [ 108.4964342, 11.9896874 ], [ 108.496368, 11.9896903 ], [ 108.4963024, 11.9897004 ], [ 108.4962384, 11.9897176 ], [ 108.4962223, 11.9897832 ], [ 108.4961602, 11.989788 ], [ 108.4960986, 11.9897982 ], [ 108.4960383, 11.9898137 ], [ 108.4959796, 11.9898343 ], [ 108.4959169, 11.9898632 ], [ 108.4958574, 11.989898 ], [ 108.4958016, 11.9899383 ], [ 108.4957503, 11.9899839 ], [ 108.4956657, 11.9900793 ], [ 108.4955746, 11.9901689 ], [ 108.4954992, 11.9902345 ], [ 108.4954204, 11.9902961 ], [ 108.4951385, 11.990488 ], [ 108.4950623, 11.9905401 ], [ 108.4949975, 11.9905933 ], [ 108.4949376, 11.9906516 ], [ 108.4945771, 11.9910165 ], [ 108.4943488, 11.9910937 ], [ 108.4942793, 11.9911303 ], [ 108.4942134, 11.9911729 ], [ 108.4941517, 11.991221 ], [ 108.4941007, 11.991268 ], [ 108.4940537, 11.9913188 ], [ 108.4940109, 11.9913731 ], [ 108.4938218, 11.9916473 ], [ 108.4935535, 11.9918585 ], [ 108.4935243, 11.9918919 ], [ 108.4935017, 11.99193 ], [ 108.4934865, 11.9919713 ], [ 108.4934797, 11.9920082 ], [ 108.4934788, 11.9920457 ], [ 108.4934838, 11.9920828 ], [ 108.493512, 11.992193 ], [ 108.4935189, 11.9922373 ], [ 108.4935186, 11.9922821 ], [ 108.4935113, 11.9923263 ], [ 108.4934969, 11.9923689 ], [ 108.493476, 11.9924087 ], [ 108.4934489, 11.9924449 ], [ 108.4934143, 11.9924783 ], [ 108.4933745, 11.9925056 ], [ 108.4933307, 11.9925261 ], [ 108.493284, 11.9925392 ], [ 108.4932357, 11.9925446 ], [ 108.493001, 11.9925092 ], [ 108.4929219, 11.9924659 ], [ 108.4923224, 11.9923767 ], [ 108.4922799, 11.9923793 ], [ 108.4922387, 11.9923899 ], [ 108.4922004, 11.9924082 ], [ 108.4921748, 11.9924261 ], [ 108.4921521, 11.9924475 ], [ 108.4921284, 11.9924786 ], [ 108.4921078, 11.9925118 ], [ 108.4920888, 11.9925516 ], [ 108.4920743, 11.9925931 ], [ 108.4920137, 11.9927787 ], [ 108.4919972, 11.9928284 ], [ 108.4919717, 11.9928743 ], [ 108.491938, 11.9929148 ], [ 108.4918973, 11.9929486 ], [ 108.4918595, 11.9929706 ], [ 108.4918187, 11.9929868 ], [ 108.4917758, 11.9929967 ], [ 108.491732, 11.9930002 ], [ 108.4916881, 11.9929972 ], [ 108.4915976, 11.9929901 ], [ 108.4915084, 11.9929736 ], [ 108.4914272, 11.9929499 ], [ 108.4913488, 11.9929185 ], [ 108.4909545, 11.9927388 ], [ 108.4903523, 11.9927086 ], [ 108.4898266, 11.9927821 ], [ 108.4895584, 11.9927663 ], [ 108.4884104, 11.9924016 ], [ 108.4877184, 11.9924069 ], [ 108.4872671, 11.9922389 ], [ 108.4871908, 11.9922021 ], [ 108.4871117, 11.9921714 ], [ 108.4870303, 11.9921471 ], [ 108.4869471, 11.9921293 ], [ 108.4868628, 11.9921183 ], [ 108.4867705, 11.9921139 ], [ 108.4866782, 11.9921175 ], [ 108.4865866, 11.992129 ], [ 108.4864964, 11.9921484 ], [ 108.4864083, 11.9921755 ], [ 108.4849182, 11.9927388 ], [ 108.4848281, 11.9927714 ], [ 108.4847356, 11.9927962 ], [ 108.4846411, 11.9928132 ], [ 108.4845456, 11.9928221 ], [ 108.4844556, 11.9928231 ], [ 108.4843658, 11.9928169 ], [ 108.4842769, 11.9928036 ], [ 108.4841893, 11.9927834 ], [ 108.4817773, 11.9920225 ], [ 108.4817072, 11.9919988 ], [ 108.4816396, 11.9919687 ], [ 108.4815753, 11.9919324 ], [ 108.4815149, 11.9918903 ], [ 108.4814588, 11.9918428 ], [ 108.4814033, 11.9917853 ], [ 108.4813542, 11.9917225 ], [ 108.481312, 11.991655 ], [ 108.4812772, 11.9915837 ], [ 108.4809585, 11.990777 ], [ 108.4809256, 11.9906891 ], [ 108.4808997, 11.9905989 ], [ 108.4808809, 11.9905071 ], [ 108.4808694, 11.9904142 ], [ 108.4808652, 11.9903252 ], [ 108.4808678, 11.9902361 ], [ 108.4808769, 11.9901475 ], [ 108.4808927, 11.9900598 ], [ 108.480915, 11.9899734 ], [ 108.4807204, 11.9901449 ], [ 108.4805194, 11.9903092 ], [ 108.4803838, 11.9904132 ], [ 108.4802458, 11.9905139 ], [ 108.4801207, 11.990609 ], [ 108.479999, 11.990708 ], [ 108.4799307, 11.9907666 ], [ 108.4798568, 11.9908182 ], [ 108.4797836, 11.9908597 ], [ 108.4797063, 11.9908934 ], [ 108.4796258, 11.990919 ], [ 108.479543, 11.9909363 ], [ 108.4794639, 11.9909447 ], [ 108.4793863, 11.9909621 ], [ 108.4793113, 11.9909883 ], [ 108.4792399, 11.9910229 ], [ 108.4791898, 11.9910538 ], [ 108.4791359, 11.9910775 ], [ 108.479079, 11.9910937 ], [ 108.4790409, 11.9911 ], [ 108.4790024, 11.9910976 ], [ 108.4789655, 11.9910866 ], [ 108.4789322, 11.9910675 ], [ 108.4789042, 11.9910414 ], [ 108.4788832, 11.9910098 ], [ 108.4788719, 11.9909807 ], [ 108.4788664, 11.9909501 ], [ 108.478844, 11.9908922 ], [ 108.4788161, 11.9908366 ], [ 108.478783, 11.9907836 ], [ 108.4787427, 11.9907356 ], [ 108.4786959, 11.9906936 ], [ 108.4786435, 11.9906584 ], [ 108.4785867, 11.9906307 ], [ 108.4785265, 11.990611 ], [ 108.478477, 11.9906013 ], [ 108.4784292, 11.9905856 ], [ 108.4783838, 11.9905642 ], [ 108.4783414, 11.9905375 ], [ 108.478295, 11.9904983 ], [ 108.4782448, 11.990464 ], [ 108.4782048, 11.9904416 ], [ 108.4781617, 11.9904256 ], [ 108.4781166, 11.9904164 ], [ 108.4780705, 11.9904142 ], [ 108.4780263, 11.9904188 ], [ 108.4779833, 11.9904299 ], [ 108.4774952, 11.9895051 ], [ 108.4774574, 11.9894659 ], [ 108.4774154, 11.9894311 ], [ 108.4773697, 11.9894012 ], [ 108.4773208, 11.9893765 ], [ 108.4772714, 11.989358 ], [ 108.4772203, 11.9893448 ], [ 108.4771679, 11.9893372 ], [ 108.4771192, 11.989336 ], [ 108.4770713, 11.9893267 ], [ 108.4770258, 11.9893096 ], [ 108.4769894, 11.989289 ], [ 108.4769566, 11.9892635 ], [ 108.4769279, 11.9892335 ], [ 108.4766301, 11.9888819 ], [ 108.4765786, 11.9888358 ], [ 108.4765216, 11.9887963 ], [ 108.47646, 11.9887641 ], [ 108.4763947, 11.9887397 ], [ 108.4763269, 11.9887235 ], [ 108.4762574, 11.9887158 ], [ 108.4761876, 11.9887166 ], [ 108.4761284, 11.9887241 ], [ 108.4760704, 11.9887378 ], [ 108.4760143, 11.9887574 ], [ 108.4759606, 11.9887828 ], [ 108.47591, 11.9888137 ], [ 108.4758189, 11.9888499 ], [ 108.4757257, 11.9888801 ], [ 108.4756306, 11.9889044 ], [ 108.4755341, 11.9889225 ], [ 108.4754366, 11.9889344 ] ] ] } }
]
}
